[2025-07-02 09:23:24] production.INFO: Detected N+1 Query  
[2025-07-02 09:23:24] production.INFO: Model: App\Models\LivraisonInfo
Relation: App\Models\LivraisonPayment
Num-Called: 2
Call-Stack:
#18 \app\Http\Controllers\Admin\LivraisonController.php:39
#19 \vendor\laravel\framework\src\Illuminate\Routing\Controller.php:54
#20 \vendor\laravel\framework\src\Illuminate\Routing\ControllerDispatcher.php:43
#21 \vendor\laravel\framework\src\Illuminate\Routing\Route.php:259
#22 \vendor\laravel\framework\src\Illuminate\Routing\Route.php:205
#23 \vendor\laravel\framework\src\Illuminate\Routing\Router.php:798
#24 \vendor\laravel\framework\src\Illuminate\Pipeline\Pipeline.php:141
#25 \app\Http\Middleware\RedirectIfNotAdmin.php:21
#26 \vendor\laravel\framework\src\Illuminate\Pipeline\Pipeline.php:180
#27 \vendor\laravel\framework\src\Illuminate\Routing\Middleware\SubstituteBindings.php:50
#28 \vendor\laravel\framework\src\Illuminate\Pipeline\Pipeline.php:180
#29 \vendor\laravel\framework\src\Illuminate\Foundation\Http\Middleware\VerifyCsrfToken.php:78
#30 \vendor\laravel\framework\src\Illuminate\Pipeline\Pipeline.php:180
#31 \vendor\laravel\framework\src\Illuminate\View\Middleware\ShareErrorsFromSession.php:49
#32 \vendor\laravel\framework\src\Illuminate\Pipeline\Pipeline.php:180
#33 \vendor\laravel\framework\src\Illuminate\Session\Middleware\StartSession.php:121
#34 \vendor\laravel\framework\src\Illuminate\Session\Middleware\StartSession.php:64
#35 \vendor\laravel\framework\src\Illuminate\Pipeline\Pipeline.php:180
#36 \vendor\laravel\framework\src\Illuminate\Cookie\Middleware\AddQueuedCookiesToResponse.php:37
#37 \vendor\laravel\framework\src\Illuminate\Pipeline\Pipeline.php:180
#38 \vendor\laravel\framework\src\Illuminate\Cookie\Middleware\EncryptCookies.php:67
#39 \vendor\laravel\framework\src\Illuminate\Pipeline\Pipeline.php:180
#40 \vendor\laramin\utility\src\Utility.php:14
#41 \vendor\laravel\framework\src\Illuminate\Pipeline\Pipeline.php:180
#42 \vendor\laravel\framework\src\Illuminate\Pipeline\Pipeline.php:116
#43 \vendor\laravel\framework\src\Illuminate\Routing\Router.php:797
#44 \vendor\laravel\framework\src\Illuminate\Routing\Router.php:776
#45 \vendor\laravel\framework\src\Illuminate\Routing\Router.php:740
#46 \vendor\laravel\framework\src\Illuminate\Routing\Router.php:729
#47 \vendor\laravel\framework\src\Illuminate\Foundation\Http\Kernel.php:190
#48 \vendor\laravel\framework\src\Illuminate\Pipeline\Pipeline.php:141
#49 \vendor\beyondcode\laravel-query-detector\src\QueryDetectorMiddleware.php:33
  
[2025-07-02 09:25:53] production.INFO: Detected N+1 Query  
[2025-07-02 09:25:53] production.INFO: Model: App\Models\LivraisonInfo
Relation: App\Models\LivraisonPayment
Num-Called: 2
Call-Stack:
#18 \app\Http\Controllers\Admin\LivraisonController.php:39
#19 \vendor\laravel\framework\src\Illuminate\Routing\Controller.php:54
#20 \vendor\laravel\framework\src\Illuminate\Routing\ControllerDispatcher.php:43
#21 \vendor\laravel\framework\src\Illuminate\Routing\Route.php:259
#22 \vendor\laravel\framework\src\Illuminate\Routing\Route.php:205
#23 \vendor\laravel\framework\src\Illuminate\Routing\Router.php:798
#24 \vendor\laravel\framework\src\Illuminate\Pipeline\Pipeline.php:141
#25 \app\Http\Middleware\RedirectIfNotAdmin.php:21
#26 \vendor\laravel\framework\src\Illuminate\Pipeline\Pipeline.php:180
#27 \vendor\laravel\framework\src\Illuminate\Routing\Middleware\SubstituteBindings.php:50
#28 \vendor\laravel\framework\src\Illuminate\Pipeline\Pipeline.php:180
#29 \vendor\laravel\framework\src\Illuminate\Foundation\Http\Middleware\VerifyCsrfToken.php:78
#30 \vendor\laravel\framework\src\Illuminate\Pipeline\Pipeline.php:180
#31 \vendor\laravel\framework\src\Illuminate\View\Middleware\ShareErrorsFromSession.php:49
#32 \vendor\laravel\framework\src\Illuminate\Pipeline\Pipeline.php:180
#33 \vendor\laravel\framework\src\Illuminate\Session\Middleware\StartSession.php:121
#34 \vendor\laravel\framework\src\Illuminate\Session\Middleware\StartSession.php:64
#35 \vendor\laravel\framework\src\Illuminate\Pipeline\Pipeline.php:180
#36 \vendor\laravel\framework\src\Illuminate\Cookie\Middleware\AddQueuedCookiesToResponse.php:37
#37 \vendor\laravel\framework\src\Illuminate\Pipeline\Pipeline.php:180
#38 \vendor\laravel\framework\src\Illuminate\Cookie\Middleware\EncryptCookies.php:67
#39 \vendor\laravel\framework\src\Illuminate\Pipeline\Pipeline.php:180
#40 \vendor\laramin\utility\src\Utility.php:14
#41 \vendor\laravel\framework\src\Illuminate\Pipeline\Pipeline.php:180
#42 \vendor\laravel\framework\src\Illuminate\Pipeline\Pipeline.php:116
#43 \vendor\laravel\framework\src\Illuminate\Routing\Router.php:797
#44 \vendor\laravel\framework\src\Illuminate\Routing\Router.php:776
#45 \vendor\laravel\framework\src\Illuminate\Routing\Router.php:740
#46 \vendor\laravel\framework\src\Illuminate\Routing\Router.php:729
#47 \vendor\laravel\framework\src\Illuminate\Foundation\Http\Kernel.php:190
#48 \vendor\laravel\framework\src\Illuminate\Pipeline\Pipeline.php:141
#49 \vendor\beyondcode\laravel-query-detector\src\QueryDetectorMiddleware.php:33
  
[2025-07-02 09:25:53] production.INFO: Model: App\Models\LivraisonInfo
Relation: receiverClient
Num-Called: 20
Call-Stack:
#19 \storage\framework\views\3e9c55642bffdd21e1841909a766e17968a6d2b9.php:86
#21 \vendor\laravel\framework\src\Illuminate\Filesystem\Filesystem.php:110
#22 \vendor\laravel\framework\src\Illuminate\View\Engines\PhpEngine.php:58
#23 \vendor\laravel\framework\src\Illuminate\View\Engines\CompilerEngine.php:70
#24 \vendor\laravel\framework\src\Illuminate\View\View.php:195
#25 \vendor\laravel\framework\src\Illuminate\View\View.php:178
#26 \vendor\laravel\framework\src\Illuminate\View\View.php:147
#27 \vendor\laravel\framework\src\Illuminate\Http\Response.php:69
#28 \vendor\laravel\framework\src\Illuminate\Http\Response.php:35
#29 \vendor\laravel\framework\src\Illuminate\Routing\Router.php:906
#30 \vendor\laravel\framework\src\Illuminate\Routing\Router.php:875
#31 \vendor\laravel\framework\src\Illuminate\Routing\Router.php:797
#32 \vendor\laravel\framework\src\Illuminate\Pipeline\Pipeline.php:141
#33 \app\Http\Middleware\RedirectIfNotAdmin.php:21
#34 \vendor\laravel\framework\src\Illuminate\Pipeline\Pipeline.php:180
#35 \vendor\laravel\framework\src\Illuminate\Routing\Middleware\SubstituteBindings.php:50
#36 \vendor\laravel\framework\src\Illuminate\Pipeline\Pipeline.php:180
#37 \vendor\laravel\framework\src\Illuminate\Foundation\Http\Middleware\VerifyCsrfToken.php:78
#38 \vendor\laravel\framework\src\Illuminate\Pipeline\Pipeline.php:180
#39 \vendor\laravel\framework\src\Illuminate\View\Middleware\ShareErrorsFromSession.php:49
#40 \vendor\laravel\framework\src\Illuminate\Pipeline\Pipeline.php:180
#41 \vendor\laravel\framework\src\Illuminate\Session\Middleware\StartSession.php:121
#42 \vendor\laravel\framework\src\Illuminate\Session\Middleware\StartSession.php:64
#43 \vendor\laravel\framework\src\Illuminate\Pipeline\Pipeline.php:180
#44 \vendor\laravel\framework\src\Illuminate\Cookie\Middleware\AddQueuedCookiesToResponse.php:37
#45 \vendor\laravel\framework\src\Illuminate\Pipeline\Pipeline.php:180
#46 \vendor\laravel\framework\src\Illuminate\Cookie\Middleware\EncryptCookies.php:67
#47 \vendor\laravel\framework\src\Illuminate\Pipeline\Pipeline.php:180
#48 \vendor\laramin\utility\src\Utility.php:14
#49 \vendor\laravel\framework\src\Illuminate\Pipeline\Pipeline.php:180
  
[2025-07-02 12:17:09] production.INFO: Detected N+1 Query  
[2025-07-02 12:17:09] production.INFO: Model: App\Models\LivraisonInfo
Relation: App\Models\Magasin
Num-Called: 4
Call-Stack:
#18 \app\Http\Controllers\Manager\ManagerController.php:48
#19 \app\Http\Controllers\Manager\ManagerController.php:35
#20 \vendor\laravel\framework\src\Illuminate\Routing\Controller.php:54
#21 \vendor\laravel\framework\src\Illuminate\Routing\ControllerDispatcher.php:43
#22 \vendor\laravel\framework\src\Illuminate\Routing\Route.php:259
#23 \vendor\laravel\framework\src\Illuminate\Routing\Route.php:205
#24 \vendor\laravel\framework\src\Illuminate\Routing\Router.php:798
#25 \vendor\laravel\framework\src\Illuminate\Pipeline\Pipeline.php:141
#26 \app\Http\Middleware\Manager.php:20
#27 \vendor\laravel\framework\src\Illuminate\Pipeline\Pipeline.php:180
#28 \app\Http\Middleware\CheckStatus.php:22
#29 \vendor\laravel\framework\src\Illuminate\Pipeline\Pipeline.php:180
#30 \app\Http\Middleware\MaintenanceMode.php:25
#31 \vendor\laravel\framework\src\Illuminate\Pipeline\Pipeline.php:180
#32 \vendor\laravel\framework\src\Illuminate\Routing\Middleware\SubstituteBindings.php:50
#33 \vendor\laravel\framework\src\Illuminate\Pipeline\Pipeline.php:180
#34 \app\Http\Middleware\Authenticate.php:35
#35 \vendor\laravel\framework\src\Illuminate\Pipeline\Pipeline.php:180
#36 \vendor\laravel\framework\src\Illuminate\Foundation\Http\Middleware\VerifyCsrfToken.php:78
#37 \vendor\laravel\framework\src\Illuminate\Pipeline\Pipeline.php:180
#38 \vendor\laravel\framework\src\Illuminate\View\Middleware\ShareErrorsFromSession.php:49
#39 \vendor\laravel\framework\src\Illuminate\Pipeline\Pipeline.php:180
#40 \vendor\laravel\framework\src\Illuminate\Session\Middleware\StartSession.php:121
#41 \vendor\laravel\framework\src\Illuminate\Session\Middleware\StartSession.php:64
#42 \vendor\laravel\framework\src\Illuminate\Pipeline\Pipeline.php:180
#43 \vendor\laravel\framework\src\Illuminate\Cookie\Middleware\AddQueuedCookiesToResponse.php:37
#44 \vendor\laravel\framework\src\Illuminate\Pipeline\Pipeline.php:180
#45 \vendor\laravel\framework\src\Illuminate\Cookie\Middleware\EncryptCookies.php:67
#46 \vendor\laravel\framework\src\Illuminate\Pipeline\Pipeline.php:180
#47 \vendor\laramin\utility\src\Utility.php:14
#48 \vendor\laravel\framework\src\Illuminate\Pipeline\Pipeline.php:180
#49 \vendor\laravel\framework\src\Illuminate\Pipeline\Pipeline.php:116
  
[2025-07-02 12:17:17] production.INFO: Detected N+1 Query  
[2025-07-02 12:17:17] production.INFO: Model: App\Models\LivraisonInfo
Relation: App\Models\LivraisonPayment
Num-Called: 2
Call-Stack:
#17 \app\Http\Controllers\Manager\LivraisonController.php:536
#18 \vendor\laravel\framework\src\Illuminate\Routing\Controller.php:54
#19 \vendor\laravel\framework\src\Illuminate\Routing\ControllerDispatcher.php:43
#20 \vendor\laravel\framework\src\Illuminate\Routing\Route.php:259
#21 \vendor\laravel\framework\src\Illuminate\Routing\Route.php:205
#22 \vendor\laravel\framework\src\Illuminate\Routing\Router.php:798
#23 \vendor\laravel\framework\src\Illuminate\Pipeline\Pipeline.php:141
#24 \app\Http\Middleware\Manager.php:20
#25 \vendor\laravel\framework\src\Illuminate\Pipeline\Pipeline.php:180
#26 \app\Http\Middleware\CheckStatus.php:22
#27 \vendor\laravel\framework\src\Illuminate\Pipeline\Pipeline.php:180
#28 \app\Http\Middleware\MaintenanceMode.php:25
#29 \vendor\laravel\framework\src\Illuminate\Pipeline\Pipeline.php:180
#30 \vendor\laravel\framework\src\Illuminate\Routing\Middleware\SubstituteBindings.php:50
#31 \vendor\laravel\framework\src\Illuminate\Pipeline\Pipeline.php:180
#32 \app\Http\Middleware\Authenticate.php:35
#33 \vendor\laravel\framework\src\Illuminate\Pipeline\Pipeline.php:180
#34 \vendor\laravel\framework\src\Illuminate\Foundation\Http\Middleware\VerifyCsrfToken.php:78
#35 \vendor\laravel\framework\src\Illuminate\Pipeline\Pipeline.php:180
#36 \vendor\laravel\framework\src\Illuminate\View\Middleware\ShareErrorsFromSession.php:49
#37 \vendor\laravel\framework\src\Illuminate\Pipeline\Pipeline.php:180
#38 \vendor\laravel\framework\src\Illuminate\Session\Middleware\StartSession.php:121
#39 \vendor\laravel\framework\src\Illuminate\Session\Middleware\StartSession.php:64
#40 \vendor\laravel\framework\src\Illuminate\Pipeline\Pipeline.php:180
#41 \vendor\laravel\framework\src\Illuminate\Cookie\Middleware\AddQueuedCookiesToResponse.php:37
#42 \vendor\laravel\framework\src\Illuminate\Pipeline\Pipeline.php:180
#43 \vendor\laravel\framework\src\Illuminate\Cookie\Middleware\EncryptCookies.php:67
#44 \vendor\laravel\framework\src\Illuminate\Pipeline\Pipeline.php:180
#45 \vendor\laramin\utility\src\Utility.php:14
#46 \vendor\laravel\framework\src\Illuminate\Pipeline\Pipeline.php:180
#47 \vendor\laravel\framework\src\Illuminate\Pipeline\Pipeline.php:116
#48 \vendor\laravel\framework\src\Illuminate\Routing\Router.php:797
#49 \vendor\laravel\framework\src\Illuminate\Routing\Router.php:776
  
[2025-07-02 12:17:17] production.INFO: Model: App\Models\LivraisonInfo
Relation: App\Models\LivraisonPayment
Num-Called: 2
Call-Stack:
#18 \app\Http\Controllers\Manager\LivraisonController.php:539
#19 \vendor\laravel\framework\src\Illuminate\Routing\Controller.php:54
#20 \vendor\laravel\framework\src\Illuminate\Routing\ControllerDispatcher.php:43
#21 \vendor\laravel\framework\src\Illuminate\Routing\Route.php:259
#22 \vendor\laravel\framework\src\Illuminate\Routing\Route.php:205
#23 \vendor\laravel\framework\src\Illuminate\Routing\Router.php:798
#24 \vendor\laravel\framework\src\Illuminate\Pipeline\Pipeline.php:141
#25 \app\Http\Middleware\Manager.php:20
#26 \vendor\laravel\framework\src\Illuminate\Pipeline\Pipeline.php:180
#27 \app\Http\Middleware\CheckStatus.php:22
#28 \vendor\laravel\framework\src\Illuminate\Pipeline\Pipeline.php:180
#29 \app\Http\Middleware\MaintenanceMode.php:25
#30 \vendor\laravel\framework\src\Illuminate\Pipeline\Pipeline.php:180
#31 \vendor\laravel\framework\src\Illuminate\Routing\Middleware\SubstituteBindings.php:50
#32 \vendor\laravel\framework\src\Illuminate\Pipeline\Pipeline.php:180
#33 \app\Http\Middleware\Authenticate.php:35
#34 \vendor\laravel\framework\src\Illuminate\Pipeline\Pipeline.php:180
#35 \vendor\laravel\framework\src\Illuminate\Foundation\Http\Middleware\VerifyCsrfToken.php:78
#36 \vendor\laravel\framework\src\Illuminate\Pipeline\Pipeline.php:180
#37 \vendor\laravel\framework\src\Illuminate\View\Middleware\ShareErrorsFromSession.php:49
#38 \vendor\laravel\framework\src\Illuminate\Pipeline\Pipeline.php:180
#39 \vendor\laravel\framework\src\Illuminate\Session\Middleware\StartSession.php:121
#40 \vendor\laravel\framework\src\Illuminate\Session\Middleware\StartSession.php:64
#41 \vendor\laravel\framework\src\Illuminate\Pipeline\Pipeline.php:180
#42 \vendor\laravel\framework\src\Illuminate\Cookie\Middleware\AddQueuedCookiesToResponse.php:37
#43 \vendor\laravel\framework\src\Illuminate\Pipeline\Pipeline.php:180
#44 \vendor\laravel\framework\src\Illuminate\Cookie\Middleware\EncryptCookies.php:67
#45 \vendor\laravel\framework\src\Illuminate\Pipeline\Pipeline.php:180
#46 \vendor\laramin\utility\src\Utility.php:14
#47 \vendor\laravel\framework\src\Illuminate\Pipeline\Pipeline.php:180
#48 \vendor\laravel\framework\src\Illuminate\Pipeline\Pipeline.php:116
#49 \vendor\laravel\framework\src\Illuminate\Routing\Router.php:797
  
[2025-07-02 12:19:22] production.INFO: Detected N+1 Query  
[2025-07-02 12:19:22] production.INFO: Model: App\Models\LivraisonInfo
Relation: App\Models\LivraisonPayment
Num-Called: 2
Call-Stack:
#17 \app\Http\Controllers\Manager\LivraisonController.php:536
#18 \vendor\laravel\framework\src\Illuminate\Routing\Controller.php:54
#19 \vendor\laravel\framework\src\Illuminate\Routing\ControllerDispatcher.php:43
#20 \vendor\laravel\framework\src\Illuminate\Routing\Route.php:259
#21 \vendor\laravel\framework\src\Illuminate\Routing\Route.php:205
#22 \vendor\laravel\framework\src\Illuminate\Routing\Router.php:798
#23 \vendor\laravel\framework\src\Illuminate\Pipeline\Pipeline.php:141
#24 \app\Http\Middleware\Manager.php:20
#25 \vendor\laravel\framework\src\Illuminate\Pipeline\Pipeline.php:180
#26 \app\Http\Middleware\CheckStatus.php:22
#27 \vendor\laravel\framework\src\Illuminate\Pipeline\Pipeline.php:180
#28 \app\Http\Middleware\MaintenanceMode.php:25
#29 \vendor\laravel\framework\src\Illuminate\Pipeline\Pipeline.php:180
#30 \vendor\laravel\framework\src\Illuminate\Routing\Middleware\SubstituteBindings.php:50
#31 \vendor\laravel\framework\src\Illuminate\Pipeline\Pipeline.php:180
#32 \app\Http\Middleware\Authenticate.php:35
#33 \vendor\laravel\framework\src\Illuminate\Pipeline\Pipeline.php:180
#34 \vendor\laravel\framework\src\Illuminate\Foundation\Http\Middleware\VerifyCsrfToken.php:78
#35 \vendor\laravel\framework\src\Illuminate\Pipeline\Pipeline.php:180
#36 \vendor\laravel\framework\src\Illuminate\View\Middleware\ShareErrorsFromSession.php:49
#37 \vendor\laravel\framework\src\Illuminate\Pipeline\Pipeline.php:180
#38 \vendor\laravel\framework\src\Illuminate\Session\Middleware\StartSession.php:121
#39 \vendor\laravel\framework\src\Illuminate\Session\Middleware\StartSession.php:64
#40 \vendor\laravel\framework\src\Illuminate\Pipeline\Pipeline.php:180
#41 \vendor\laravel\framework\src\Illuminate\Cookie\Middleware\AddQueuedCookiesToResponse.php:37
#42 \vendor\laravel\framework\src\Illuminate\Pipeline\Pipeline.php:180
#43 \vendor\laravel\framework\src\Illuminate\Cookie\Middleware\EncryptCookies.php:67
#44 \vendor\laravel\framework\src\Illuminate\Pipeline\Pipeline.php:180
#45 \vendor\laramin\utility\src\Utility.php:14
#46 \vendor\laravel\framework\src\Illuminate\Pipeline\Pipeline.php:180
#47 \vendor\laravel\framework\src\Illuminate\Pipeline\Pipeline.php:116
#48 \vendor\laravel\framework\src\Illuminate\Routing\Router.php:797
#49 \vendor\laravel\framework\src\Illuminate\Routing\Router.php:776
  
[2025-07-02 12:19:22] production.INFO: Model: App\Models\LivraisonInfo
Relation: App\Models\LivraisonPayment
Num-Called: 2
Call-Stack:
#18 \app\Http\Controllers\Manager\LivraisonController.php:539
#19 \vendor\laravel\framework\src\Illuminate\Routing\Controller.php:54
#20 \vendor\laravel\framework\src\Illuminate\Routing\ControllerDispatcher.php:43
#21 \vendor\laravel\framework\src\Illuminate\Routing\Route.php:259
#22 \vendor\laravel\framework\src\Illuminate\Routing\Route.php:205
#23 \vendor\laravel\framework\src\Illuminate\Routing\Router.php:798
#24 \vendor\laravel\framework\src\Illuminate\Pipeline\Pipeline.php:141
#25 \app\Http\Middleware\Manager.php:20
#26 \vendor\laravel\framework\src\Illuminate\Pipeline\Pipeline.php:180
#27 \app\Http\Middleware\CheckStatus.php:22
#28 \vendor\laravel\framework\src\Illuminate\Pipeline\Pipeline.php:180
#29 \app\Http\Middleware\MaintenanceMode.php:25
#30 \vendor\laravel\framework\src\Illuminate\Pipeline\Pipeline.php:180
#31 \vendor\laravel\framework\src\Illuminate\Routing\Middleware\SubstituteBindings.php:50
#32 \vendor\laravel\framework\src\Illuminate\Pipeline\Pipeline.php:180
#33 \app\Http\Middleware\Authenticate.php:35
#34 \vendor\laravel\framework\src\Illuminate\Pipeline\Pipeline.php:180
#35 \vendor\laravel\framework\src\Illuminate\Foundation\Http\Middleware\VerifyCsrfToken.php:78
#36 \vendor\laravel\framework\src\Illuminate\Pipeline\Pipeline.php:180
#37 \vendor\laravel\framework\src\Illuminate\View\Middleware\ShareErrorsFromSession.php:49
#38 \vendor\laravel\framework\src\Illuminate\Pipeline\Pipeline.php:180
#39 \vendor\laravel\framework\src\Illuminate\Session\Middleware\StartSession.php:121
#40 \vendor\laravel\framework\src\Illuminate\Session\Middleware\StartSession.php:64
#41 \vendor\laravel\framework\src\Illuminate\Pipeline\Pipeline.php:180
#42 \vendor\laravel\framework\src\Illuminate\Cookie\Middleware\AddQueuedCookiesToResponse.php:37
#43 \vendor\laravel\framework\src\Illuminate\Pipeline\Pipeline.php:180
#44 \vendor\laravel\framework\src\Illuminate\Cookie\Middleware\EncryptCookies.php:67
#45 \vendor\laravel\framework\src\Illuminate\Pipeline\Pipeline.php:180
#46 \vendor\laramin\utility\src\Utility.php:14
#47 \vendor\laravel\framework\src\Illuminate\Pipeline\Pipeline.php:180
#48 \vendor\laravel\framework\src\Illuminate\Pipeline\Pipeline.php:116
#49 \vendor\laravel\framework\src\Illuminate\Routing\Router.php:797
  
[2025-07-02 12:19:22] production.INFO: Model: App\Models\LivraisonInfo
Relation: receiverClient
Num-Called: 20
Call-Stack:
#18 \storage\framework\views\612d66ae42ec5b987b5ce613a7634bb1dac50c4f.php:80
#20 \vendor\laravel\framework\src\Illuminate\Filesystem\Filesystem.php:110
#21 \vendor\laravel\framework\src\Illuminate\View\Engines\PhpEngine.php:58
#22 \vendor\laravel\framework\src\Illuminate\View\Engines\CompilerEngine.php:70
#23 \vendor\laravel\framework\src\Illuminate\View\View.php:195
#24 \vendor\laravel\framework\src\Illuminate\View\View.php:178
#25 \vendor\laravel\framework\src\Illuminate\View\View.php:147
#26 \vendor\laravel\framework\src\Illuminate\Http\Response.php:69
#27 \vendor\laravel\framework\src\Illuminate\Http\Response.php:35
#28 \vendor\laravel\framework\src\Illuminate\Routing\Router.php:906
#29 \vendor\laravel\framework\src\Illuminate\Routing\Router.php:875
#30 \vendor\laravel\framework\src\Illuminate\Routing\Router.php:797
#31 \vendor\laravel\framework\src\Illuminate\Pipeline\Pipeline.php:141
#32 \app\Http\Middleware\Manager.php:20
#33 \vendor\laravel\framework\src\Illuminate\Pipeline\Pipeline.php:180
#34 \app\Http\Middleware\CheckStatus.php:22
#35 \vendor\laravel\framework\src\Illuminate\Pipeline\Pipeline.php:180
#36 \app\Http\Middleware\MaintenanceMode.php:25
#37 \vendor\laravel\framework\src\Illuminate\Pipeline\Pipeline.php:180
#38 \vendor\laravel\framework\src\Illuminate\Routing\Middleware\SubstituteBindings.php:50
#39 \vendor\laravel\framework\src\Illuminate\Pipeline\Pipeline.php:180
#40 \app\Http\Middleware\Authenticate.php:35
#41 \vendor\laravel\framework\src\Illuminate\Pipeline\Pipeline.php:180
#42 \vendor\laravel\framework\src\Illuminate\Foundation\Http\Middleware\VerifyCsrfToken.php:78
#43 \vendor\laravel\framework\src\Illuminate\Pipeline\Pipeline.php:180
#44 \vendor\laravel\framework\src\Illuminate\View\Middleware\ShareErrorsFromSession.php:49
#45 \vendor\laravel\framework\src\Illuminate\Pipeline\Pipeline.php:180
#46 \vendor\laravel\framework\src\Illuminate\Session\Middleware\StartSession.php:121
#47 \vendor\laravel\framework\src\Illuminate\Session\Middleware\StartSession.php:64
#48 \vendor\laravel\framework\src\Illuminate\Pipeline\Pipeline.php:180
#49 \vendor\laravel\framework\src\Illuminate\Cookie\Middleware\AddQueuedCookiesToResponse.php:37
  
[2025-07-02 12:26:18] production.INFO: Detected N+1 Query  
[2025-07-02 12:26:18] production.INFO: Model: App\Models\LivraisonInfo
Relation: App\Models\Magasin
Num-Called: 2
Call-Stack:
#18 \app\Http\Controllers\Manager\LivraisonController.php:474
#19 \app\Http\Controllers\Manager\LivraisonController.php:354
#20 \vendor\laravel\framework\src\Illuminate\Routing\Controller.php:54
#21 \vendor\laravel\framework\src\Illuminate\Routing\ControllerDispatcher.php:43
#22 \vendor\laravel\framework\src\Illuminate\Routing\Route.php:259
#23 \vendor\laravel\framework\src\Illuminate\Routing\Route.php:205
#24 \vendor\laravel\framework\src\Illuminate\Routing\Router.php:798
#25 \vendor\laravel\framework\src\Illuminate\Pipeline\Pipeline.php:141
#26 \app\Http\Middleware\Manager.php:20
#27 \vendor\laravel\framework\src\Illuminate\Pipeline\Pipeline.php:180
#28 \app\Http\Middleware\CheckStatus.php:22
#29 \vendor\laravel\framework\src\Illuminate\Pipeline\Pipeline.php:180
#30 \app\Http\Middleware\MaintenanceMode.php:25
#31 \vendor\laravel\framework\src\Illuminate\Pipeline\Pipeline.php:180
#32 \vendor\laravel\framework\src\Illuminate\Routing\Middleware\SubstituteBindings.php:50
#33 \vendor\laravel\framework\src\Illuminate\Pipeline\Pipeline.php:180
#34 \app\Http\Middleware\Authenticate.php:35
#35 \vendor\laravel\framework\src\Illuminate\Pipeline\Pipeline.php:180
#36 \vendor\laravel\framework\src\Illuminate\Foundation\Http\Middleware\VerifyCsrfToken.php:78
#37 \vendor\laravel\framework\src\Illuminate\Pipeline\Pipeline.php:180
#38 \vendor\laravel\framework\src\Illuminate\View\Middleware\ShareErrorsFromSession.php:49
#39 \vendor\laravel\framework\src\Illuminate\Pipeline\Pipeline.php:180
#40 \vendor\laravel\framework\src\Illuminate\Session\Middleware\StartSession.php:121
#41 \vendor\laravel\framework\src\Illuminate\Session\Middleware\StartSession.php:64
#42 \vendor\laravel\framework\src\Illuminate\Pipeline\Pipeline.php:180
#43 \vendor\laravel\framework\src\Illuminate\Cookie\Middleware\AddQueuedCookiesToResponse.php:37
#44 \vendor\laravel\framework\src\Illuminate\Pipeline\Pipeline.php:180
#45 \vendor\laravel\framework\src\Illuminate\Cookie\Middleware\EncryptCookies.php:67
#46 \vendor\laravel\framework\src\Illuminate\Pipeline\Pipeline.php:180
#47 \vendor\laramin\utility\src\Utility.php:14
#48 \vendor\laravel\framework\src\Illuminate\Pipeline\Pipeline.php:180
#49 \vendor\laravel\framework\src\Illuminate\Pipeline\Pipeline.php:116
  
[2025-07-02 12:26:18] production.INFO: Model: App\Models\LivraisonInfo
Relation: App\Models\User
Num-Called: 2
Call-Stack:
#18 \app\Http\Controllers\Manager\LivraisonController.php:474
#19 \app\Http\Controllers\Manager\LivraisonController.php:354
#20 \vendor\laravel\framework\src\Illuminate\Routing\Controller.php:54
#21 \vendor\laravel\framework\src\Illuminate\Routing\ControllerDispatcher.php:43
#22 \vendor\laravel\framework\src\Illuminate\Routing\Route.php:259
#23 \vendor\laravel\framework\src\Illuminate\Routing\Route.php:205
#24 \vendor\laravel\framework\src\Illuminate\Routing\Router.php:798
#25 \vendor\laravel\framework\src\Illuminate\Pipeline\Pipeline.php:141
#26 \app\Http\Middleware\Manager.php:20
#27 \vendor\laravel\framework\src\Illuminate\Pipeline\Pipeline.php:180
#28 \app\Http\Middleware\CheckStatus.php:22
#29 \vendor\laravel\framework\src\Illuminate\Pipeline\Pipeline.php:180
#30 \app\Http\Middleware\MaintenanceMode.php:25
#31 \vendor\laravel\framework\src\Illuminate\Pipeline\Pipeline.php:180
#32 \vendor\laravel\framework\src\Illuminate\Routing\Middleware\SubstituteBindings.php:50
#33 \vendor\laravel\framework\src\Illuminate\Pipeline\Pipeline.php:180
#34 \app\Http\Middleware\Authenticate.php:35
#35 \vendor\laravel\framework\src\Illuminate\Pipeline\Pipeline.php:180
#36 \vendor\laravel\framework\src\Illuminate\Foundation\Http\Middleware\VerifyCsrfToken.php:78
#37 \vendor\laravel\framework\src\Illuminate\Pipeline\Pipeline.php:180
#38 \vendor\laravel\framework\src\Illuminate\View\Middleware\ShareErrorsFromSession.php:49
#39 \vendor\laravel\framework\src\Illuminate\Pipeline\Pipeline.php:180
#40 \vendor\laravel\framework\src\Illuminate\Session\Middleware\StartSession.php:121
#41 \vendor\laravel\framework\src\Illuminate\Session\Middleware\StartSession.php:64
#42 \vendor\laravel\framework\src\Illuminate\Pipeline\Pipeline.php:180
#43 \vendor\laravel\framework\src\Illuminate\Cookie\Middleware\AddQueuedCookiesToResponse.php:37
#44 \vendor\laravel\framework\src\Illuminate\Pipeline\Pipeline.php:180
#45 \vendor\laravel\framework\src\Illuminate\Cookie\Middleware\EncryptCookies.php:67
#46 \vendor\laravel\framework\src\Illuminate\Pipeline\Pipeline.php:180
#47 \vendor\laramin\utility\src\Utility.php:14
#48 \vendor\laravel\framework\src\Illuminate\Pipeline\Pipeline.php:180
#49 \vendor\laravel\framework\src\Illuminate\Pipeline\Pipeline.php:116
  
[2025-07-02 12:26:18] production.INFO: Model: App\Models\LivraisonInfo
Relation: App\Models\LivraisonPayment
Num-Called: 2
Call-Stack:
#18 \app\Http\Controllers\Manager\LivraisonController.php:474
#19 \app\Http\Controllers\Manager\LivraisonController.php:354
#20 \vendor\laravel\framework\src\Illuminate\Routing\Controller.php:54
#21 \vendor\laravel\framework\src\Illuminate\Routing\ControllerDispatcher.php:43
#22 \vendor\laravel\framework\src\Illuminate\Routing\Route.php:259
#23 \vendor\laravel\framework\src\Illuminate\Routing\Route.php:205
#24 \vendor\laravel\framework\src\Illuminate\Routing\Router.php:798
#25 \vendor\laravel\framework\src\Illuminate\Pipeline\Pipeline.php:141
#26 \app\Http\Middleware\Manager.php:20
#27 \vendor\laravel\framework\src\Illuminate\Pipeline\Pipeline.php:180
#28 \app\Http\Middleware\CheckStatus.php:22
#29 \vendor\laravel\framework\src\Illuminate\Pipeline\Pipeline.php:180
#30 \app\Http\Middleware\MaintenanceMode.php:25
#31 \vendor\laravel\framework\src\Illuminate\Pipeline\Pipeline.php:180
#32 \vendor\laravel\framework\src\Illuminate\Routing\Middleware\SubstituteBindings.php:50
#33 \vendor\laravel\framework\src\Illuminate\Pipeline\Pipeline.php:180
#34 \app\Http\Middleware\Authenticate.php:35
#35 \vendor\laravel\framework\src\Illuminate\Pipeline\Pipeline.php:180
#36 \vendor\laravel\framework\src\Illuminate\Foundation\Http\Middleware\VerifyCsrfToken.php:78
#37 \vendor\laravel\framework\src\Illuminate\Pipeline\Pipeline.php:180
#38 \vendor\laravel\framework\src\Illuminate\View\Middleware\ShareErrorsFromSession.php:49
#39 \vendor\laravel\framework\src\Illuminate\Pipeline\Pipeline.php:180
#40 \vendor\laravel\framework\src\Illuminate\Session\Middleware\StartSession.php:121
#41 \vendor\laravel\framework\src\Illuminate\Session\Middleware\StartSession.php:64
#42 \vendor\laravel\framework\src\Illuminate\Pipeline\Pipeline.php:180
#43 \vendor\laravel\framework\src\Illuminate\Cookie\Middleware\AddQueuedCookiesToResponse.php:37
#44 \vendor\laravel\framework\src\Illuminate\Pipeline\Pipeline.php:180
#45 \vendor\laravel\framework\src\Illuminate\Cookie\Middleware\EncryptCookies.php:67
#46 \vendor\laravel\framework\src\Illuminate\Pipeline\Pipeline.php:180
#47 \vendor\laramin\utility\src\Utility.php:14
#48 \vendor\laravel\framework\src\Illuminate\Pipeline\Pipeline.php:180
#49 \vendor\laravel\framework\src\Illuminate\Pipeline\Pipeline.php:116
  
[2025-07-02 12:26:18] production.INFO: Model: App\Models\LivraisonInfo
Relation: receiverClient
Num-Called: 20
Call-Stack:
#19 \storage\framework\views\14ce5eef03daf899bb3004526ab66eaff3b970e3.php:76
#21 \vendor\laravel\framework\src\Illuminate\Filesystem\Filesystem.php:110
#22 \vendor\laravel\framework\src\Illuminate\View\Engines\PhpEngine.php:58
#23 \vendor\laravel\framework\src\Illuminate\View\Engines\CompilerEngine.php:70
#24 \vendor\laravel\framework\src\Illuminate\View\View.php:195
#25 \vendor\laravel\framework\src\Illuminate\View\View.php:178
#26 \vendor\laravel\framework\src\Illuminate\View\View.php:147
#27 \vendor\laravel\framework\src\Illuminate\Http\Response.php:69
#28 \vendor\laravel\framework\src\Illuminate\Http\Response.php:35
#29 \vendor\laravel\framework\src\Illuminate\Routing\Router.php:906
#30 \vendor\laravel\framework\src\Illuminate\Routing\Router.php:875
#31 \vendor\laravel\framework\src\Illuminate\Routing\Router.php:797
#32 \vendor\laravel\framework\src\Illuminate\Pipeline\Pipeline.php:141
#33 \app\Http\Middleware\Manager.php:20
#34 \vendor\laravel\framework\src\Illuminate\Pipeline\Pipeline.php:180
#35 \app\Http\Middleware\CheckStatus.php:22
#36 \vendor\laravel\framework\src\Illuminate\Pipeline\Pipeline.php:180
#37 \app\Http\Middleware\MaintenanceMode.php:25
#38 \vendor\laravel\framework\src\Illuminate\Pipeline\Pipeline.php:180
#39 \vendor\laravel\framework\src\Illuminate\Routing\Middleware\SubstituteBindings.php:50
#40 \vendor\laravel\framework\src\Illuminate\Pipeline\Pipeline.php:180
#41 \app\Http\Middleware\Authenticate.php:35
#42 \vendor\laravel\framework\src\Illuminate\Pipeline\Pipeline.php:180
#43 \vendor\laravel\framework\src\Illuminate\Foundation\Http\Middleware\VerifyCsrfToken.php:78
#44 \vendor\laravel\framework\src\Illuminate\Pipeline\Pipeline.php:180
#45 \vendor\laravel\framework\src\Illuminate\View\Middleware\ShareErrorsFromSession.php:49
#46 \vendor\laravel\framework\src\Illuminate\Pipeline\Pipeline.php:180
#47 \vendor\laravel\framework\src\Illuminate\Session\Middleware\StartSession.php:121
#48 \vendor\laravel\framework\src\Illuminate\Session\Middleware\StartSession.php:64
#49 \vendor\laravel\framework\src\Illuminate\Pipeline\Pipeline.php:180
  
[2025-07-02 12:26:32] production.INFO: Detected N+1 Query  
[2025-07-02 12:26:32] production.INFO: Model: App\Models\LivraisonInfo
Relation: App\Models\Magasin
Num-Called: 2
Call-Stack:
#18 \app\Http\Controllers\Manager\LivraisonController.php:474
#19 \app\Http\Controllers\Manager\LivraisonController.php:354
#20 \vendor\laravel\framework\src\Illuminate\Routing\Controller.php:54
#21 \vendor\laravel\framework\src\Illuminate\Routing\ControllerDispatcher.php:43
#22 \vendor\laravel\framework\src\Illuminate\Routing\Route.php:259
#23 \vendor\laravel\framework\src\Illuminate\Routing\Route.php:205
#24 \vendor\laravel\framework\src\Illuminate\Routing\Router.php:798
#25 \vendor\laravel\framework\src\Illuminate\Pipeline\Pipeline.php:141
#26 \app\Http\Middleware\Manager.php:20
#27 \vendor\laravel\framework\src\Illuminate\Pipeline\Pipeline.php:180
#28 \app\Http\Middleware\CheckStatus.php:22
#29 \vendor\laravel\framework\src\Illuminate\Pipeline\Pipeline.php:180
#30 \app\Http\Middleware\MaintenanceMode.php:25
#31 \vendor\laravel\framework\src\Illuminate\Pipeline\Pipeline.php:180
#32 \vendor\laravel\framework\src\Illuminate\Routing\Middleware\SubstituteBindings.php:50
#33 \vendor\laravel\framework\src\Illuminate\Pipeline\Pipeline.php:180
#34 \app\Http\Middleware\Authenticate.php:35
#35 \vendor\laravel\framework\src\Illuminate\Pipeline\Pipeline.php:180
#36 \vendor\laravel\framework\src\Illuminate\Foundation\Http\Middleware\VerifyCsrfToken.php:78
#37 \vendor\laravel\framework\src\Illuminate\Pipeline\Pipeline.php:180
#38 \vendor\laravel\framework\src\Illuminate\View\Middleware\ShareErrorsFromSession.php:49
#39 \vendor\laravel\framework\src\Illuminate\Pipeline\Pipeline.php:180
#40 \vendor\laravel\framework\src\Illuminate\Session\Middleware\StartSession.php:121
#41 \vendor\laravel\framework\src\Illuminate\Session\Middleware\StartSession.php:64
#42 \vendor\laravel\framework\src\Illuminate\Pipeline\Pipeline.php:180
#43 \vendor\laravel\framework\src\Illuminate\Cookie\Middleware\AddQueuedCookiesToResponse.php:37
#44 \vendor\laravel\framework\src\Illuminate\Pipeline\Pipeline.php:180
#45 \vendor\laravel\framework\src\Illuminate\Cookie\Middleware\EncryptCookies.php:67
#46 \vendor\laravel\framework\src\Illuminate\Pipeline\Pipeline.php:180
#47 \vendor\laramin\utility\src\Utility.php:14
#48 \vendor\laravel\framework\src\Illuminate\Pipeline\Pipeline.php:180
#49 \vendor\laravel\framework\src\Illuminate\Pipeline\Pipeline.php:116
  
[2025-07-02 12:26:32] production.INFO: Model: App\Models\LivraisonInfo
Relation: App\Models\User
Num-Called: 2
Call-Stack:
#18 \app\Http\Controllers\Manager\LivraisonController.php:474
#19 \app\Http\Controllers\Manager\LivraisonController.php:354
#20 \vendor\laravel\framework\src\Illuminate\Routing\Controller.php:54
#21 \vendor\laravel\framework\src\Illuminate\Routing\ControllerDispatcher.php:43
#22 \vendor\laravel\framework\src\Illuminate\Routing\Route.php:259
#23 \vendor\laravel\framework\src\Illuminate\Routing\Route.php:205
#24 \vendor\laravel\framework\src\Illuminate\Routing\Router.php:798
#25 \vendor\laravel\framework\src\Illuminate\Pipeline\Pipeline.php:141
#26 \app\Http\Middleware\Manager.php:20
#27 \vendor\laravel\framework\src\Illuminate\Pipeline\Pipeline.php:180
#28 \app\Http\Middleware\CheckStatus.php:22
#29 \vendor\laravel\framework\src\Illuminate\Pipeline\Pipeline.php:180
#30 \app\Http\Middleware\MaintenanceMode.php:25
#31 \vendor\laravel\framework\src\Illuminate\Pipeline\Pipeline.php:180
#32 \vendor\laravel\framework\src\Illuminate\Routing\Middleware\SubstituteBindings.php:50
#33 \vendor\laravel\framework\src\Illuminate\Pipeline\Pipeline.php:180
#34 \app\Http\Middleware\Authenticate.php:35
#35 \vendor\laravel\framework\src\Illuminate\Pipeline\Pipeline.php:180
#36 \vendor\laravel\framework\src\Illuminate\Foundation\Http\Middleware\VerifyCsrfToken.php:78
#37 \vendor\laravel\framework\src\Illuminate\Pipeline\Pipeline.php:180
#38 \vendor\laravel\framework\src\Illuminate\View\Middleware\ShareErrorsFromSession.php:49
#39 \vendor\laravel\framework\src\Illuminate\Pipeline\Pipeline.php:180
#40 \vendor\laravel\framework\src\Illuminate\Session\Middleware\StartSession.php:121
#41 \vendor\laravel\framework\src\Illuminate\Session\Middleware\StartSession.php:64
#42 \vendor\laravel\framework\src\Illuminate\Pipeline\Pipeline.php:180
#43 \vendor\laravel\framework\src\Illuminate\Cookie\Middleware\AddQueuedCookiesToResponse.php:37
#44 \vendor\laravel\framework\src\Illuminate\Pipeline\Pipeline.php:180
#45 \vendor\laravel\framework\src\Illuminate\Cookie\Middleware\EncryptCookies.php:67
#46 \vendor\laravel\framework\src\Illuminate\Pipeline\Pipeline.php:180
#47 \vendor\laramin\utility\src\Utility.php:14
#48 \vendor\laravel\framework\src\Illuminate\Pipeline\Pipeline.php:180
#49 \vendor\laravel\framework\src\Illuminate\Pipeline\Pipeline.php:116
  
[2025-07-02 12:26:32] production.INFO: Model: App\Models\LivraisonInfo
Relation: App\Models\LivraisonPayment
Num-Called: 2
Call-Stack:
#18 \app\Http\Controllers\Manager\LivraisonController.php:474
#19 \app\Http\Controllers\Manager\LivraisonController.php:354
#20 \vendor\laravel\framework\src\Illuminate\Routing\Controller.php:54
#21 \vendor\laravel\framework\src\Illuminate\Routing\ControllerDispatcher.php:43
#22 \vendor\laravel\framework\src\Illuminate\Routing\Route.php:259
#23 \vendor\laravel\framework\src\Illuminate\Routing\Route.php:205
#24 \vendor\laravel\framework\src\Illuminate\Routing\Router.php:798
#25 \vendor\laravel\framework\src\Illuminate\Pipeline\Pipeline.php:141
#26 \app\Http\Middleware\Manager.php:20
#27 \vendor\laravel\framework\src\Illuminate\Pipeline\Pipeline.php:180
#28 \app\Http\Middleware\CheckStatus.php:22
#29 \vendor\laravel\framework\src\Illuminate\Pipeline\Pipeline.php:180
#30 \app\Http\Middleware\MaintenanceMode.php:25
#31 \vendor\laravel\framework\src\Illuminate\Pipeline\Pipeline.php:180
#32 \vendor\laravel\framework\src\Illuminate\Routing\Middleware\SubstituteBindings.php:50
#33 \vendor\laravel\framework\src\Illuminate\Pipeline\Pipeline.php:180
#34 \app\Http\Middleware\Authenticate.php:35
#35 \vendor\laravel\framework\src\Illuminate\Pipeline\Pipeline.php:180
#36 \vendor\laravel\framework\src\Illuminate\Foundation\Http\Middleware\VerifyCsrfToken.php:78
#37 \vendor\laravel\framework\src\Illuminate\Pipeline\Pipeline.php:180
#38 \vendor\laravel\framework\src\Illuminate\View\Middleware\ShareErrorsFromSession.php:49
#39 \vendor\laravel\framework\src\Illuminate\Pipeline\Pipeline.php:180
#40 \vendor\laravel\framework\src\Illuminate\Session\Middleware\StartSession.php:121
#41 \vendor\laravel\framework\src\Illuminate\Session\Middleware\StartSession.php:64
#42 \vendor\laravel\framework\src\Illuminate\Pipeline\Pipeline.php:180
#43 \vendor\laravel\framework\src\Illuminate\Cookie\Middleware\AddQueuedCookiesToResponse.php:37
#44 \vendor\laravel\framework\src\Illuminate\Pipeline\Pipeline.php:180
#45 \vendor\laravel\framework\src\Illuminate\Cookie\Middleware\EncryptCookies.php:67
#46 \vendor\laravel\framework\src\Illuminate\Pipeline\Pipeline.php:180
#47 \vendor\laramin\utility\src\Utility.php:14
#48 \vendor\laravel\framework\src\Illuminate\Pipeline\Pipeline.php:180
#49 \vendor\laravel\framework\src\Illuminate\Pipeline\Pipeline.php:116
  
[2025-07-02 12:26:32] production.INFO: Model: App\Models\LivraisonInfo
Relation: receiverClient
Num-Called: 20
Call-Stack:
#19 \storage\framework\views\14ce5eef03daf899bb3004526ab66eaff3b970e3.php:76
#21 \vendor\laravel\framework\src\Illuminate\Filesystem\Filesystem.php:110
#22 \vendor\laravel\framework\src\Illuminate\View\Engines\PhpEngine.php:58
#23 \vendor\laravel\framework\src\Illuminate\View\Engines\CompilerEngine.php:70
#24 \vendor\laravel\framework\src\Illuminate\View\View.php:195
#25 \vendor\laravel\framework\src\Illuminate\View\View.php:178
#26 \vendor\laravel\framework\src\Illuminate\View\View.php:147
#27 \vendor\laravel\framework\src\Illuminate\Http\Response.php:69
#28 \vendor\laravel\framework\src\Illuminate\Http\Response.php:35
#29 \vendor\laravel\framework\src\Illuminate\Routing\Router.php:906
#30 \vendor\laravel\framework\src\Illuminate\Routing\Router.php:875
#31 \vendor\laravel\framework\src\Illuminate\Routing\Router.php:797
#32 \vendor\laravel\framework\src\Illuminate\Pipeline\Pipeline.php:141
#33 \app\Http\Middleware\Manager.php:20
#34 \vendor\laravel\framework\src\Illuminate\Pipeline\Pipeline.php:180
#35 \app\Http\Middleware\CheckStatus.php:22
#36 \vendor\laravel\framework\src\Illuminate\Pipeline\Pipeline.php:180
#37 \app\Http\Middleware\MaintenanceMode.php:25
#38 \vendor\laravel\framework\src\Illuminate\Pipeline\Pipeline.php:180
#39 \vendor\laravel\framework\src\Illuminate\Routing\Middleware\SubstituteBindings.php:50
#40 \vendor\laravel\framework\src\Illuminate\Pipeline\Pipeline.php:180
#41 \app\Http\Middleware\Authenticate.php:35
#42 \vendor\laravel\framework\src\Illuminate\Pipeline\Pipeline.php:180
#43 \vendor\laravel\framework\src\Illuminate\Foundation\Http\Middleware\VerifyCsrfToken.php:78
#44 \vendor\laravel\framework\src\Illuminate\Pipeline\Pipeline.php:180
#45 \vendor\laravel\framework\src\Illuminate\View\Middleware\ShareErrorsFromSession.php:49
#46 \vendor\laravel\framework\src\Illuminate\Pipeline\Pipeline.php:180
#47 \vendor\laravel\framework\src\Illuminate\Session\Middleware\StartSession.php:121
#48 \vendor\laravel\framework\src\Illuminate\Session\Middleware\StartSession.php:64
#49 \vendor\laravel\framework\src\Illuminate\Pipeline\Pipeline.php:180
  
[2025-07-02 12:26:39] production.INFO: Detected N+1 Query  
[2025-07-02 12:26:39] production.INFO: Model: App\Models\LivraisonInfo
Relation: App\Models\Magasin
Num-Called: 2
Call-Stack:
#18 \app\Http\Controllers\Manager\LivraisonController.php:474
#19 \app\Http\Controllers\Manager\LivraisonController.php:354
#20 \vendor\laravel\framework\src\Illuminate\Routing\Controller.php:54
#21 \vendor\laravel\framework\src\Illuminate\Routing\ControllerDispatcher.php:43
#22 \vendor\laravel\framework\src\Illuminate\Routing\Route.php:259
#23 \vendor\laravel\framework\src\Illuminate\Routing\Route.php:205
#24 \vendor\laravel\framework\src\Illuminate\Routing\Router.php:798
#25 \vendor\laravel\framework\src\Illuminate\Pipeline\Pipeline.php:141
#26 \app\Http\Middleware\Manager.php:20
#27 \vendor\laravel\framework\src\Illuminate\Pipeline\Pipeline.php:180
#28 \app\Http\Middleware\CheckStatus.php:22
#29 \vendor\laravel\framework\src\Illuminate\Pipeline\Pipeline.php:180
#30 \app\Http\Middleware\MaintenanceMode.php:25
#31 \vendor\laravel\framework\src\Illuminate\Pipeline\Pipeline.php:180
#32 \vendor\laravel\framework\src\Illuminate\Routing\Middleware\SubstituteBindings.php:50
#33 \vendor\laravel\framework\src\Illuminate\Pipeline\Pipeline.php:180
#34 \app\Http\Middleware\Authenticate.php:35
#35 \vendor\laravel\framework\src\Illuminate\Pipeline\Pipeline.php:180
#36 \vendor\laravel\framework\src\Illuminate\Foundation\Http\Middleware\VerifyCsrfToken.php:78
#37 \vendor\laravel\framework\src\Illuminate\Pipeline\Pipeline.php:180
#38 \vendor\laravel\framework\src\Illuminate\View\Middleware\ShareErrorsFromSession.php:49
#39 \vendor\laravel\framework\src\Illuminate\Pipeline\Pipeline.php:180
#40 \vendor\laravel\framework\src\Illuminate\Session\Middleware\StartSession.php:121
#41 \vendor\laravel\framework\src\Illuminate\Session\Middleware\StartSession.php:64
#42 \vendor\laravel\framework\src\Illuminate\Pipeline\Pipeline.php:180
#43 \vendor\laravel\framework\src\Illuminate\Cookie\Middleware\AddQueuedCookiesToResponse.php:37
#44 \vendor\laravel\framework\src\Illuminate\Pipeline\Pipeline.php:180
#45 \vendor\laravel\framework\src\Illuminate\Cookie\Middleware\EncryptCookies.php:67
#46 \vendor\laravel\framework\src\Illuminate\Pipeline\Pipeline.php:180
#47 \vendor\laramin\utility\src\Utility.php:14
#48 \vendor\laravel\framework\src\Illuminate\Pipeline\Pipeline.php:180
#49 \vendor\laravel\framework\src\Illuminate\Pipeline\Pipeline.php:116
  
[2025-07-02 12:26:39] production.INFO: Model: App\Models\LivraisonInfo
Relation: App\Models\User
Num-Called: 2
Call-Stack:
#18 \app\Http\Controllers\Manager\LivraisonController.php:474
#19 \app\Http\Controllers\Manager\LivraisonController.php:354
#20 \vendor\laravel\framework\src\Illuminate\Routing\Controller.php:54
#21 \vendor\laravel\framework\src\Illuminate\Routing\ControllerDispatcher.php:43
#22 \vendor\laravel\framework\src\Illuminate\Routing\Route.php:259
#23 \vendor\laravel\framework\src\Illuminate\Routing\Route.php:205
#24 \vendor\laravel\framework\src\Illuminate\Routing\Router.php:798
#25 \vendor\laravel\framework\src\Illuminate\Pipeline\Pipeline.php:141
#26 \app\Http\Middleware\Manager.php:20
#27 \vendor\laravel\framework\src\Illuminate\Pipeline\Pipeline.php:180
#28 \app\Http\Middleware\CheckStatus.php:22
#29 \vendor\laravel\framework\src\Illuminate\Pipeline\Pipeline.php:180
#30 \app\Http\Middleware\MaintenanceMode.php:25
#31 \vendor\laravel\framework\src\Illuminate\Pipeline\Pipeline.php:180
#32 \vendor\laravel\framework\src\Illuminate\Routing\Middleware\SubstituteBindings.php:50
#33 \vendor\laravel\framework\src\Illuminate\Pipeline\Pipeline.php:180
#34 \app\Http\Middleware\Authenticate.php:35
#35 \vendor\laravel\framework\src\Illuminate\Pipeline\Pipeline.php:180
#36 \vendor\laravel\framework\src\Illuminate\Foundation\Http\Middleware\VerifyCsrfToken.php:78
#37 \vendor\laravel\framework\src\Illuminate\Pipeline\Pipeline.php:180
#38 \vendor\laravel\framework\src\Illuminate\View\Middleware\ShareErrorsFromSession.php:49
#39 \vendor\laravel\framework\src\Illuminate\Pipeline\Pipeline.php:180
#40 \vendor\laravel\framework\src\Illuminate\Session\Middleware\StartSession.php:121
#41 \vendor\laravel\framework\src\Illuminate\Session\Middleware\StartSession.php:64
#42 \vendor\laravel\framework\src\Illuminate\Pipeline\Pipeline.php:180
#43 \vendor\laravel\framework\src\Illuminate\Cookie\Middleware\AddQueuedCookiesToResponse.php:37
#44 \vendor\laravel\framework\src\Illuminate\Pipeline\Pipeline.php:180
#45 \vendor\laravel\framework\src\Illuminate\Cookie\Middleware\EncryptCookies.php:67
#46 \vendor\laravel\framework\src\Illuminate\Pipeline\Pipeline.php:180
#47 \vendor\laramin\utility\src\Utility.php:14
#48 \vendor\laravel\framework\src\Illuminate\Pipeline\Pipeline.php:180
#49 \vendor\laravel\framework\src\Illuminate\Pipeline\Pipeline.php:116
  
[2025-07-02 12:26:39] production.INFO: Model: App\Models\LivraisonInfo
Relation: App\Models\LivraisonPayment
Num-Called: 2
Call-Stack:
#18 \app\Http\Controllers\Manager\LivraisonController.php:474
#19 \app\Http\Controllers\Manager\LivraisonController.php:354
#20 \vendor\laravel\framework\src\Illuminate\Routing\Controller.php:54
#21 \vendor\laravel\framework\src\Illuminate\Routing\ControllerDispatcher.php:43
#22 \vendor\laravel\framework\src\Illuminate\Routing\Route.php:259
#23 \vendor\laravel\framework\src\Illuminate\Routing\Route.php:205
#24 \vendor\laravel\framework\src\Illuminate\Routing\Router.php:798
#25 \vendor\laravel\framework\src\Illuminate\Pipeline\Pipeline.php:141
#26 \app\Http\Middleware\Manager.php:20
#27 \vendor\laravel\framework\src\Illuminate\Pipeline\Pipeline.php:180
#28 \app\Http\Middleware\CheckStatus.php:22
#29 \vendor\laravel\framework\src\Illuminate\Pipeline\Pipeline.php:180
#30 \app\Http\Middleware\MaintenanceMode.php:25
#31 \vendor\laravel\framework\src\Illuminate\Pipeline\Pipeline.php:180
#32 \vendor\laravel\framework\src\Illuminate\Routing\Middleware\SubstituteBindings.php:50
#33 \vendor\laravel\framework\src\Illuminate\Pipeline\Pipeline.php:180
#34 \app\Http\Middleware\Authenticate.php:35
#35 \vendor\laravel\framework\src\Illuminate\Pipeline\Pipeline.php:180
#36 \vendor\laravel\framework\src\Illuminate\Foundation\Http\Middleware\VerifyCsrfToken.php:78
#37 \vendor\laravel\framework\src\Illuminate\Pipeline\Pipeline.php:180
#38 \vendor\laravel\framework\src\Illuminate\View\Middleware\ShareErrorsFromSession.php:49
#39 \vendor\laravel\framework\src\Illuminate\Pipeline\Pipeline.php:180
#40 \vendor\laravel\framework\src\Illuminate\Session\Middleware\StartSession.php:121
#41 \vendor\laravel\framework\src\Illuminate\Session\Middleware\StartSession.php:64
#42 \vendor\laravel\framework\src\Illuminate\Pipeline\Pipeline.php:180
#43 \vendor\laravel\framework\src\Illuminate\Cookie\Middleware\AddQueuedCookiesToResponse.php:37
#44 \vendor\laravel\framework\src\Illuminate\Pipeline\Pipeline.php:180
#45 \vendor\laravel\framework\src\Illuminate\Cookie\Middleware\EncryptCookies.php:67
#46 \vendor\laravel\framework\src\Illuminate\Pipeline\Pipeline.php:180
#47 \vendor\laramin\utility\src\Utility.php:14
#48 \vendor\laravel\framework\src\Illuminate\Pipeline\Pipeline.php:180
#49 \vendor\laravel\framework\src\Illuminate\Pipeline\Pipeline.php:116
  
[2025-07-02 12:26:39] production.INFO: Model: App\Models\LivraisonInfo
Relation: receiverClient
Num-Called: 20
Call-Stack:
#19 \storage\framework\views\14ce5eef03daf899bb3004526ab66eaff3b970e3.php:76
#21 \vendor\laravel\framework\src\Illuminate\Filesystem\Filesystem.php:110
#22 \vendor\laravel\framework\src\Illuminate\View\Engines\PhpEngine.php:58
#23 \vendor\laravel\framework\src\Illuminate\View\Engines\CompilerEngine.php:70
#24 \vendor\laravel\framework\src\Illuminate\View\View.php:195
#25 \vendor\laravel\framework\src\Illuminate\View\View.php:178
#26 \vendor\laravel\framework\src\Illuminate\View\View.php:147
#27 \vendor\laravel\framework\src\Illuminate\Http\Response.php:69
#28 \vendor\laravel\framework\src\Illuminate\Http\Response.php:35
#29 \vendor\laravel\framework\src\Illuminate\Routing\Router.php:906
#30 \vendor\laravel\framework\src\Illuminate\Routing\Router.php:875
#31 \vendor\laravel\framework\src\Illuminate\Routing\Router.php:797
#32 \vendor\laravel\framework\src\Illuminate\Pipeline\Pipeline.php:141
#33 \app\Http\Middleware\Manager.php:20
#34 \vendor\laravel\framework\src\Illuminate\Pipeline\Pipeline.php:180
#35 \app\Http\Middleware\CheckStatus.php:22
#36 \vendor\laravel\framework\src\Illuminate\Pipeline\Pipeline.php:180
#37 \app\Http\Middleware\MaintenanceMode.php:25
#38 \vendor\laravel\framework\src\Illuminate\Pipeline\Pipeline.php:180
#39 \vendor\laravel\framework\src\Illuminate\Routing\Middleware\SubstituteBindings.php:50
#40 \vendor\laravel\framework\src\Illuminate\Pipeline\Pipeline.php:180
#41 \app\Http\Middleware\Authenticate.php:35
#42 \vendor\laravel\framework\src\Illuminate\Pipeline\Pipeline.php:180
#43 \vendor\laravel\framework\src\Illuminate\Foundation\Http\Middleware\VerifyCsrfToken.php:78
#44 \vendor\laravel\framework\src\Illuminate\Pipeline\Pipeline.php:180
#45 \vendor\laravel\framework\src\Illuminate\View\Middleware\ShareErrorsFromSession.php:49
#46 \vendor\laravel\framework\src\Illuminate\Pipeline\Pipeline.php:180
#47 \vendor\laravel\framework\src\Illuminate\Session\Middleware\StartSession.php:121
#48 \vendor\laravel\framework\src\Illuminate\Session\Middleware\StartSession.php:64
#49 \vendor\laravel\framework\src\Illuminate\Pipeline\Pipeline.php:180
  
[2025-07-02 12:26:56] production.INFO: Detected N+1 Query  
[2025-07-02 12:26:56] production.INFO: Model: App\Models\LivraisonInfo
Relation: App\Models\Magasin
Num-Called: 2
Call-Stack:
#18 \app\Http\Controllers\Manager\LivraisonController.php:474
#19 \app\Http\Controllers\Manager\LivraisonController.php:354
#20 \vendor\laravel\framework\src\Illuminate\Routing\Controller.php:54
#21 \vendor\laravel\framework\src\Illuminate\Routing\ControllerDispatcher.php:43
#22 \vendor\laravel\framework\src\Illuminate\Routing\Route.php:259
#23 \vendor\laravel\framework\src\Illuminate\Routing\Route.php:205
#24 \vendor\laravel\framework\src\Illuminate\Routing\Router.php:798
#25 \vendor\laravel\framework\src\Illuminate\Pipeline\Pipeline.php:141
#26 \app\Http\Middleware\Manager.php:20
#27 \vendor\laravel\framework\src\Illuminate\Pipeline\Pipeline.php:180
#28 \app\Http\Middleware\CheckStatus.php:22
#29 \vendor\laravel\framework\src\Illuminate\Pipeline\Pipeline.php:180
#30 \app\Http\Middleware\MaintenanceMode.php:25
#31 \vendor\laravel\framework\src\Illuminate\Pipeline\Pipeline.php:180
#32 \vendor\laravel\framework\src\Illuminate\Routing\Middleware\SubstituteBindings.php:50
#33 \vendor\laravel\framework\src\Illuminate\Pipeline\Pipeline.php:180
#34 \app\Http\Middleware\Authenticate.php:35
#35 \vendor\laravel\framework\src\Illuminate\Pipeline\Pipeline.php:180
#36 \vendor\laravel\framework\src\Illuminate\Foundation\Http\Middleware\VerifyCsrfToken.php:78
#37 \vendor\laravel\framework\src\Illuminate\Pipeline\Pipeline.php:180
#38 \vendor\laravel\framework\src\Illuminate\View\Middleware\ShareErrorsFromSession.php:49
#39 \vendor\laravel\framework\src\Illuminate\Pipeline\Pipeline.php:180
#40 \vendor\laravel\framework\src\Illuminate\Session\Middleware\StartSession.php:121
#41 \vendor\laravel\framework\src\Illuminate\Session\Middleware\StartSession.php:64
#42 \vendor\laravel\framework\src\Illuminate\Pipeline\Pipeline.php:180
#43 \vendor\laravel\framework\src\Illuminate\Cookie\Middleware\AddQueuedCookiesToResponse.php:37
#44 \vendor\laravel\framework\src\Illuminate\Pipeline\Pipeline.php:180
#45 \vendor\laravel\framework\src\Illuminate\Cookie\Middleware\EncryptCookies.php:67
#46 \vendor\laravel\framework\src\Illuminate\Pipeline\Pipeline.php:180
#47 \vendor\laramin\utility\src\Utility.php:14
#48 \vendor\laravel\framework\src\Illuminate\Pipeline\Pipeline.php:180
#49 \vendor\laravel\framework\src\Illuminate\Pipeline\Pipeline.php:116
  
[2025-07-02 12:26:56] production.INFO: Model: App\Models\LivraisonInfo
Relation: App\Models\User
Num-Called: 2
Call-Stack:
#18 \app\Http\Controllers\Manager\LivraisonController.php:474
#19 \app\Http\Controllers\Manager\LivraisonController.php:354
#20 \vendor\laravel\framework\src\Illuminate\Routing\Controller.php:54
#21 \vendor\laravel\framework\src\Illuminate\Routing\ControllerDispatcher.php:43
#22 \vendor\laravel\framework\src\Illuminate\Routing\Route.php:259
#23 \vendor\laravel\framework\src\Illuminate\Routing\Route.php:205
#24 \vendor\laravel\framework\src\Illuminate\Routing\Router.php:798
#25 \vendor\laravel\framework\src\Illuminate\Pipeline\Pipeline.php:141
#26 \app\Http\Middleware\Manager.php:20
#27 \vendor\laravel\framework\src\Illuminate\Pipeline\Pipeline.php:180
#28 \app\Http\Middleware\CheckStatus.php:22
#29 \vendor\laravel\framework\src\Illuminate\Pipeline\Pipeline.php:180
#30 \app\Http\Middleware\MaintenanceMode.php:25
#31 \vendor\laravel\framework\src\Illuminate\Pipeline\Pipeline.php:180
#32 \vendor\laravel\framework\src\Illuminate\Routing\Middleware\SubstituteBindings.php:50
#33 \vendor\laravel\framework\src\Illuminate\Pipeline\Pipeline.php:180
#34 \app\Http\Middleware\Authenticate.php:35
#35 \vendor\laravel\framework\src\Illuminate\Pipeline\Pipeline.php:180
#36 \vendor\laravel\framework\src\Illuminate\Foundation\Http\Middleware\VerifyCsrfToken.php:78
#37 \vendor\laravel\framework\src\Illuminate\Pipeline\Pipeline.php:180
#38 \vendor\laravel\framework\src\Illuminate\View\Middleware\ShareErrorsFromSession.php:49
#39 \vendor\laravel\framework\src\Illuminate\Pipeline\Pipeline.php:180
#40 \vendor\laravel\framework\src\Illuminate\Session\Middleware\StartSession.php:121
#41 \vendor\laravel\framework\src\Illuminate\Session\Middleware\StartSession.php:64
#42 \vendor\laravel\framework\src\Illuminate\Pipeline\Pipeline.php:180
#43 \vendor\laravel\framework\src\Illuminate\Cookie\Middleware\AddQueuedCookiesToResponse.php:37
#44 \vendor\laravel\framework\src\Illuminate\Pipeline\Pipeline.php:180
#45 \vendor\laravel\framework\src\Illuminate\Cookie\Middleware\EncryptCookies.php:67
#46 \vendor\laravel\framework\src\Illuminate\Pipeline\Pipeline.php:180
#47 \vendor\laramin\utility\src\Utility.php:14
#48 \vendor\laravel\framework\src\Illuminate\Pipeline\Pipeline.php:180
#49 \vendor\laravel\framework\src\Illuminate\Pipeline\Pipeline.php:116
  
[2025-07-02 12:26:56] production.INFO: Model: App\Models\LivraisonInfo
Relation: App\Models\LivraisonPayment
Num-Called: 2
Call-Stack:
#18 \app\Http\Controllers\Manager\LivraisonController.php:474
#19 \app\Http\Controllers\Manager\LivraisonController.php:354
#20 \vendor\laravel\framework\src\Illuminate\Routing\Controller.php:54
#21 \vendor\laravel\framework\src\Illuminate\Routing\ControllerDispatcher.php:43
#22 \vendor\laravel\framework\src\Illuminate\Routing\Route.php:259
#23 \vendor\laravel\framework\src\Illuminate\Routing\Route.php:205
#24 \vendor\laravel\framework\src\Illuminate\Routing\Router.php:798
#25 \vendor\laravel\framework\src\Illuminate\Pipeline\Pipeline.php:141
#26 \app\Http\Middleware\Manager.php:20
#27 \vendor\laravel\framework\src\Illuminate\Pipeline\Pipeline.php:180
#28 \app\Http\Middleware\CheckStatus.php:22
#29 \vendor\laravel\framework\src\Illuminate\Pipeline\Pipeline.php:180
#30 \app\Http\Middleware\MaintenanceMode.php:25
#31 \vendor\laravel\framework\src\Illuminate\Pipeline\Pipeline.php:180
#32 \vendor\laravel\framework\src\Illuminate\Routing\Middleware\SubstituteBindings.php:50
#33 \vendor\laravel\framework\src\Illuminate\Pipeline\Pipeline.php:180
#34 \app\Http\Middleware\Authenticate.php:35
#35 \vendor\laravel\framework\src\Illuminate\Pipeline\Pipeline.php:180
#36 \vendor\laravel\framework\src\Illuminate\Foundation\Http\Middleware\VerifyCsrfToken.php:78
#37 \vendor\laravel\framework\src\Illuminate\Pipeline\Pipeline.php:180
#38 \vendor\laravel\framework\src\Illuminate\View\Middleware\ShareErrorsFromSession.php:49
#39 \vendor\laravel\framework\src\Illuminate\Pipeline\Pipeline.php:180
#40 \vendor\laravel\framework\src\Illuminate\Session\Middleware\StartSession.php:121
#41 \vendor\laravel\framework\src\Illuminate\Session\Middleware\StartSession.php:64
#42 \vendor\laravel\framework\src\Illuminate\Pipeline\Pipeline.php:180
#43 \vendor\laravel\framework\src\Illuminate\Cookie\Middleware\AddQueuedCookiesToResponse.php:37
#44 \vendor\laravel\framework\src\Illuminate\Pipeline\Pipeline.php:180
#45 \vendor\laravel\framework\src\Illuminate\Cookie\Middleware\EncryptCookies.php:67
#46 \vendor\laravel\framework\src\Illuminate\Pipeline\Pipeline.php:180
#47 \vendor\laramin\utility\src\Utility.php:14
#48 \vendor\laravel\framework\src\Illuminate\Pipeline\Pipeline.php:180
#49 \vendor\laravel\framework\src\Illuminate\Pipeline\Pipeline.php:116
  
[2025-07-02 12:26:56] production.INFO: Model: App\Models\LivraisonInfo
Relation: receiverClient
Num-Called: 20
Call-Stack:
#19 \storage\framework\views\14ce5eef03daf899bb3004526ab66eaff3b970e3.php:76
#21 \vendor\laravel\framework\src\Illuminate\Filesystem\Filesystem.php:110
#22 \vendor\laravel\framework\src\Illuminate\View\Engines\PhpEngine.php:58
#23 \vendor\laravel\framework\src\Illuminate\View\Engines\CompilerEngine.php:70
#24 \vendor\laravel\framework\src\Illuminate\View\View.php:195
#25 \vendor\laravel\framework\src\Illuminate\View\View.php:178
#26 \vendor\laravel\framework\src\Illuminate\View\View.php:147
#27 \vendor\laravel\framework\src\Illuminate\Http\Response.php:69
#28 \vendor\laravel\framework\src\Illuminate\Http\Response.php:35
#29 \vendor\laravel\framework\src\Illuminate\Routing\Router.php:906
#30 \vendor\laravel\framework\src\Illuminate\Routing\Router.php:875
#31 \vendor\laravel\framework\src\Illuminate\Routing\Router.php:797
#32 \vendor\laravel\framework\src\Illuminate\Pipeline\Pipeline.php:141
#33 \app\Http\Middleware\Manager.php:20
#34 \vendor\laravel\framework\src\Illuminate\Pipeline\Pipeline.php:180
#35 \app\Http\Middleware\CheckStatus.php:22
#36 \vendor\laravel\framework\src\Illuminate\Pipeline\Pipeline.php:180
#37 \app\Http\Middleware\MaintenanceMode.php:25
#38 \vendor\laravel\framework\src\Illuminate\Pipeline\Pipeline.php:180
#39 \vendor\laravel\framework\src\Illuminate\Routing\Middleware\SubstituteBindings.php:50
#40 \vendor\laravel\framework\src\Illuminate\Pipeline\Pipeline.php:180
#41 \app\Http\Middleware\Authenticate.php:35
#42 \vendor\laravel\framework\src\Illuminate\Pipeline\Pipeline.php:180
#43 \vendor\laravel\framework\src\Illuminate\Foundation\Http\Middleware\VerifyCsrfToken.php:78
#44 \vendor\laravel\framework\src\Illuminate\Pipeline\Pipeline.php:180
#45 \vendor\laravel\framework\src\Illuminate\View\Middleware\ShareErrorsFromSession.php:49
#46 \vendor\laravel\framework\src\Illuminate\Pipeline\Pipeline.php:180
#47 \vendor\laravel\framework\src\Illuminate\Session\Middleware\StartSession.php:121
#48 \vendor\laravel\framework\src\Illuminate\Session\Middleware\StartSession.php:64
#49 \vendor\laravel\framework\src\Illuminate\Pipeline\Pipeline.php:180
  
[2025-07-02 12:27:04] production.INFO: Detected N+1 Query  
[2025-07-02 12:27:04] production.INFO: Model: App\Models\LivraisonInfo
Relation: App\Models\Magasin
Num-Called: 2
Call-Stack:
#18 \app\Http\Controllers\Manager\LivraisonController.php:474
#19 \app\Http\Controllers\Manager\LivraisonController.php:354
#20 \vendor\laravel\framework\src\Illuminate\Routing\Controller.php:54
#21 \vendor\laravel\framework\src\Illuminate\Routing\ControllerDispatcher.php:43
#22 \vendor\laravel\framework\src\Illuminate\Routing\Route.php:259
#23 \vendor\laravel\framework\src\Illuminate\Routing\Route.php:205
#24 \vendor\laravel\framework\src\Illuminate\Routing\Router.php:798
#25 \vendor\laravel\framework\src\Illuminate\Pipeline\Pipeline.php:141
#26 \app\Http\Middleware\Manager.php:20
#27 \vendor\laravel\framework\src\Illuminate\Pipeline\Pipeline.php:180
#28 \app\Http\Middleware\CheckStatus.php:22
#29 \vendor\laravel\framework\src\Illuminate\Pipeline\Pipeline.php:180
#30 \app\Http\Middleware\MaintenanceMode.php:25
#31 \vendor\laravel\framework\src\Illuminate\Pipeline\Pipeline.php:180
#32 \vendor\laravel\framework\src\Illuminate\Routing\Middleware\SubstituteBindings.php:50
#33 \vendor\laravel\framework\src\Illuminate\Pipeline\Pipeline.php:180
#34 \app\Http\Middleware\Authenticate.php:35
#35 \vendor\laravel\framework\src\Illuminate\Pipeline\Pipeline.php:180
#36 \vendor\laravel\framework\src\Illuminate\Foundation\Http\Middleware\VerifyCsrfToken.php:78
#37 \vendor\laravel\framework\src\Illuminate\Pipeline\Pipeline.php:180
#38 \vendor\laravel\framework\src\Illuminate\View\Middleware\ShareErrorsFromSession.php:49
#39 \vendor\laravel\framework\src\Illuminate\Pipeline\Pipeline.php:180
#40 \vendor\laravel\framework\src\Illuminate\Session\Middleware\StartSession.php:121
#41 \vendor\laravel\framework\src\Illuminate\Session\Middleware\StartSession.php:64
#42 \vendor\laravel\framework\src\Illuminate\Pipeline\Pipeline.php:180
#43 \vendor\laravel\framework\src\Illuminate\Cookie\Middleware\AddQueuedCookiesToResponse.php:37
#44 \vendor\laravel\framework\src\Illuminate\Pipeline\Pipeline.php:180
#45 \vendor\laravel\framework\src\Illuminate\Cookie\Middleware\EncryptCookies.php:67
#46 \vendor\laravel\framework\src\Illuminate\Pipeline\Pipeline.php:180
#47 \vendor\laramin\utility\src\Utility.php:14
#48 \vendor\laravel\framework\src\Illuminate\Pipeline\Pipeline.php:180
#49 \vendor\laravel\framework\src\Illuminate\Pipeline\Pipeline.php:116
  
[2025-07-02 12:27:04] production.INFO: Model: App\Models\LivraisonInfo
Relation: App\Models\User
Num-Called: 2
Call-Stack:
#18 \app\Http\Controllers\Manager\LivraisonController.php:474
#19 \app\Http\Controllers\Manager\LivraisonController.php:354
#20 \vendor\laravel\framework\src\Illuminate\Routing\Controller.php:54
#21 \vendor\laravel\framework\src\Illuminate\Routing\ControllerDispatcher.php:43
#22 \vendor\laravel\framework\src\Illuminate\Routing\Route.php:259
#23 \vendor\laravel\framework\src\Illuminate\Routing\Route.php:205
#24 \vendor\laravel\framework\src\Illuminate\Routing\Router.php:798
#25 \vendor\laravel\framework\src\Illuminate\Pipeline\Pipeline.php:141
#26 \app\Http\Middleware\Manager.php:20
#27 \vendor\laravel\framework\src\Illuminate\Pipeline\Pipeline.php:180
#28 \app\Http\Middleware\CheckStatus.php:22
#29 \vendor\laravel\framework\src\Illuminate\Pipeline\Pipeline.php:180
#30 \app\Http\Middleware\MaintenanceMode.php:25
#31 \vendor\laravel\framework\src\Illuminate\Pipeline\Pipeline.php:180
#32 \vendor\laravel\framework\src\Illuminate\Routing\Middleware\SubstituteBindings.php:50
#33 \vendor\laravel\framework\src\Illuminate\Pipeline\Pipeline.php:180
#34 \app\Http\Middleware\Authenticate.php:35
#35 \vendor\laravel\framework\src\Illuminate\Pipeline\Pipeline.php:180
#36 \vendor\laravel\framework\src\Illuminate\Foundation\Http\Middleware\VerifyCsrfToken.php:78
#37 \vendor\laravel\framework\src\Illuminate\Pipeline\Pipeline.php:180
#38 \vendor\laravel\framework\src\Illuminate\View\Middleware\ShareErrorsFromSession.php:49
#39 \vendor\laravel\framework\src\Illuminate\Pipeline\Pipeline.php:180
#40 \vendor\laravel\framework\src\Illuminate\Session\Middleware\StartSession.php:121
#41 \vendor\laravel\framework\src\Illuminate\Session\Middleware\StartSession.php:64
#42 \vendor\laravel\framework\src\Illuminate\Pipeline\Pipeline.php:180
#43 \vendor\laravel\framework\src\Illuminate\Cookie\Middleware\AddQueuedCookiesToResponse.php:37
#44 \vendor\laravel\framework\src\Illuminate\Pipeline\Pipeline.php:180
#45 \vendor\laravel\framework\src\Illuminate\Cookie\Middleware\EncryptCookies.php:67
#46 \vendor\laravel\framework\src\Illuminate\Pipeline\Pipeline.php:180
#47 \vendor\laramin\utility\src\Utility.php:14
#48 \vendor\laravel\framework\src\Illuminate\Pipeline\Pipeline.php:180
#49 \vendor\laravel\framework\src\Illuminate\Pipeline\Pipeline.php:116
  
[2025-07-02 12:27:04] production.INFO: Model: App\Models\LivraisonInfo
Relation: App\Models\LivraisonPayment
Num-Called: 2
Call-Stack:
#18 \app\Http\Controllers\Manager\LivraisonController.php:474
#19 \app\Http\Controllers\Manager\LivraisonController.php:354
#20 \vendor\laravel\framework\src\Illuminate\Routing\Controller.php:54
#21 \vendor\laravel\framework\src\Illuminate\Routing\ControllerDispatcher.php:43
#22 \vendor\laravel\framework\src\Illuminate\Routing\Route.php:259
#23 \vendor\laravel\framework\src\Illuminate\Routing\Route.php:205
#24 \vendor\laravel\framework\src\Illuminate\Routing\Router.php:798
#25 \vendor\laravel\framework\src\Illuminate\Pipeline\Pipeline.php:141
#26 \app\Http\Middleware\Manager.php:20
#27 \vendor\laravel\framework\src\Illuminate\Pipeline\Pipeline.php:180
#28 \app\Http\Middleware\CheckStatus.php:22
#29 \vendor\laravel\framework\src\Illuminate\Pipeline\Pipeline.php:180
#30 \app\Http\Middleware\MaintenanceMode.php:25
#31 \vendor\laravel\framework\src\Illuminate\Pipeline\Pipeline.php:180
#32 \vendor\laravel\framework\src\Illuminate\Routing\Middleware\SubstituteBindings.php:50
#33 \vendor\laravel\framework\src\Illuminate\Pipeline\Pipeline.php:180
#34 \app\Http\Middleware\Authenticate.php:35
#35 \vendor\laravel\framework\src\Illuminate\Pipeline\Pipeline.php:180
#36 \vendor\laravel\framework\src\Illuminate\Foundation\Http\Middleware\VerifyCsrfToken.php:78
#37 \vendor\laravel\framework\src\Illuminate\Pipeline\Pipeline.php:180
#38 \vendor\laravel\framework\src\Illuminate\View\Middleware\ShareErrorsFromSession.php:49
#39 \vendor\laravel\framework\src\Illuminate\Pipeline\Pipeline.php:180
#40 \vendor\laravel\framework\src\Illuminate\Session\Middleware\StartSession.php:121
#41 \vendor\laravel\framework\src\Illuminate\Session\Middleware\StartSession.php:64
#42 \vendor\laravel\framework\src\Illuminate\Pipeline\Pipeline.php:180
#43 \vendor\laravel\framework\src\Illuminate\Cookie\Middleware\AddQueuedCookiesToResponse.php:37
#44 \vendor\laravel\framework\src\Illuminate\Pipeline\Pipeline.php:180
#45 \vendor\laravel\framework\src\Illuminate\Cookie\Middleware\EncryptCookies.php:67
#46 \vendor\laravel\framework\src\Illuminate\Pipeline\Pipeline.php:180
#47 \vendor\laramin\utility\src\Utility.php:14
#48 \vendor\laravel\framework\src\Illuminate\Pipeline\Pipeline.php:180
#49 \vendor\laravel\framework\src\Illuminate\Pipeline\Pipeline.php:116
  
[2025-07-02 12:27:04] production.INFO: Model: App\Models\LivraisonInfo
Relation: receiverClient
Num-Called: 20
Call-Stack:
#19 \storage\framework\views\14ce5eef03daf899bb3004526ab66eaff3b970e3.php:76
#21 \vendor\laravel\framework\src\Illuminate\Filesystem\Filesystem.php:110
#22 \vendor\laravel\framework\src\Illuminate\View\Engines\PhpEngine.php:58
#23 \vendor\laravel\framework\src\Illuminate\View\Engines\CompilerEngine.php:70
#24 \vendor\laravel\framework\src\Illuminate\View\View.php:195
#25 \vendor\laravel\framework\src\Illuminate\View\View.php:178
#26 \vendor\laravel\framework\src\Illuminate\View\View.php:147
#27 \vendor\laravel\framework\src\Illuminate\Http\Response.php:69
#28 \vendor\laravel\framework\src\Illuminate\Http\Response.php:35
#29 \vendor\laravel\framework\src\Illuminate\Routing\Router.php:906
#30 \vendor\laravel\framework\src\Illuminate\Routing\Router.php:875
#31 \vendor\laravel\framework\src\Illuminate\Routing\Router.php:797
#32 \vendor\laravel\framework\src\Illuminate\Pipeline\Pipeline.php:141
#33 \app\Http\Middleware\Manager.php:20
#34 \vendor\laravel\framework\src\Illuminate\Pipeline\Pipeline.php:180
#35 \app\Http\Middleware\CheckStatus.php:22
#36 \vendor\laravel\framework\src\Illuminate\Pipeline\Pipeline.php:180
#37 \app\Http\Middleware\MaintenanceMode.php:25
#38 \vendor\laravel\framework\src\Illuminate\Pipeline\Pipeline.php:180
#39 \vendor\laravel\framework\src\Illuminate\Routing\Middleware\SubstituteBindings.php:50
#40 \vendor\laravel\framework\src\Illuminate\Pipeline\Pipeline.php:180
#41 \app\Http\Middleware\Authenticate.php:35
#42 \vendor\laravel\framework\src\Illuminate\Pipeline\Pipeline.php:180
#43 \vendor\laravel\framework\src\Illuminate\Foundation\Http\Middleware\VerifyCsrfToken.php:78
#44 \vendor\laravel\framework\src\Illuminate\Pipeline\Pipeline.php:180
#45 \vendor\laravel\framework\src\Illuminate\View\Middleware\ShareErrorsFromSession.php:49
#46 \vendor\laravel\framework\src\Illuminate\Pipeline\Pipeline.php:180
#47 \vendor\laravel\framework\src\Illuminate\Session\Middleware\StartSession.php:121
#48 \vendor\laravel\framework\src\Illuminate\Session\Middleware\StartSession.php:64
#49 \vendor\laravel\framework\src\Illuminate\Pipeline\Pipeline.php:180
  
[2025-07-02 12:27:19] production.INFO: Detected N+1 Query  
[2025-07-02 12:27:19] production.INFO: Model: App\Models\LivraisonInfo
Relation: App\Models\Magasin
Num-Called: 2
Call-Stack:
#18 \app\Http\Controllers\Manager\LivraisonController.php:474
#19 \app\Http\Controllers\Manager\LivraisonController.php:354
#20 \vendor\laravel\framework\src\Illuminate\Routing\Controller.php:54
#21 \vendor\laravel\framework\src\Illuminate\Routing\ControllerDispatcher.php:43
#22 \vendor\laravel\framework\src\Illuminate\Routing\Route.php:259
#23 \vendor\laravel\framework\src\Illuminate\Routing\Route.php:205
#24 \vendor\laravel\framework\src\Illuminate\Routing\Router.php:798
#25 \vendor\laravel\framework\src\Illuminate\Pipeline\Pipeline.php:141
#26 \app\Http\Middleware\Manager.php:20
#27 \vendor\laravel\framework\src\Illuminate\Pipeline\Pipeline.php:180
#28 \app\Http\Middleware\CheckStatus.php:22
#29 \vendor\laravel\framework\src\Illuminate\Pipeline\Pipeline.php:180
#30 \app\Http\Middleware\MaintenanceMode.php:25
#31 \vendor\laravel\framework\src\Illuminate\Pipeline\Pipeline.php:180
#32 \vendor\laravel\framework\src\Illuminate\Routing\Middleware\SubstituteBindings.php:50
#33 \vendor\laravel\framework\src\Illuminate\Pipeline\Pipeline.php:180
#34 \app\Http\Middleware\Authenticate.php:35
#35 \vendor\laravel\framework\src\Illuminate\Pipeline\Pipeline.php:180
#36 \vendor\laravel\framework\src\Illuminate\Foundation\Http\Middleware\VerifyCsrfToken.php:78
#37 \vendor\laravel\framework\src\Illuminate\Pipeline\Pipeline.php:180
#38 \vendor\laravel\framework\src\Illuminate\View\Middleware\ShareErrorsFromSession.php:49
#39 \vendor\laravel\framework\src\Illuminate\Pipeline\Pipeline.php:180
#40 \vendor\laravel\framework\src\Illuminate\Session\Middleware\StartSession.php:121
#41 \vendor\laravel\framework\src\Illuminate\Session\Middleware\StartSession.php:64
#42 \vendor\laravel\framework\src\Illuminate\Pipeline\Pipeline.php:180
#43 \vendor\laravel\framework\src\Illuminate\Cookie\Middleware\AddQueuedCookiesToResponse.php:37
#44 \vendor\laravel\framework\src\Illuminate\Pipeline\Pipeline.php:180
#45 \vendor\laravel\framework\src\Illuminate\Cookie\Middleware\EncryptCookies.php:67
#46 \vendor\laravel\framework\src\Illuminate\Pipeline\Pipeline.php:180
#47 \vendor\laramin\utility\src\Utility.php:14
#48 \vendor\laravel\framework\src\Illuminate\Pipeline\Pipeline.php:180
#49 \vendor\laravel\framework\src\Illuminate\Pipeline\Pipeline.php:116
  
[2025-07-02 12:27:19] production.INFO: Model: App\Models\LivraisonInfo
Relation: App\Models\User
Num-Called: 2
Call-Stack:
#18 \app\Http\Controllers\Manager\LivraisonController.php:474
#19 \app\Http\Controllers\Manager\LivraisonController.php:354
#20 \vendor\laravel\framework\src\Illuminate\Routing\Controller.php:54
#21 \vendor\laravel\framework\src\Illuminate\Routing\ControllerDispatcher.php:43
#22 \vendor\laravel\framework\src\Illuminate\Routing\Route.php:259
#23 \vendor\laravel\framework\src\Illuminate\Routing\Route.php:205
#24 \vendor\laravel\framework\src\Illuminate\Routing\Router.php:798
#25 \vendor\laravel\framework\src\Illuminate\Pipeline\Pipeline.php:141
#26 \app\Http\Middleware\Manager.php:20
#27 \vendor\laravel\framework\src\Illuminate\Pipeline\Pipeline.php:180
#28 \app\Http\Middleware\CheckStatus.php:22
#29 \vendor\laravel\framework\src\Illuminate\Pipeline\Pipeline.php:180
#30 \app\Http\Middleware\MaintenanceMode.php:25
#31 \vendor\laravel\framework\src\Illuminate\Pipeline\Pipeline.php:180
#32 \vendor\laravel\framework\src\Illuminate\Routing\Middleware\SubstituteBindings.php:50
#33 \vendor\laravel\framework\src\Illuminate\Pipeline\Pipeline.php:180
#34 \app\Http\Middleware\Authenticate.php:35
#35 \vendor\laravel\framework\src\Illuminate\Pipeline\Pipeline.php:180
#36 \vendor\laravel\framework\src\Illuminate\Foundation\Http\Middleware\VerifyCsrfToken.php:78
#37 \vendor\laravel\framework\src\Illuminate\Pipeline\Pipeline.php:180
#38 \vendor\laravel\framework\src\Illuminate\View\Middleware\ShareErrorsFromSession.php:49
#39 \vendor\laravel\framework\src\Illuminate\Pipeline\Pipeline.php:180
#40 \vendor\laravel\framework\src\Illuminate\Session\Middleware\StartSession.php:121
#41 \vendor\laravel\framework\src\Illuminate\Session\Middleware\StartSession.php:64
#42 \vendor\laravel\framework\src\Illuminate\Pipeline\Pipeline.php:180
#43 \vendor\laravel\framework\src\Illuminate\Cookie\Middleware\AddQueuedCookiesToResponse.php:37
#44 \vendor\laravel\framework\src\Illuminate\Pipeline\Pipeline.php:180
#45 \vendor\laravel\framework\src\Illuminate\Cookie\Middleware\EncryptCookies.php:67
#46 \vendor\laravel\framework\src\Illuminate\Pipeline\Pipeline.php:180
#47 \vendor\laramin\utility\src\Utility.php:14
#48 \vendor\laravel\framework\src\Illuminate\Pipeline\Pipeline.php:180
#49 \vendor\laravel\framework\src\Illuminate\Pipeline\Pipeline.php:116
  
[2025-07-02 12:27:19] production.INFO: Model: App\Models\LivraisonInfo
Relation: App\Models\LivraisonPayment
Num-Called: 2
Call-Stack:
#18 \app\Http\Controllers\Manager\LivraisonController.php:474
#19 \app\Http\Controllers\Manager\LivraisonController.php:354
#20 \vendor\laravel\framework\src\Illuminate\Routing\Controller.php:54
#21 \vendor\laravel\framework\src\Illuminate\Routing\ControllerDispatcher.php:43
#22 \vendor\laravel\framework\src\Illuminate\Routing\Route.php:259
#23 \vendor\laravel\framework\src\Illuminate\Routing\Route.php:205
#24 \vendor\laravel\framework\src\Illuminate\Routing\Router.php:798
#25 \vendor\laravel\framework\src\Illuminate\Pipeline\Pipeline.php:141
#26 \app\Http\Middleware\Manager.php:20
#27 \vendor\laravel\framework\src\Illuminate\Pipeline\Pipeline.php:180
#28 \app\Http\Middleware\CheckStatus.php:22
#29 \vendor\laravel\framework\src\Illuminate\Pipeline\Pipeline.php:180
#30 \app\Http\Middleware\MaintenanceMode.php:25
#31 \vendor\laravel\framework\src\Illuminate\Pipeline\Pipeline.php:180
#32 \vendor\laravel\framework\src\Illuminate\Routing\Middleware\SubstituteBindings.php:50
#33 \vendor\laravel\framework\src\Illuminate\Pipeline\Pipeline.php:180
#34 \app\Http\Middleware\Authenticate.php:35
#35 \vendor\laravel\framework\src\Illuminate\Pipeline\Pipeline.php:180
#36 \vendor\laravel\framework\src\Illuminate\Foundation\Http\Middleware\VerifyCsrfToken.php:78
#37 \vendor\laravel\framework\src\Illuminate\Pipeline\Pipeline.php:180
#38 \vendor\laravel\framework\src\Illuminate\View\Middleware\ShareErrorsFromSession.php:49
#39 \vendor\laravel\framework\src\Illuminate\Pipeline\Pipeline.php:180
#40 \vendor\laravel\framework\src\Illuminate\Session\Middleware\StartSession.php:121
#41 \vendor\laravel\framework\src\Illuminate\Session\Middleware\StartSession.php:64
#42 \vendor\laravel\framework\src\Illuminate\Pipeline\Pipeline.php:180
#43 \vendor\laravel\framework\src\Illuminate\Cookie\Middleware\AddQueuedCookiesToResponse.php:37
#44 \vendor\laravel\framework\src\Illuminate\Pipeline\Pipeline.php:180
#45 \vendor\laravel\framework\src\Illuminate\Cookie\Middleware\EncryptCookies.php:67
#46 \vendor\laravel\framework\src\Illuminate\Pipeline\Pipeline.php:180
#47 \vendor\laramin\utility\src\Utility.php:14
#48 \vendor\laravel\framework\src\Illuminate\Pipeline\Pipeline.php:180
#49 \vendor\laravel\framework\src\Illuminate\Pipeline\Pipeline.php:116
  
[2025-07-02 12:27:19] production.INFO: Model: App\Models\LivraisonInfo
Relation: receiverClient
Num-Called: 20
Call-Stack:
#19 \storage\framework\views\14ce5eef03daf899bb3004526ab66eaff3b970e3.php:76
#21 \vendor\laravel\framework\src\Illuminate\Filesystem\Filesystem.php:110
#22 \vendor\laravel\framework\src\Illuminate\View\Engines\PhpEngine.php:58
#23 \vendor\laravel\framework\src\Illuminate\View\Engines\CompilerEngine.php:70
#24 \vendor\laravel\framework\src\Illuminate\View\View.php:195
#25 \vendor\laravel\framework\src\Illuminate\View\View.php:178
#26 \vendor\laravel\framework\src\Illuminate\View\View.php:147
#27 \vendor\laravel\framework\src\Illuminate\Http\Response.php:69
#28 \vendor\laravel\framework\src\Illuminate\Http\Response.php:35
#29 \vendor\laravel\framework\src\Illuminate\Routing\Router.php:906
#30 \vendor\laravel\framework\src\Illuminate\Routing\Router.php:875
#31 \vendor\laravel\framework\src\Illuminate\Routing\Router.php:797
#32 \vendor\laravel\framework\src\Illuminate\Pipeline\Pipeline.php:141
#33 \app\Http\Middleware\Manager.php:20
#34 \vendor\laravel\framework\src\Illuminate\Pipeline\Pipeline.php:180
#35 \app\Http\Middleware\CheckStatus.php:22
#36 \vendor\laravel\framework\src\Illuminate\Pipeline\Pipeline.php:180
#37 \app\Http\Middleware\MaintenanceMode.php:25
#38 \vendor\laravel\framework\src\Illuminate\Pipeline\Pipeline.php:180
#39 \vendor\laravel\framework\src\Illuminate\Routing\Middleware\SubstituteBindings.php:50
#40 \vendor\laravel\framework\src\Illuminate\Pipeline\Pipeline.php:180
#41 \app\Http\Middleware\Authenticate.php:35
#42 \vendor\laravel\framework\src\Illuminate\Pipeline\Pipeline.php:180
#43 \vendor\laravel\framework\src\Illuminate\Foundation\Http\Middleware\VerifyCsrfToken.php:78
#44 \vendor\laravel\framework\src\Illuminate\Pipeline\Pipeline.php:180
#45 \vendor\laravel\framework\src\Illuminate\View\Middleware\ShareErrorsFromSession.php:49
#46 \vendor\laravel\framework\src\Illuminate\Pipeline\Pipeline.php:180
#47 \vendor\laravel\framework\src\Illuminate\Session\Middleware\StartSession.php:121
#48 \vendor\laravel\framework\src\Illuminate\Session\Middleware\StartSession.php:64
#49 \vendor\laravel\framework\src\Illuminate\Pipeline\Pipeline.php:180
  
[2025-07-02 12:27:36] production.INFO: Detected N+1 Query  
[2025-07-02 12:27:36] production.INFO: Model: App\Models\LivraisonInfo
Relation: App\Models\Magasin
Num-Called: 2
Call-Stack:
#18 \app\Http\Controllers\Manager\LivraisonController.php:474
#19 \app\Http\Controllers\Manager\LivraisonController.php:354
#20 \vendor\laravel\framework\src\Illuminate\Routing\Controller.php:54
#21 \vendor\laravel\framework\src\Illuminate\Routing\ControllerDispatcher.php:43
#22 \vendor\laravel\framework\src\Illuminate\Routing\Route.php:259
#23 \vendor\laravel\framework\src\Illuminate\Routing\Route.php:205
#24 \vendor\laravel\framework\src\Illuminate\Routing\Router.php:798
#25 \vendor\laravel\framework\src\Illuminate\Pipeline\Pipeline.php:141
#26 \app\Http\Middleware\Manager.php:20
#27 \vendor\laravel\framework\src\Illuminate\Pipeline\Pipeline.php:180
#28 \app\Http\Middleware\CheckStatus.php:22
#29 \vendor\laravel\framework\src\Illuminate\Pipeline\Pipeline.php:180
#30 \app\Http\Middleware\MaintenanceMode.php:25
#31 \vendor\laravel\framework\src\Illuminate\Pipeline\Pipeline.php:180
#32 \vendor\laravel\framework\src\Illuminate\Routing\Middleware\SubstituteBindings.php:50
#33 \vendor\laravel\framework\src\Illuminate\Pipeline\Pipeline.php:180
#34 \app\Http\Middleware\Authenticate.php:35
#35 \vendor\laravel\framework\src\Illuminate\Pipeline\Pipeline.php:180
#36 \vendor\laravel\framework\src\Illuminate\Foundation\Http\Middleware\VerifyCsrfToken.php:78
#37 \vendor\laravel\framework\src\Illuminate\Pipeline\Pipeline.php:180
#38 \vendor\laravel\framework\src\Illuminate\View\Middleware\ShareErrorsFromSession.php:49
#39 \vendor\laravel\framework\src\Illuminate\Pipeline\Pipeline.php:180
#40 \vendor\laravel\framework\src\Illuminate\Session\Middleware\StartSession.php:121
#41 \vendor\laravel\framework\src\Illuminate\Session\Middleware\StartSession.php:64
#42 \vendor\laravel\framework\src\Illuminate\Pipeline\Pipeline.php:180
#43 \vendor\laravel\framework\src\Illuminate\Cookie\Middleware\AddQueuedCookiesToResponse.php:37
#44 \vendor\laravel\framework\src\Illuminate\Pipeline\Pipeline.php:180
#45 \vendor\laravel\framework\src\Illuminate\Cookie\Middleware\EncryptCookies.php:67
#46 \vendor\laravel\framework\src\Illuminate\Pipeline\Pipeline.php:180
#47 \vendor\laramin\utility\src\Utility.php:14
#48 \vendor\laravel\framework\src\Illuminate\Pipeline\Pipeline.php:180
#49 \vendor\laravel\framework\src\Illuminate\Pipeline\Pipeline.php:116
  
[2025-07-02 12:27:36] production.INFO: Model: App\Models\LivraisonInfo
Relation: App\Models\User
Num-Called: 2
Call-Stack:
#18 \app\Http\Controllers\Manager\LivraisonController.php:474
#19 \app\Http\Controllers\Manager\LivraisonController.php:354
#20 \vendor\laravel\framework\src\Illuminate\Routing\Controller.php:54
#21 \vendor\laravel\framework\src\Illuminate\Routing\ControllerDispatcher.php:43
#22 \vendor\laravel\framework\src\Illuminate\Routing\Route.php:259
#23 \vendor\laravel\framework\src\Illuminate\Routing\Route.php:205
#24 \vendor\laravel\framework\src\Illuminate\Routing\Router.php:798
#25 \vendor\laravel\framework\src\Illuminate\Pipeline\Pipeline.php:141
#26 \app\Http\Middleware\Manager.php:20
#27 \vendor\laravel\framework\src\Illuminate\Pipeline\Pipeline.php:180
#28 \app\Http\Middleware\CheckStatus.php:22
#29 \vendor\laravel\framework\src\Illuminate\Pipeline\Pipeline.php:180
#30 \app\Http\Middleware\MaintenanceMode.php:25
#31 \vendor\laravel\framework\src\Illuminate\Pipeline\Pipeline.php:180
#32 \vendor\laravel\framework\src\Illuminate\Routing\Middleware\SubstituteBindings.php:50
#33 \vendor\laravel\framework\src\Illuminate\Pipeline\Pipeline.php:180
#34 \app\Http\Middleware\Authenticate.php:35
#35 \vendor\laravel\framework\src\Illuminate\Pipeline\Pipeline.php:180
#36 \vendor\laravel\framework\src\Illuminate\Foundation\Http\Middleware\VerifyCsrfToken.php:78
#37 \vendor\laravel\framework\src\Illuminate\Pipeline\Pipeline.php:180
#38 \vendor\laravel\framework\src\Illuminate\View\Middleware\ShareErrorsFromSession.php:49
#39 \vendor\laravel\framework\src\Illuminate\Pipeline\Pipeline.php:180
#40 \vendor\laravel\framework\src\Illuminate\Session\Middleware\StartSession.php:121
#41 \vendor\laravel\framework\src\Illuminate\Session\Middleware\StartSession.php:64
#42 \vendor\laravel\framework\src\Illuminate\Pipeline\Pipeline.php:180
#43 \vendor\laravel\framework\src\Illuminate\Cookie\Middleware\AddQueuedCookiesToResponse.php:37
#44 \vendor\laravel\framework\src\Illuminate\Pipeline\Pipeline.php:180
#45 \vendor\laravel\framework\src\Illuminate\Cookie\Middleware\EncryptCookies.php:67
#46 \vendor\laravel\framework\src\Illuminate\Pipeline\Pipeline.php:180
#47 \vendor\laramin\utility\src\Utility.php:14
#48 \vendor\laravel\framework\src\Illuminate\Pipeline\Pipeline.php:180
#49 \vendor\laravel\framework\src\Illuminate\Pipeline\Pipeline.php:116
  
[2025-07-02 12:27:36] production.INFO: Model: App\Models\LivraisonInfo
Relation: App\Models\LivraisonPayment
Num-Called: 2
Call-Stack:
#18 \app\Http\Controllers\Manager\LivraisonController.php:474
#19 \app\Http\Controllers\Manager\LivraisonController.php:354
#20 \vendor\laravel\framework\src\Illuminate\Routing\Controller.php:54
#21 \vendor\laravel\framework\src\Illuminate\Routing\ControllerDispatcher.php:43
#22 \vendor\laravel\framework\src\Illuminate\Routing\Route.php:259
#23 \vendor\laravel\framework\src\Illuminate\Routing\Route.php:205
#24 \vendor\laravel\framework\src\Illuminate\Routing\Router.php:798
#25 \vendor\laravel\framework\src\Illuminate\Pipeline\Pipeline.php:141
#26 \app\Http\Middleware\Manager.php:20
#27 \vendor\laravel\framework\src\Illuminate\Pipeline\Pipeline.php:180
#28 \app\Http\Middleware\CheckStatus.php:22
#29 \vendor\laravel\framework\src\Illuminate\Pipeline\Pipeline.php:180
#30 \app\Http\Middleware\MaintenanceMode.php:25
#31 \vendor\laravel\framework\src\Illuminate\Pipeline\Pipeline.php:180
#32 \vendor\laravel\framework\src\Illuminate\Routing\Middleware\SubstituteBindings.php:50
#33 \vendor\laravel\framework\src\Illuminate\Pipeline\Pipeline.php:180
#34 \app\Http\Middleware\Authenticate.php:35
#35 \vendor\laravel\framework\src\Illuminate\Pipeline\Pipeline.php:180
#36 \vendor\laravel\framework\src\Illuminate\Foundation\Http\Middleware\VerifyCsrfToken.php:78
#37 \vendor\laravel\framework\src\Illuminate\Pipeline\Pipeline.php:180
#38 \vendor\laravel\framework\src\Illuminate\View\Middleware\ShareErrorsFromSession.php:49
#39 \vendor\laravel\framework\src\Illuminate\Pipeline\Pipeline.php:180
#40 \vendor\laravel\framework\src\Illuminate\Session\Middleware\StartSession.php:121
#41 \vendor\laravel\framework\src\Illuminate\Session\Middleware\StartSession.php:64
#42 \vendor\laravel\framework\src\Illuminate\Pipeline\Pipeline.php:180
#43 \vendor\laravel\framework\src\Illuminate\Cookie\Middleware\AddQueuedCookiesToResponse.php:37
#44 \vendor\laravel\framework\src\Illuminate\Pipeline\Pipeline.php:180
#45 \vendor\laravel\framework\src\Illuminate\Cookie\Middleware\EncryptCookies.php:67
#46 \vendor\laravel\framework\src\Illuminate\Pipeline\Pipeline.php:180
#47 \vendor\laramin\utility\src\Utility.php:14
#48 \vendor\laravel\framework\src\Illuminate\Pipeline\Pipeline.php:180
#49 \vendor\laravel\framework\src\Illuminate\Pipeline\Pipeline.php:116
  
[2025-07-02 12:27:36] production.INFO: Model: App\Models\LivraisonInfo
Relation: receiverClient
Num-Called: 20
Call-Stack:
#19 \storage\framework\views\14ce5eef03daf899bb3004526ab66eaff3b970e3.php:76
#21 \vendor\laravel\framework\src\Illuminate\Filesystem\Filesystem.php:110
#22 \vendor\laravel\framework\src\Illuminate\View\Engines\PhpEngine.php:58
#23 \vendor\laravel\framework\src\Illuminate\View\Engines\CompilerEngine.php:70
#24 \vendor\laravel\framework\src\Illuminate\View\View.php:195
#25 \vendor\laravel\framework\src\Illuminate\View\View.php:178
#26 \vendor\laravel\framework\src\Illuminate\View\View.php:147
#27 \vendor\laravel\framework\src\Illuminate\Http\Response.php:69
#28 \vendor\laravel\framework\src\Illuminate\Http\Response.php:35
#29 \vendor\laravel\framework\src\Illuminate\Routing\Router.php:906
#30 \vendor\laravel\framework\src\Illuminate\Routing\Router.php:875
#31 \vendor\laravel\framework\src\Illuminate\Routing\Router.php:797
#32 \vendor\laravel\framework\src\Illuminate\Pipeline\Pipeline.php:141
#33 \app\Http\Middleware\Manager.php:20
#34 \vendor\laravel\framework\src\Illuminate\Pipeline\Pipeline.php:180
#35 \app\Http\Middleware\CheckStatus.php:22
#36 \vendor\laravel\framework\src\Illuminate\Pipeline\Pipeline.php:180
#37 \app\Http\Middleware\MaintenanceMode.php:25
#38 \vendor\laravel\framework\src\Illuminate\Pipeline\Pipeline.php:180
#39 \vendor\laravel\framework\src\Illuminate\Routing\Middleware\SubstituteBindings.php:50
#40 \vendor\laravel\framework\src\Illuminate\Pipeline\Pipeline.php:180
#41 \app\Http\Middleware\Authenticate.php:35
#42 \vendor\laravel\framework\src\Illuminate\Pipeline\Pipeline.php:180
#43 \vendor\laravel\framework\src\Illuminate\Foundation\Http\Middleware\VerifyCsrfToken.php:78
#44 \vendor\laravel\framework\src\Illuminate\Pipeline\Pipeline.php:180
#45 \vendor\laravel\framework\src\Illuminate\View\Middleware\ShareErrorsFromSession.php:49
#46 \vendor\laravel\framework\src\Illuminate\Pipeline\Pipeline.php:180
#47 \vendor\laravel\framework\src\Illuminate\Session\Middleware\StartSession.php:121
#48 \vendor\laravel\framework\src\Illuminate\Session\Middleware\StartSession.php:64
#49 \vendor\laravel\framework\src\Illuminate\Pipeline\Pipeline.php:180
  
[2025-07-02 12:27:39] production.INFO: Detected N+1 Query  
[2025-07-02 12:27:39] production.INFO: Model: App\Models\LivraisonInfo
Relation: App\Models\Magasin
Num-Called: 2
Call-Stack:
#18 \app\Http\Controllers\Manager\LivraisonController.php:474
#19 \app\Http\Controllers\Manager\LivraisonController.php:354
#20 \vendor\laravel\framework\src\Illuminate\Routing\Controller.php:54
#21 \vendor\laravel\framework\src\Illuminate\Routing\ControllerDispatcher.php:43
#22 \vendor\laravel\framework\src\Illuminate\Routing\Route.php:259
#23 \vendor\laravel\framework\src\Illuminate\Routing\Route.php:205
#24 \vendor\laravel\framework\src\Illuminate\Routing\Router.php:798
#25 \vendor\laravel\framework\src\Illuminate\Pipeline\Pipeline.php:141
#26 \app\Http\Middleware\Manager.php:20
#27 \vendor\laravel\framework\src\Illuminate\Pipeline\Pipeline.php:180
#28 \app\Http\Middleware\CheckStatus.php:22
#29 \vendor\laravel\framework\src\Illuminate\Pipeline\Pipeline.php:180
#30 \app\Http\Middleware\MaintenanceMode.php:25
#31 \vendor\laravel\framework\src\Illuminate\Pipeline\Pipeline.php:180
#32 \vendor\laravel\framework\src\Illuminate\Routing\Middleware\SubstituteBindings.php:50
#33 \vendor\laravel\framework\src\Illuminate\Pipeline\Pipeline.php:180
#34 \app\Http\Middleware\Authenticate.php:35
#35 \vendor\laravel\framework\src\Illuminate\Pipeline\Pipeline.php:180
#36 \vendor\laravel\framework\src\Illuminate\Foundation\Http\Middleware\VerifyCsrfToken.php:78
#37 \vendor\laravel\framework\src\Illuminate\Pipeline\Pipeline.php:180
#38 \vendor\laravel\framework\src\Illuminate\View\Middleware\ShareErrorsFromSession.php:49
#39 \vendor\laravel\framework\src\Illuminate\Pipeline\Pipeline.php:180
#40 \vendor\laravel\framework\src\Illuminate\Session\Middleware\StartSession.php:121
#41 \vendor\laravel\framework\src\Illuminate\Session\Middleware\StartSession.php:64
#42 \vendor\laravel\framework\src\Illuminate\Pipeline\Pipeline.php:180
#43 \vendor\laravel\framework\src\Illuminate\Cookie\Middleware\AddQueuedCookiesToResponse.php:37
#44 \vendor\laravel\framework\src\Illuminate\Pipeline\Pipeline.php:180
#45 \vendor\laravel\framework\src\Illuminate\Cookie\Middleware\EncryptCookies.php:67
#46 \vendor\laravel\framework\src\Illuminate\Pipeline\Pipeline.php:180
#47 \vendor\laramin\utility\src\Utility.php:14
#48 \vendor\laravel\framework\src\Illuminate\Pipeline\Pipeline.php:180
#49 \vendor\laravel\framework\src\Illuminate\Pipeline\Pipeline.php:116
  
[2025-07-02 12:27:39] production.INFO: Model: App\Models\LivraisonInfo
Relation: App\Models\User
Num-Called: 2
Call-Stack:
#18 \app\Http\Controllers\Manager\LivraisonController.php:474
#19 \app\Http\Controllers\Manager\LivraisonController.php:354
#20 \vendor\laravel\framework\src\Illuminate\Routing\Controller.php:54
#21 \vendor\laravel\framework\src\Illuminate\Routing\ControllerDispatcher.php:43
#22 \vendor\laravel\framework\src\Illuminate\Routing\Route.php:259
#23 \vendor\laravel\framework\src\Illuminate\Routing\Route.php:205
#24 \vendor\laravel\framework\src\Illuminate\Routing\Router.php:798
#25 \vendor\laravel\framework\src\Illuminate\Pipeline\Pipeline.php:141
#26 \app\Http\Middleware\Manager.php:20
#27 \vendor\laravel\framework\src\Illuminate\Pipeline\Pipeline.php:180
#28 \app\Http\Middleware\CheckStatus.php:22
#29 \vendor\laravel\framework\src\Illuminate\Pipeline\Pipeline.php:180
#30 \app\Http\Middleware\MaintenanceMode.php:25
#31 \vendor\laravel\framework\src\Illuminate\Pipeline\Pipeline.php:180
#32 \vendor\laravel\framework\src\Illuminate\Routing\Middleware\SubstituteBindings.php:50
#33 \vendor\laravel\framework\src\Illuminate\Pipeline\Pipeline.php:180
#34 \app\Http\Middleware\Authenticate.php:35
#35 \vendor\laravel\framework\src\Illuminate\Pipeline\Pipeline.php:180
#36 \vendor\laravel\framework\src\Illuminate\Foundation\Http\Middleware\VerifyCsrfToken.php:78
#37 \vendor\laravel\framework\src\Illuminate\Pipeline\Pipeline.php:180
#38 \vendor\laravel\framework\src\Illuminate\View\Middleware\ShareErrorsFromSession.php:49
#39 \vendor\laravel\framework\src\Illuminate\Pipeline\Pipeline.php:180
#40 \vendor\laravel\framework\src\Illuminate\Session\Middleware\StartSession.php:121
#41 \vendor\laravel\framework\src\Illuminate\Session\Middleware\StartSession.php:64
#42 \vendor\laravel\framework\src\Illuminate\Pipeline\Pipeline.php:180
#43 \vendor\laravel\framework\src\Illuminate\Cookie\Middleware\AddQueuedCookiesToResponse.php:37
#44 \vendor\laravel\framework\src\Illuminate\Pipeline\Pipeline.php:180
#45 \vendor\laravel\framework\src\Illuminate\Cookie\Middleware\EncryptCookies.php:67
#46 \vendor\laravel\framework\src\Illuminate\Pipeline\Pipeline.php:180
#47 \vendor\laramin\utility\src\Utility.php:14
#48 \vendor\laravel\framework\src\Illuminate\Pipeline\Pipeline.php:180
#49 \vendor\laravel\framework\src\Illuminate\Pipeline\Pipeline.php:116
  
[2025-07-02 12:27:39] production.INFO: Model: App\Models\LivraisonInfo
Relation: App\Models\LivraisonPayment
Num-Called: 2
Call-Stack:
#18 \app\Http\Controllers\Manager\LivraisonController.php:474
#19 \app\Http\Controllers\Manager\LivraisonController.php:354
#20 \vendor\laravel\framework\src\Illuminate\Routing\Controller.php:54
#21 \vendor\laravel\framework\src\Illuminate\Routing\ControllerDispatcher.php:43
#22 \vendor\laravel\framework\src\Illuminate\Routing\Route.php:259
#23 \vendor\laravel\framework\src\Illuminate\Routing\Route.php:205
#24 \vendor\laravel\framework\src\Illuminate\Routing\Router.php:798
#25 \vendor\laravel\framework\src\Illuminate\Pipeline\Pipeline.php:141
#26 \app\Http\Middleware\Manager.php:20
#27 \vendor\laravel\framework\src\Illuminate\Pipeline\Pipeline.php:180
#28 \app\Http\Middleware\CheckStatus.php:22
#29 \vendor\laravel\framework\src\Illuminate\Pipeline\Pipeline.php:180
#30 \app\Http\Middleware\MaintenanceMode.php:25
#31 \vendor\laravel\framework\src\Illuminate\Pipeline\Pipeline.php:180
#32 \vendor\laravel\framework\src\Illuminate\Routing\Middleware\SubstituteBindings.php:50
#33 \vendor\laravel\framework\src\Illuminate\Pipeline\Pipeline.php:180
#34 \app\Http\Middleware\Authenticate.php:35
#35 \vendor\laravel\framework\src\Illuminate\Pipeline\Pipeline.php:180
#36 \vendor\laravel\framework\src\Illuminate\Foundation\Http\Middleware\VerifyCsrfToken.php:78
#37 \vendor\laravel\framework\src\Illuminate\Pipeline\Pipeline.php:180
#38 \vendor\laravel\framework\src\Illuminate\View\Middleware\ShareErrorsFromSession.php:49
#39 \vendor\laravel\framework\src\Illuminate\Pipeline\Pipeline.php:180
#40 \vendor\laravel\framework\src\Illuminate\Session\Middleware\StartSession.php:121
#41 \vendor\laravel\framework\src\Illuminate\Session\Middleware\StartSession.php:64
#42 \vendor\laravel\framework\src\Illuminate\Pipeline\Pipeline.php:180
#43 \vendor\laravel\framework\src\Illuminate\Cookie\Middleware\AddQueuedCookiesToResponse.php:37
#44 \vendor\laravel\framework\src\Illuminate\Pipeline\Pipeline.php:180
#45 \vendor\laravel\framework\src\Illuminate\Cookie\Middleware\EncryptCookies.php:67
#46 \vendor\laravel\framework\src\Illuminate\Pipeline\Pipeline.php:180
#47 \vendor\laramin\utility\src\Utility.php:14
#48 \vendor\laravel\framework\src\Illuminate\Pipeline\Pipeline.php:180
#49 \vendor\laravel\framework\src\Illuminate\Pipeline\Pipeline.php:116
  
[2025-07-02 12:27:39] production.INFO: Model: App\Models\LivraisonInfo
Relation: receiverClient
Num-Called: 20
Call-Stack:
#19 \storage\framework\views\14ce5eef03daf899bb3004526ab66eaff3b970e3.php:76
#21 \vendor\laravel\framework\src\Illuminate\Filesystem\Filesystem.php:110
#22 \vendor\laravel\framework\src\Illuminate\View\Engines\PhpEngine.php:58
#23 \vendor\laravel\framework\src\Illuminate\View\Engines\CompilerEngine.php:70
#24 \vendor\laravel\framework\src\Illuminate\View\View.php:195
#25 \vendor\laravel\framework\src\Illuminate\View\View.php:178
#26 \vendor\laravel\framework\src\Illuminate\View\View.php:147
#27 \vendor\laravel\framework\src\Illuminate\Http\Response.php:69
#28 \vendor\laravel\framework\src\Illuminate\Http\Response.php:35
#29 \vendor\laravel\framework\src\Illuminate\Routing\Router.php:906
#30 \vendor\laravel\framework\src\Illuminate\Routing\Router.php:875
#31 \vendor\laravel\framework\src\Illuminate\Routing\Router.php:797
#32 \vendor\laravel\framework\src\Illuminate\Pipeline\Pipeline.php:141
#33 \app\Http\Middleware\Manager.php:20
#34 \vendor\laravel\framework\src\Illuminate\Pipeline\Pipeline.php:180
#35 \app\Http\Middleware\CheckStatus.php:22
#36 \vendor\laravel\framework\src\Illuminate\Pipeline\Pipeline.php:180
#37 \app\Http\Middleware\MaintenanceMode.php:25
#38 \vendor\laravel\framework\src\Illuminate\Pipeline\Pipeline.php:180
#39 \vendor\laravel\framework\src\Illuminate\Routing\Middleware\SubstituteBindings.php:50
#40 \vendor\laravel\framework\src\Illuminate\Pipeline\Pipeline.php:180
#41 \app\Http\Middleware\Authenticate.php:35
#42 \vendor\laravel\framework\src\Illuminate\Pipeline\Pipeline.php:180
#43 \vendor\laravel\framework\src\Illuminate\Foundation\Http\Middleware\VerifyCsrfToken.php:78
#44 \vendor\laravel\framework\src\Illuminate\Pipeline\Pipeline.php:180
#45 \vendor\laravel\framework\src\Illuminate\View\Middleware\ShareErrorsFromSession.php:49
#46 \vendor\laravel\framework\src\Illuminate\Pipeline\Pipeline.php:180
#47 \vendor\laravel\framework\src\Illuminate\Session\Middleware\StartSession.php:121
#48 \vendor\laravel\framework\src\Illuminate\Session\Middleware\StartSession.php:64
#49 \vendor\laravel\framework\src\Illuminate\Pipeline\Pipeline.php:180
  
[2025-07-02 12:28:13] production.INFO: Detected N+1 Query  
[2025-07-02 12:28:13] production.INFO: Model: App\Models\LivraisonInfo
Relation: App\Models\LivraisonPayment
Num-Called: 2
Call-Stack:
#17 \app\Http\Controllers\Manager\LivraisonController.php:536
#18 \vendor\laravel\framework\src\Illuminate\Routing\Controller.php:54
#19 \vendor\laravel\framework\src\Illuminate\Routing\ControllerDispatcher.php:43
#20 \vendor\laravel\framework\src\Illuminate\Routing\Route.php:259
#21 \vendor\laravel\framework\src\Illuminate\Routing\Route.php:205
#22 \vendor\laravel\framework\src\Illuminate\Routing\Router.php:798
#23 \vendor\laravel\framework\src\Illuminate\Pipeline\Pipeline.php:141
#24 \app\Http\Middleware\Manager.php:20
#25 \vendor\laravel\framework\src\Illuminate\Pipeline\Pipeline.php:180
#26 \app\Http\Middleware\CheckStatus.php:22
#27 \vendor\laravel\framework\src\Illuminate\Pipeline\Pipeline.php:180
#28 \app\Http\Middleware\MaintenanceMode.php:25
#29 \vendor\laravel\framework\src\Illuminate\Pipeline\Pipeline.php:180
#30 \vendor\laravel\framework\src\Illuminate\Routing\Middleware\SubstituteBindings.php:50
#31 \vendor\laravel\framework\src\Illuminate\Pipeline\Pipeline.php:180
#32 \app\Http\Middleware\Authenticate.php:35
#33 \vendor\laravel\framework\src\Illuminate\Pipeline\Pipeline.php:180
#34 \vendor\laravel\framework\src\Illuminate\Foundation\Http\Middleware\VerifyCsrfToken.php:78
#35 \vendor\laravel\framework\src\Illuminate\Pipeline\Pipeline.php:180
#36 \vendor\laravel\framework\src\Illuminate\View\Middleware\ShareErrorsFromSession.php:49
#37 \vendor\laravel\framework\src\Illuminate\Pipeline\Pipeline.php:180
#38 \vendor\laravel\framework\src\Illuminate\Session\Middleware\StartSession.php:121
#39 \vendor\laravel\framework\src\Illuminate\Session\Middleware\StartSession.php:64
#40 \vendor\laravel\framework\src\Illuminate\Pipeline\Pipeline.php:180
#41 \vendor\laravel\framework\src\Illuminate\Cookie\Middleware\AddQueuedCookiesToResponse.php:37
#42 \vendor\laravel\framework\src\Illuminate\Pipeline\Pipeline.php:180
#43 \vendor\laravel\framework\src\Illuminate\Cookie\Middleware\EncryptCookies.php:67
#44 \vendor\laravel\framework\src\Illuminate\Pipeline\Pipeline.php:180
#45 \vendor\laramin\utility\src\Utility.php:14
#46 \vendor\laravel\framework\src\Illuminate\Pipeline\Pipeline.php:180
#47 \vendor\laravel\framework\src\Illuminate\Pipeline\Pipeline.php:116
#48 \vendor\laravel\framework\src\Illuminate\Routing\Router.php:797
#49 \vendor\laravel\framework\src\Illuminate\Routing\Router.php:776
  
[2025-07-02 12:28:13] production.INFO: Model: App\Models\LivraisonInfo
Relation: App\Models\LivraisonPayment
Num-Called: 2
Call-Stack:
#18 \app\Http\Controllers\Manager\LivraisonController.php:539
#19 \vendor\laravel\framework\src\Illuminate\Routing\Controller.php:54
#20 \vendor\laravel\framework\src\Illuminate\Routing\ControllerDispatcher.php:43
#21 \vendor\laravel\framework\src\Illuminate\Routing\Route.php:259
#22 \vendor\laravel\framework\src\Illuminate\Routing\Route.php:205
#23 \vendor\laravel\framework\src\Illuminate\Routing\Router.php:798
#24 \vendor\laravel\framework\src\Illuminate\Pipeline\Pipeline.php:141
#25 \app\Http\Middleware\Manager.php:20
#26 \vendor\laravel\framework\src\Illuminate\Pipeline\Pipeline.php:180
#27 \app\Http\Middleware\CheckStatus.php:22
#28 \vendor\laravel\framework\src\Illuminate\Pipeline\Pipeline.php:180
#29 \app\Http\Middleware\MaintenanceMode.php:25
#30 \vendor\laravel\framework\src\Illuminate\Pipeline\Pipeline.php:180
#31 \vendor\laravel\framework\src\Illuminate\Routing\Middleware\SubstituteBindings.php:50
#32 \vendor\laravel\framework\src\Illuminate\Pipeline\Pipeline.php:180
#33 \app\Http\Middleware\Authenticate.php:35
#34 \vendor\laravel\framework\src\Illuminate\Pipeline\Pipeline.php:180
#35 \vendor\laravel\framework\src\Illuminate\Foundation\Http\Middleware\VerifyCsrfToken.php:78
#36 \vendor\laravel\framework\src\Illuminate\Pipeline\Pipeline.php:180
#37 \vendor\laravel\framework\src\Illuminate\View\Middleware\ShareErrorsFromSession.php:49
#38 \vendor\laravel\framework\src\Illuminate\Pipeline\Pipeline.php:180
#39 \vendor\laravel\framework\src\Illuminate\Session\Middleware\StartSession.php:121
#40 \vendor\laravel\framework\src\Illuminate\Session\Middleware\StartSession.php:64
#41 \vendor\laravel\framework\src\Illuminate\Pipeline\Pipeline.php:180
#42 \vendor\laravel\framework\src\Illuminate\Cookie\Middleware\AddQueuedCookiesToResponse.php:37
#43 \vendor\laravel\framework\src\Illuminate\Pipeline\Pipeline.php:180
#44 \vendor\laravel\framework\src\Illuminate\Cookie\Middleware\EncryptCookies.php:67
#45 \vendor\laravel\framework\src\Illuminate\Pipeline\Pipeline.php:180
#46 \vendor\laramin\utility\src\Utility.php:14
#47 \vendor\laravel\framework\src\Illuminate\Pipeline\Pipeline.php:180
#48 \vendor\laravel\framework\src\Illuminate\Pipeline\Pipeline.php:116
#49 \vendor\laravel\framework\src\Illuminate\Routing\Router.php:797
  
[2025-07-02 12:28:13] production.INFO: Model: App\Models\LivraisonInfo
Relation: receiverClient
Num-Called: 20
Call-Stack:
#18 \storage\framework\views\612d66ae42ec5b987b5ce613a7634bb1dac50c4f.php:80
#20 \vendor\laravel\framework\src\Illuminate\Filesystem\Filesystem.php:110
#21 \vendor\laravel\framework\src\Illuminate\View\Engines\PhpEngine.php:58
#22 \vendor\laravel\framework\src\Illuminate\View\Engines\CompilerEngine.php:70
#23 \vendor\laravel\framework\src\Illuminate\View\View.php:195
#24 \vendor\laravel\framework\src\Illuminate\View\View.php:178
#25 \vendor\laravel\framework\src\Illuminate\View\View.php:147
#26 \vendor\laravel\framework\src\Illuminate\Http\Response.php:69
#27 \vendor\laravel\framework\src\Illuminate\Http\Response.php:35
#28 \vendor\laravel\framework\src\Illuminate\Routing\Router.php:906
#29 \vendor\laravel\framework\src\Illuminate\Routing\Router.php:875
#30 \vendor\laravel\framework\src\Illuminate\Routing\Router.php:797
#31 \vendor\laravel\framework\src\Illuminate\Pipeline\Pipeline.php:141
#32 \app\Http\Middleware\Manager.php:20
#33 \vendor\laravel\framework\src\Illuminate\Pipeline\Pipeline.php:180
#34 \app\Http\Middleware\CheckStatus.php:22
#35 \vendor\laravel\framework\src\Illuminate\Pipeline\Pipeline.php:180
#36 \app\Http\Middleware\MaintenanceMode.php:25
#37 \vendor\laravel\framework\src\Illuminate\Pipeline\Pipeline.php:180
#38 \vendor\laravel\framework\src\Illuminate\Routing\Middleware\SubstituteBindings.php:50
#39 \vendor\laravel\framework\src\Illuminate\Pipeline\Pipeline.php:180
#40 \app\Http\Middleware\Authenticate.php:35
#41 \vendor\laravel\framework\src\Illuminate\Pipeline\Pipeline.php:180
#42 \vendor\laravel\framework\src\Illuminate\Foundation\Http\Middleware\VerifyCsrfToken.php:78
#43 \vendor\laravel\framework\src\Illuminate\Pipeline\Pipeline.php:180
#44 \vendor\laravel\framework\src\Illuminate\View\Middleware\ShareErrorsFromSession.php:49
#45 \vendor\laravel\framework\src\Illuminate\Pipeline\Pipeline.php:180
#46 \vendor\laravel\framework\src\Illuminate\Session\Middleware\StartSession.php:121
#47 \vendor\laravel\framework\src\Illuminate\Session\Middleware\StartSession.php:64
#48 \vendor\laravel\framework\src\Illuminate\Pipeline\Pipeline.php:180
#49 \vendor\laravel\framework\src\Illuminate\Cookie\Middleware\AddQueuedCookiesToResponse.php:37
  
[2025-07-02 12:28:23] production.INFO: Detected N+1 Query  
[2025-07-02 12:28:23] production.INFO: Model: App\Models\LivraisonInfo
Relation: App\Models\Magasin
Num-Called: 2
Call-Stack:
#18 \app\Http\Controllers\Manager\LivraisonController.php:474
#19 \app\Http\Controllers\Manager\LivraisonController.php:354
#20 \vendor\laravel\framework\src\Illuminate\Routing\Controller.php:54
#21 \vendor\laravel\framework\src\Illuminate\Routing\ControllerDispatcher.php:43
#22 \vendor\laravel\framework\src\Illuminate\Routing\Route.php:259
#23 \vendor\laravel\framework\src\Illuminate\Routing\Route.php:205
#24 \vendor\laravel\framework\src\Illuminate\Routing\Router.php:798
#25 \vendor\laravel\framework\src\Illuminate\Pipeline\Pipeline.php:141
#26 \app\Http\Middleware\Manager.php:20
#27 \vendor\laravel\framework\src\Illuminate\Pipeline\Pipeline.php:180
#28 \app\Http\Middleware\CheckStatus.php:22
#29 \vendor\laravel\framework\src\Illuminate\Pipeline\Pipeline.php:180
#30 \app\Http\Middleware\MaintenanceMode.php:25
#31 \vendor\laravel\framework\src\Illuminate\Pipeline\Pipeline.php:180
#32 \vendor\laravel\framework\src\Illuminate\Routing\Middleware\SubstituteBindings.php:50
#33 \vendor\laravel\framework\src\Illuminate\Pipeline\Pipeline.php:180
#34 \app\Http\Middleware\Authenticate.php:35
#35 \vendor\laravel\framework\src\Illuminate\Pipeline\Pipeline.php:180
#36 \vendor\laravel\framework\src\Illuminate\Foundation\Http\Middleware\VerifyCsrfToken.php:78
#37 \vendor\laravel\framework\src\Illuminate\Pipeline\Pipeline.php:180
#38 \vendor\laravel\framework\src\Illuminate\View\Middleware\ShareErrorsFromSession.php:49
#39 \vendor\laravel\framework\src\Illuminate\Pipeline\Pipeline.php:180
#40 \vendor\laravel\framework\src\Illuminate\Session\Middleware\StartSession.php:121
#41 \vendor\laravel\framework\src\Illuminate\Session\Middleware\StartSession.php:64
#42 \vendor\laravel\framework\src\Illuminate\Pipeline\Pipeline.php:180
#43 \vendor\laravel\framework\src\Illuminate\Cookie\Middleware\AddQueuedCookiesToResponse.php:37
#44 \vendor\laravel\framework\src\Illuminate\Pipeline\Pipeline.php:180
#45 \vendor\laravel\framework\src\Illuminate\Cookie\Middleware\EncryptCookies.php:67
#46 \vendor\laravel\framework\src\Illuminate\Pipeline\Pipeline.php:180
#47 \vendor\laramin\utility\src\Utility.php:14
#48 \vendor\laravel\framework\src\Illuminate\Pipeline\Pipeline.php:180
#49 \vendor\laravel\framework\src\Illuminate\Pipeline\Pipeline.php:116
  
[2025-07-02 12:28:23] production.INFO: Model: App\Models\LivraisonInfo
Relation: App\Models\User
Num-Called: 2
Call-Stack:
#18 \app\Http\Controllers\Manager\LivraisonController.php:474
#19 \app\Http\Controllers\Manager\LivraisonController.php:354
#20 \vendor\laravel\framework\src\Illuminate\Routing\Controller.php:54
#21 \vendor\laravel\framework\src\Illuminate\Routing\ControllerDispatcher.php:43
#22 \vendor\laravel\framework\src\Illuminate\Routing\Route.php:259
#23 \vendor\laravel\framework\src\Illuminate\Routing\Route.php:205
#24 \vendor\laravel\framework\src\Illuminate\Routing\Router.php:798
#25 \vendor\laravel\framework\src\Illuminate\Pipeline\Pipeline.php:141
#26 \app\Http\Middleware\Manager.php:20
#27 \vendor\laravel\framework\src\Illuminate\Pipeline\Pipeline.php:180
#28 \app\Http\Middleware\CheckStatus.php:22
#29 \vendor\laravel\framework\src\Illuminate\Pipeline\Pipeline.php:180
#30 \app\Http\Middleware\MaintenanceMode.php:25
#31 \vendor\laravel\framework\src\Illuminate\Pipeline\Pipeline.php:180
#32 \vendor\laravel\framework\src\Illuminate\Routing\Middleware\SubstituteBindings.php:50
#33 \vendor\laravel\framework\src\Illuminate\Pipeline\Pipeline.php:180
#34 \app\Http\Middleware\Authenticate.php:35
#35 \vendor\laravel\framework\src\Illuminate\Pipeline\Pipeline.php:180
#36 \vendor\laravel\framework\src\Illuminate\Foundation\Http\Middleware\VerifyCsrfToken.php:78
#37 \vendor\laravel\framework\src\Illuminate\Pipeline\Pipeline.php:180
#38 \vendor\laravel\framework\src\Illuminate\View\Middleware\ShareErrorsFromSession.php:49
#39 \vendor\laravel\framework\src\Illuminate\Pipeline\Pipeline.php:180
#40 \vendor\laravel\framework\src\Illuminate\Session\Middleware\StartSession.php:121
#41 \vendor\laravel\framework\src\Illuminate\Session\Middleware\StartSession.php:64
#42 \vendor\laravel\framework\src\Illuminate\Pipeline\Pipeline.php:180
#43 \vendor\laravel\framework\src\Illuminate\Cookie\Middleware\AddQueuedCookiesToResponse.php:37
#44 \vendor\laravel\framework\src\Illuminate\Pipeline\Pipeline.php:180
#45 \vendor\laravel\framework\src\Illuminate\Cookie\Middleware\EncryptCookies.php:67
#46 \vendor\laravel\framework\src\Illuminate\Pipeline\Pipeline.php:180
#47 \vendor\laramin\utility\src\Utility.php:14
#48 \vendor\laravel\framework\src\Illuminate\Pipeline\Pipeline.php:180
#49 \vendor\laravel\framework\src\Illuminate\Pipeline\Pipeline.php:116
  
[2025-07-02 12:28:23] production.INFO: Model: App\Models\LivraisonInfo
Relation: App\Models\LivraisonPayment
Num-Called: 2
Call-Stack:
#18 \app\Http\Controllers\Manager\LivraisonController.php:474
#19 \app\Http\Controllers\Manager\LivraisonController.php:354
#20 \vendor\laravel\framework\src\Illuminate\Routing\Controller.php:54
#21 \vendor\laravel\framework\src\Illuminate\Routing\ControllerDispatcher.php:43
#22 \vendor\laravel\framework\src\Illuminate\Routing\Route.php:259
#23 \vendor\laravel\framework\src\Illuminate\Routing\Route.php:205
#24 \vendor\laravel\framework\src\Illuminate\Routing\Router.php:798
#25 \vendor\laravel\framework\src\Illuminate\Pipeline\Pipeline.php:141
#26 \app\Http\Middleware\Manager.php:20
#27 \vendor\laravel\framework\src\Illuminate\Pipeline\Pipeline.php:180
#28 \app\Http\Middleware\CheckStatus.php:22
#29 \vendor\laravel\framework\src\Illuminate\Pipeline\Pipeline.php:180
#30 \app\Http\Middleware\MaintenanceMode.php:25
#31 \vendor\laravel\framework\src\Illuminate\Pipeline\Pipeline.php:180
#32 \vendor\laravel\framework\src\Illuminate\Routing\Middleware\SubstituteBindings.php:50
#33 \vendor\laravel\framework\src\Illuminate\Pipeline\Pipeline.php:180
#34 \app\Http\Middleware\Authenticate.php:35
#35 \vendor\laravel\framework\src\Illuminate\Pipeline\Pipeline.php:180
#36 \vendor\laravel\framework\src\Illuminate\Foundation\Http\Middleware\VerifyCsrfToken.php:78
#37 \vendor\laravel\framework\src\Illuminate\Pipeline\Pipeline.php:180
#38 \vendor\laravel\framework\src\Illuminate\View\Middleware\ShareErrorsFromSession.php:49
#39 \vendor\laravel\framework\src\Illuminate\Pipeline\Pipeline.php:180
#40 \vendor\laravel\framework\src\Illuminate\Session\Middleware\StartSession.php:121
#41 \vendor\laravel\framework\src\Illuminate\Session\Middleware\StartSession.php:64
#42 \vendor\laravel\framework\src\Illuminate\Pipeline\Pipeline.php:180
#43 \vendor\laravel\framework\src\Illuminate\Cookie\Middleware\AddQueuedCookiesToResponse.php:37
#44 \vendor\laravel\framework\src\Illuminate\Pipeline\Pipeline.php:180
#45 \vendor\laravel\framework\src\Illuminate\Cookie\Middleware\EncryptCookies.php:67
#46 \vendor\laravel\framework\src\Illuminate\Pipeline\Pipeline.php:180
#47 \vendor\laramin\utility\src\Utility.php:14
#48 \vendor\laravel\framework\src\Illuminate\Pipeline\Pipeline.php:180
#49 \vendor\laravel\framework\src\Illuminate\Pipeline\Pipeline.php:116
  
[2025-07-02 12:28:23] production.INFO: Model: App\Models\LivraisonInfo
Relation: receiverClient
Num-Called: 20
Call-Stack:
#19 \storage\framework\views\14ce5eef03daf899bb3004526ab66eaff3b970e3.php:76
#21 \vendor\laravel\framework\src\Illuminate\Filesystem\Filesystem.php:110
#22 \vendor\laravel\framework\src\Illuminate\View\Engines\PhpEngine.php:58
#23 \vendor\laravel\framework\src\Illuminate\View\Engines\CompilerEngine.php:70
#24 \vendor\laravel\framework\src\Illuminate\View\View.php:195
#25 \vendor\laravel\framework\src\Illuminate\View\View.php:178
#26 \vendor\laravel\framework\src\Illuminate\View\View.php:147
#27 \vendor\laravel\framework\src\Illuminate\Http\Response.php:69
#28 \vendor\laravel\framework\src\Illuminate\Http\Response.php:35
#29 \vendor\laravel\framework\src\Illuminate\Routing\Router.php:906
#30 \vendor\laravel\framework\src\Illuminate\Routing\Router.php:875
#31 \vendor\laravel\framework\src\Illuminate\Routing\Router.php:797
#32 \vendor\laravel\framework\src\Illuminate\Pipeline\Pipeline.php:141
#33 \app\Http\Middleware\Manager.php:20
#34 \vendor\laravel\framework\src\Illuminate\Pipeline\Pipeline.php:180
#35 \app\Http\Middleware\CheckStatus.php:22
#36 \vendor\laravel\framework\src\Illuminate\Pipeline\Pipeline.php:180
#37 \app\Http\Middleware\MaintenanceMode.php:25
#38 \vendor\laravel\framework\src\Illuminate\Pipeline\Pipeline.php:180
#39 \vendor\laravel\framework\src\Illuminate\Routing\Middleware\SubstituteBindings.php:50
#40 \vendor\laravel\framework\src\Illuminate\Pipeline\Pipeline.php:180
#41 \app\Http\Middleware\Authenticate.php:35
#42 \vendor\laravel\framework\src\Illuminate\Pipeline\Pipeline.php:180
#43 \vendor\laravel\framework\src\Illuminate\Foundation\Http\Middleware\VerifyCsrfToken.php:78
#44 \vendor\laravel\framework\src\Illuminate\Pipeline\Pipeline.php:180
#45 \vendor\laravel\framework\src\Illuminate\View\Middleware\ShareErrorsFromSession.php:49
#46 \vendor\laravel\framework\src\Illuminate\Pipeline\Pipeline.php:180
#47 \vendor\laravel\framework\src\Illuminate\Session\Middleware\StartSession.php:121
#48 \vendor\laravel\framework\src\Illuminate\Session\Middleware\StartSession.php:64
#49 \vendor\laravel\framework\src\Illuminate\Pipeline\Pipeline.php:180
  
[2025-07-02 12:28:26] production.INFO: Detected N+1 Query  
[2025-07-02 12:28:26] production.INFO: Model: App\Models\LivraisonInfo
Relation: App\Models\LivraisonPayment
Num-Called: 2
Call-Stack:
#18 \app\Http\Controllers\Manager\LivraisonController.php:379
#19 \vendor\laravel\framework\src\Illuminate\Routing\Controller.php:54
#20 \vendor\laravel\framework\src\Illuminate\Routing\ControllerDispatcher.php:43
#21 \vendor\laravel\framework\src\Illuminate\Routing\Route.php:259
#22 \vendor\laravel\framework\src\Illuminate\Routing\Route.php:205
#23 \vendor\laravel\framework\src\Illuminate\Routing\Router.php:798
#24 \vendor\laravel\framework\src\Illuminate\Pipeline\Pipeline.php:141
#25 \app\Http\Middleware\Manager.php:20
#26 \vendor\laravel\framework\src\Illuminate\Pipeline\Pipeline.php:180
#27 \app\Http\Middleware\CheckStatus.php:22
#28 \vendor\laravel\framework\src\Illuminate\Pipeline\Pipeline.php:180
#29 \app\Http\Middleware\MaintenanceMode.php:25
#30 \vendor\laravel\framework\src\Illuminate\Pipeline\Pipeline.php:180
#31 \vendor\laravel\framework\src\Illuminate\Routing\Middleware\SubstituteBindings.php:50
#32 \vendor\laravel\framework\src\Illuminate\Pipeline\Pipeline.php:180
#33 \app\Http\Middleware\Authenticate.php:35
#34 \vendor\laravel\framework\src\Illuminate\Pipeline\Pipeline.php:180
#35 \vendor\laravel\framework\src\Illuminate\Foundation\Http\Middleware\VerifyCsrfToken.php:78
#36 \vendor\laravel\framework\src\Illuminate\Pipeline\Pipeline.php:180
#37 \vendor\laravel\framework\src\Illuminate\View\Middleware\ShareErrorsFromSession.php:49
#38 \vendor\laravel\framework\src\Illuminate\Pipeline\Pipeline.php:180
#39 \vendor\laravel\framework\src\Illuminate\Session\Middleware\StartSession.php:121
#40 \vendor\laravel\framework\src\Illuminate\Session\Middleware\StartSession.php:64
#41 \vendor\laravel\framework\src\Illuminate\Pipeline\Pipeline.php:180
#42 \vendor\laravel\framework\src\Illuminate\Cookie\Middleware\AddQueuedCookiesToResponse.php:37
#43 \vendor\laravel\framework\src\Illuminate\Pipeline\Pipeline.php:180
#44 \vendor\laravel\framework\src\Illuminate\Cookie\Middleware\EncryptCookies.php:67
#45 \vendor\laravel\framework\src\Illuminate\Pipeline\Pipeline.php:180
#46 \vendor\laramin\utility\src\Utility.php:14
#47 \vendor\laravel\framework\src\Illuminate\Pipeline\Pipeline.php:180
#48 \vendor\laravel\framework\src\Illuminate\Pipeline\Pipeline.php:116
#49 \vendor\laravel\framework\src\Illuminate\Routing\Router.php:797
  
[2025-07-02 12:28:26] production.INFO: Model: App\Models\LivraisonInfo
Relation: receiverClient
Num-Called: 3
Call-Stack:
#19 \storage\framework\views\c83bffe0beadbcdee19a3637ff571b3fb5247ee4.php:76
#21 \vendor\laravel\framework\src\Illuminate\Filesystem\Filesystem.php:110
#22 \vendor\laravel\framework\src\Illuminate\View\Engines\PhpEngine.php:58
#23 \vendor\laravel\framework\src\Illuminate\View\Engines\CompilerEngine.php:70
#24 \vendor\laravel\framework\src\Illuminate\View\View.php:195
#25 \vendor\laravel\framework\src\Illuminate\View\View.php:178
#26 \vendor\laravel\framework\src\Illuminate\View\View.php:147
#27 \vendor\laravel\framework\src\Illuminate\Http\Response.php:69
#28 \vendor\laravel\framework\src\Illuminate\Http\Response.php:35
#29 \vendor\laravel\framework\src\Illuminate\Routing\Router.php:906
#30 \vendor\laravel\framework\src\Illuminate\Routing\Router.php:875
#31 \vendor\laravel\framework\src\Illuminate\Routing\Router.php:797
#32 \vendor\laravel\framework\src\Illuminate\Pipeline\Pipeline.php:141
#33 \app\Http\Middleware\Manager.php:20
#34 \vendor\laravel\framework\src\Illuminate\Pipeline\Pipeline.php:180
#35 \app\Http\Middleware\CheckStatus.php:22
#36 \vendor\laravel\framework\src\Illuminate\Pipeline\Pipeline.php:180
#37 \app\Http\Middleware\MaintenanceMode.php:25
#38 \vendor\laravel\framework\src\Illuminate\Pipeline\Pipeline.php:180
#39 \vendor\laravel\framework\src\Illuminate\Routing\Middleware\SubstituteBindings.php:50
#40 \vendor\laravel\framework\src\Illuminate\Pipeline\Pipeline.php:180
#41 \app\Http\Middleware\Authenticate.php:35
#42 \vendor\laravel\framework\src\Illuminate\Pipeline\Pipeline.php:180
#43 \vendor\laravel\framework\src\Illuminate\Foundation\Http\Middleware\VerifyCsrfToken.php:78
#44 \vendor\laravel\framework\src\Illuminate\Pipeline\Pipeline.php:180
#45 \vendor\laravel\framework\src\Illuminate\View\Middleware\ShareErrorsFromSession.php:49
#46 \vendor\laravel\framework\src\Illuminate\Pipeline\Pipeline.php:180
#47 \vendor\laravel\framework\src\Illuminate\Session\Middleware\StartSession.php:121
#48 \vendor\laravel\framework\src\Illuminate\Session\Middleware\StartSession.php:64
#49 \vendor\laravel\framework\src\Illuminate\Pipeline\Pipeline.php:180
  
[2025-07-02 12:28:40] production.INFO: Detected N+1 Query  
[2025-07-02 12:28:40] production.INFO: Model: App\Models\LivraisonInfo
Relation: App\Models\LivraisonPayment
Num-Called: 2
Call-Stack:
#18 \app\Http\Controllers\Manager\LivraisonController.php:379
#19 \vendor\laravel\framework\src\Illuminate\Routing\Controller.php:54
#20 \vendor\laravel\framework\src\Illuminate\Routing\ControllerDispatcher.php:43
#21 \vendor\laravel\framework\src\Illuminate\Routing\Route.php:259
#22 \vendor\laravel\framework\src\Illuminate\Routing\Route.php:205
#23 \vendor\laravel\framework\src\Illuminate\Routing\Router.php:798
#24 \vendor\laravel\framework\src\Illuminate\Pipeline\Pipeline.php:141
#25 \app\Http\Middleware\Manager.php:20
#26 \vendor\laravel\framework\src\Illuminate\Pipeline\Pipeline.php:180
#27 \app\Http\Middleware\CheckStatus.php:22
#28 \vendor\laravel\framework\src\Illuminate\Pipeline\Pipeline.php:180
#29 \app\Http\Middleware\MaintenanceMode.php:25
#30 \vendor\laravel\framework\src\Illuminate\Pipeline\Pipeline.php:180
#31 \vendor\laravel\framework\src\Illuminate\Routing\Middleware\SubstituteBindings.php:50
#32 \vendor\laravel\framework\src\Illuminate\Pipeline\Pipeline.php:180
#33 \app\Http\Middleware\Authenticate.php:35
#34 \vendor\laravel\framework\src\Illuminate\Pipeline\Pipeline.php:180
#35 \vendor\laravel\framework\src\Illuminate\Foundation\Http\Middleware\VerifyCsrfToken.php:78
#36 \vendor\laravel\framework\src\Illuminate\Pipeline\Pipeline.php:180
#37 \vendor\laravel\framework\src\Illuminate\View\Middleware\ShareErrorsFromSession.php:49
#38 \vendor\laravel\framework\src\Illuminate\Pipeline\Pipeline.php:180
#39 \vendor\laravel\framework\src\Illuminate\Session\Middleware\StartSession.php:121
#40 \vendor\laravel\framework\src\Illuminate\Session\Middleware\StartSession.php:64
#41 \vendor\laravel\framework\src\Illuminate\Pipeline\Pipeline.php:180
#42 \vendor\laravel\framework\src\Illuminate\Cookie\Middleware\AddQueuedCookiesToResponse.php:37
#43 \vendor\laravel\framework\src\Illuminate\Pipeline\Pipeline.php:180
#44 \vendor\laravel\framework\src\Illuminate\Cookie\Middleware\EncryptCookies.php:67
#45 \vendor\laravel\framework\src\Illuminate\Pipeline\Pipeline.php:180
#46 \vendor\laramin\utility\src\Utility.php:14
#47 \vendor\laravel\framework\src\Illuminate\Pipeline\Pipeline.php:180
#48 \vendor\laravel\framework\src\Illuminate\Pipeline\Pipeline.php:116
#49 \vendor\laravel\framework\src\Illuminate\Routing\Router.php:797
  
[2025-07-02 12:28:40] production.INFO: Model: App\Models\LivraisonInfo
Relation: receiverClient
Num-Called: 2
Call-Stack:
#19 \storage\framework\views\c83bffe0beadbcdee19a3637ff571b3fb5247ee4.php:76
#21 \vendor\laravel\framework\src\Illuminate\Filesystem\Filesystem.php:110
#22 \vendor\laravel\framework\src\Illuminate\View\Engines\PhpEngine.php:58
#23 \vendor\laravel\framework\src\Illuminate\View\Engines\CompilerEngine.php:70
#24 \vendor\laravel\framework\src\Illuminate\View\View.php:195
#25 \vendor\laravel\framework\src\Illuminate\View\View.php:178
#26 \vendor\laravel\framework\src\Illuminate\View\View.php:147
#27 \vendor\laravel\framework\src\Illuminate\Http\Response.php:69
#28 \vendor\laravel\framework\src\Illuminate\Http\Response.php:35
#29 \vendor\laravel\framework\src\Illuminate\Routing\Router.php:906
#30 \vendor\laravel\framework\src\Illuminate\Routing\Router.php:875
#31 \vendor\laravel\framework\src\Illuminate\Routing\Router.php:797
#32 \vendor\laravel\framework\src\Illuminate\Pipeline\Pipeline.php:141
#33 \app\Http\Middleware\Manager.php:20
#34 \vendor\laravel\framework\src\Illuminate\Pipeline\Pipeline.php:180
#35 \app\Http\Middleware\CheckStatus.php:22
#36 \vendor\laravel\framework\src\Illuminate\Pipeline\Pipeline.php:180
#37 \app\Http\Middleware\MaintenanceMode.php:25
#38 \vendor\laravel\framework\src\Illuminate\Pipeline\Pipeline.php:180
#39 \vendor\laravel\framework\src\Illuminate\Routing\Middleware\SubstituteBindings.php:50
#40 \vendor\laravel\framework\src\Illuminate\Pipeline\Pipeline.php:180
#41 \app\Http\Middleware\Authenticate.php:35
#42 \vendor\laravel\framework\src\Illuminate\Pipeline\Pipeline.php:180
#43 \vendor\laravel\framework\src\Illuminate\Foundation\Http\Middleware\VerifyCsrfToken.php:78
#44 \vendor\laravel\framework\src\Illuminate\Pipeline\Pipeline.php:180
#45 \vendor\laravel\framework\src\Illuminate\View\Middleware\ShareErrorsFromSession.php:49
#46 \vendor\laravel\framework\src\Illuminate\Pipeline\Pipeline.php:180
#47 \vendor\laravel\framework\src\Illuminate\Session\Middleware\StartSession.php:121
#48 \vendor\laravel\framework\src\Illuminate\Session\Middleware\StartSession.php:64
#49 \vendor\laravel\framework\src\Illuminate\Pipeline\Pipeline.php:180
  
[2025-07-02 12:28:46] production.INFO: Detected N+1 Query  
[2025-07-02 12:28:46] production.INFO: Model: App\Models\LivraisonInfo
Relation: App\Models\LivraisonPayment
Num-Called: 2
Call-Stack:
#18 \app\Http\Controllers\Manager\LivraisonController.php:379
#19 \vendor\laravel\framework\src\Illuminate\Routing\Controller.php:54
#20 \vendor\laravel\framework\src\Illuminate\Routing\ControllerDispatcher.php:43
#21 \vendor\laravel\framework\src\Illuminate\Routing\Route.php:259
#22 \vendor\laravel\framework\src\Illuminate\Routing\Route.php:205
#23 \vendor\laravel\framework\src\Illuminate\Routing\Router.php:798
#24 \vendor\laravel\framework\src\Illuminate\Pipeline\Pipeline.php:141
#25 \app\Http\Middleware\Manager.php:20
#26 \vendor\laravel\framework\src\Illuminate\Pipeline\Pipeline.php:180
#27 \app\Http\Middleware\CheckStatus.php:22
#28 \vendor\laravel\framework\src\Illuminate\Pipeline\Pipeline.php:180
#29 \app\Http\Middleware\MaintenanceMode.php:25
#30 \vendor\laravel\framework\src\Illuminate\Pipeline\Pipeline.php:180
#31 \vendor\laravel\framework\src\Illuminate\Routing\Middleware\SubstituteBindings.php:50
#32 \vendor\laravel\framework\src\Illuminate\Pipeline\Pipeline.php:180
#33 \app\Http\Middleware\Authenticate.php:35
#34 \vendor\laravel\framework\src\Illuminate\Pipeline\Pipeline.php:180
#35 \vendor\laravel\framework\src\Illuminate\Foundation\Http\Middleware\VerifyCsrfToken.php:78
#36 \vendor\laravel\framework\src\Illuminate\Pipeline\Pipeline.php:180
#37 \vendor\laravel\framework\src\Illuminate\View\Middleware\ShareErrorsFromSession.php:49
#38 \vendor\laravel\framework\src\Illuminate\Pipeline\Pipeline.php:180
#39 \vendor\laravel\framework\src\Illuminate\Session\Middleware\StartSession.php:121
#40 \vendor\laravel\framework\src\Illuminate\Session\Middleware\StartSession.php:64
#41 \vendor\laravel\framework\src\Illuminate\Pipeline\Pipeline.php:180
#42 \vendor\laravel\framework\src\Illuminate\Cookie\Middleware\AddQueuedCookiesToResponse.php:37
#43 \vendor\laravel\framework\src\Illuminate\Pipeline\Pipeline.php:180
#44 \vendor\laravel\framework\src\Illuminate\Cookie\Middleware\EncryptCookies.php:67
#45 \vendor\laravel\framework\src\Illuminate\Pipeline\Pipeline.php:180
#46 \vendor\laramin\utility\src\Utility.php:14
#47 \vendor\laravel\framework\src\Illuminate\Pipeline\Pipeline.php:180
#48 \vendor\laravel\framework\src\Illuminate\Pipeline\Pipeline.php:116
#49 \vendor\laravel\framework\src\Illuminate\Routing\Router.php:797
  
[2025-07-02 13:55:23] production.INFO: Detected N+1 Query  
[2025-07-02 13:55:23] production.INFO: Model: App\Models\LivraisonInfo
Relation: App\Models\Magasin
Num-Called: 2
Call-Stack:
#18 \app\Http\Controllers\Manager\LivraisonController.php:380
#19 \vendor\laravel\framework\src\Illuminate\Routing\Controller.php:54
#20 \vendor\laravel\framework\src\Illuminate\Routing\ControllerDispatcher.php:43
#21 \vendor\laravel\framework\src\Illuminate\Routing\Route.php:259
#22 \vendor\laravel\framework\src\Illuminate\Routing\Route.php:205
#23 \vendor\laravel\framework\src\Illuminate\Routing\Router.php:798
#24 \vendor\laravel\framework\src\Illuminate\Pipeline\Pipeline.php:141
#25 \app\Http\Middleware\Manager.php:20
#26 \vendor\laravel\framework\src\Illuminate\Pipeline\Pipeline.php:180
#27 \app\Http\Middleware\CheckStatus.php:22
#28 \vendor\laravel\framework\src\Illuminate\Pipeline\Pipeline.php:180
#29 \app\Http\Middleware\MaintenanceMode.php:25
#30 \vendor\laravel\framework\src\Illuminate\Pipeline\Pipeline.php:180
#31 \vendor\laravel\framework\src\Illuminate\Routing\Middleware\SubstituteBindings.php:50
#32 \vendor\laravel\framework\src\Illuminate\Pipeline\Pipeline.php:180
#33 \app\Http\Middleware\Authenticate.php:35
#34 \vendor\laravel\framework\src\Illuminate\Pipeline\Pipeline.php:180
#35 \vendor\laravel\framework\src\Illuminate\Foundation\Http\Middleware\VerifyCsrfToken.php:78
#36 \vendor\laravel\framework\src\Illuminate\Pipeline\Pipeline.php:180
#37 \vendor\laravel\framework\src\Illuminate\View\Middleware\ShareErrorsFromSession.php:49
#38 \vendor\laravel\framework\src\Illuminate\Pipeline\Pipeline.php:180
#39 \vendor\laravel\framework\src\Illuminate\Session\Middleware\StartSession.php:121
#40 \vendor\laravel\framework\src\Illuminate\Session\Middleware\StartSession.php:64
#41 \vendor\laravel\framework\src\Illuminate\Pipeline\Pipeline.php:180
#42 \vendor\laravel\framework\src\Illuminate\Cookie\Middleware\AddQueuedCookiesToResponse.php:37
#43 \vendor\laravel\framework\src\Illuminate\Pipeline\Pipeline.php:180
#44 \vendor\laravel\framework\src\Illuminate\Cookie\Middleware\EncryptCookies.php:67
#45 \vendor\laravel\framework\src\Illuminate\Pipeline\Pipeline.php:180
#46 \vendor\laramin\utility\src\Utility.php:14
#47 \vendor\laravel\framework\src\Illuminate\Pipeline\Pipeline.php:180
#48 \vendor\laravel\framework\src\Illuminate\Pipeline\Pipeline.php:116
#49 \vendor\laravel\framework\src\Illuminate\Routing\Router.php:797
  
[2025-07-02 13:55:23] production.INFO: Model: App\Models\LivraisonInfo
Relation: App\Models\LivraisonPayment
Num-Called: 2
Call-Stack:
#18 \app\Http\Controllers\Manager\LivraisonController.php:380
#19 \vendor\laravel\framework\src\Illuminate\Routing\Controller.php:54
#20 \vendor\laravel\framework\src\Illuminate\Routing\ControllerDispatcher.php:43
#21 \vendor\laravel\framework\src\Illuminate\Routing\Route.php:259
#22 \vendor\laravel\framework\src\Illuminate\Routing\Route.php:205
#23 \vendor\laravel\framework\src\Illuminate\Routing\Router.php:798
#24 \vendor\laravel\framework\src\Illuminate\Pipeline\Pipeline.php:141
#25 \app\Http\Middleware\Manager.php:20
#26 \vendor\laravel\framework\src\Illuminate\Pipeline\Pipeline.php:180
#27 \app\Http\Middleware\CheckStatus.php:22
#28 \vendor\laravel\framework\src\Illuminate\Pipeline\Pipeline.php:180
#29 \app\Http\Middleware\MaintenanceMode.php:25
#30 \vendor\laravel\framework\src\Illuminate\Pipeline\Pipeline.php:180
#31 \vendor\laravel\framework\src\Illuminate\Routing\Middleware\SubstituteBindings.php:50
#32 \vendor\laravel\framework\src\Illuminate\Pipeline\Pipeline.php:180
#33 \app\Http\Middleware\Authenticate.php:35
#34 \vendor\laravel\framework\src\Illuminate\Pipeline\Pipeline.php:180
#35 \vendor\laravel\framework\src\Illuminate\Foundation\Http\Middleware\VerifyCsrfToken.php:78
#36 \vendor\laravel\framework\src\Illuminate\Pipeline\Pipeline.php:180
#37 \vendor\laravel\framework\src\Illuminate\View\Middleware\ShareErrorsFromSession.php:49
#38 \vendor\laravel\framework\src\Illuminate\Pipeline\Pipeline.php:180
#39 \vendor\laravel\framework\src\Illuminate\Session\Middleware\StartSession.php:121
#40 \vendor\laravel\framework\src\Illuminate\Session\Middleware\StartSession.php:64
#41 \vendor\laravel\framework\src\Illuminate\Pipeline\Pipeline.php:180
#42 \vendor\laravel\framework\src\Illuminate\Cookie\Middleware\AddQueuedCookiesToResponse.php:37
#43 \vendor\laravel\framework\src\Illuminate\Pipeline\Pipeline.php:180
#44 \vendor\laravel\framework\src\Illuminate\Cookie\Middleware\EncryptCookies.php:67
#45 \vendor\laravel\framework\src\Illuminate\Pipeline\Pipeline.php:180
#46 \vendor\laramin\utility\src\Utility.php:14
#47 \vendor\laravel\framework\src\Illuminate\Pipeline\Pipeline.php:180
#48 \vendor\laravel\framework\src\Illuminate\Pipeline\Pipeline.php:116
#49 \vendor\laravel\framework\src\Illuminate\Routing\Router.php:797
  
[2025-07-02 13:56:38] production.INFO: Detected N+1 Query  
[2025-07-02 13:56:38] production.INFO: Model: App\Models\LivraisonInfo
Relation: App\Models\Magasin
Num-Called: 2
Call-Stack:
#18 \app\Http\Controllers\Manager\LivraisonController.php:475
#19 \app\Http\Controllers\Manager\LivraisonController.php:355
#20 \vendor\laravel\framework\src\Illuminate\Routing\Controller.php:54
#21 \vendor\laravel\framework\src\Illuminate\Routing\ControllerDispatcher.php:43
#22 \vendor\laravel\framework\src\Illuminate\Routing\Route.php:259
#23 \vendor\laravel\framework\src\Illuminate\Routing\Route.php:205
#24 \vendor\laravel\framework\src\Illuminate\Routing\Router.php:798
#25 \vendor\laravel\framework\src\Illuminate\Pipeline\Pipeline.php:141
#26 \app\Http\Middleware\Manager.php:20
#27 \vendor\laravel\framework\src\Illuminate\Pipeline\Pipeline.php:180
#28 \app\Http\Middleware\CheckStatus.php:22
#29 \vendor\laravel\framework\src\Illuminate\Pipeline\Pipeline.php:180
#30 \app\Http\Middleware\MaintenanceMode.php:25
#31 \vendor\laravel\framework\src\Illuminate\Pipeline\Pipeline.php:180
#32 \vendor\laravel\framework\src\Illuminate\Routing\Middleware\SubstituteBindings.php:50
#33 \vendor\laravel\framework\src\Illuminate\Pipeline\Pipeline.php:180
#34 \app\Http\Middleware\Authenticate.php:35
#35 \vendor\laravel\framework\src\Illuminate\Pipeline\Pipeline.php:180
#36 \vendor\laravel\framework\src\Illuminate\Foundation\Http\Middleware\VerifyCsrfToken.php:78
#37 \vendor\laravel\framework\src\Illuminate\Pipeline\Pipeline.php:180
#38 \vendor\laravel\framework\src\Illuminate\View\Middleware\ShareErrorsFromSession.php:49
#39 \vendor\laravel\framework\src\Illuminate\Pipeline\Pipeline.php:180
#40 \vendor\laravel\framework\src\Illuminate\Session\Middleware\StartSession.php:121
#41 \vendor\laravel\framework\src\Illuminate\Session\Middleware\StartSession.php:64
#42 \vendor\laravel\framework\src\Illuminate\Pipeline\Pipeline.php:180
#43 \vendor\laravel\framework\src\Illuminate\Cookie\Middleware\AddQueuedCookiesToResponse.php:37
#44 \vendor\laravel\framework\src\Illuminate\Pipeline\Pipeline.php:180
#45 \vendor\laravel\framework\src\Illuminate\Cookie\Middleware\EncryptCookies.php:67
#46 \vendor\laravel\framework\src\Illuminate\Pipeline\Pipeline.php:180
#47 \vendor\laramin\utility\src\Utility.php:14
#48 \vendor\laravel\framework\src\Illuminate\Pipeline\Pipeline.php:180
#49 \vendor\laravel\framework\src\Illuminate\Pipeline\Pipeline.php:116
  
[2025-07-02 13:56:38] production.INFO: Model: App\Models\LivraisonInfo
Relation: App\Models\User
Num-Called: 2
Call-Stack:
#18 \app\Http\Controllers\Manager\LivraisonController.php:475
#19 \app\Http\Controllers\Manager\LivraisonController.php:355
#20 \vendor\laravel\framework\src\Illuminate\Routing\Controller.php:54
#21 \vendor\laravel\framework\src\Illuminate\Routing\ControllerDispatcher.php:43
#22 \vendor\laravel\framework\src\Illuminate\Routing\Route.php:259
#23 \vendor\laravel\framework\src\Illuminate\Routing\Route.php:205
#24 \vendor\laravel\framework\src\Illuminate\Routing\Router.php:798
#25 \vendor\laravel\framework\src\Illuminate\Pipeline\Pipeline.php:141
#26 \app\Http\Middleware\Manager.php:20
#27 \vendor\laravel\framework\src\Illuminate\Pipeline\Pipeline.php:180
#28 \app\Http\Middleware\CheckStatus.php:22
#29 \vendor\laravel\framework\src\Illuminate\Pipeline\Pipeline.php:180
#30 \app\Http\Middleware\MaintenanceMode.php:25
#31 \vendor\laravel\framework\src\Illuminate\Pipeline\Pipeline.php:180
#32 \vendor\laravel\framework\src\Illuminate\Routing\Middleware\SubstituteBindings.php:50
#33 \vendor\laravel\framework\src\Illuminate\Pipeline\Pipeline.php:180
#34 \app\Http\Middleware\Authenticate.php:35
#35 \vendor\laravel\framework\src\Illuminate\Pipeline\Pipeline.php:180
#36 \vendor\laravel\framework\src\Illuminate\Foundation\Http\Middleware\VerifyCsrfToken.php:78
#37 \vendor\laravel\framework\src\Illuminate\Pipeline\Pipeline.php:180
#38 \vendor\laravel\framework\src\Illuminate\View\Middleware\ShareErrorsFromSession.php:49
#39 \vendor\laravel\framework\src\Illuminate\Pipeline\Pipeline.php:180
#40 \vendor\laravel\framework\src\Illuminate\Session\Middleware\StartSession.php:121
#41 \vendor\laravel\framework\src\Illuminate\Session\Middleware\StartSession.php:64
#42 \vendor\laravel\framework\src\Illuminate\Pipeline\Pipeline.php:180
#43 \vendor\laravel\framework\src\Illuminate\Cookie\Middleware\AddQueuedCookiesToResponse.php:37
#44 \vendor\laravel\framework\src\Illuminate\Pipeline\Pipeline.php:180
#45 \vendor\laravel\framework\src\Illuminate\Cookie\Middleware\EncryptCookies.php:67
#46 \vendor\laravel\framework\src\Illuminate\Pipeline\Pipeline.php:180
#47 \vendor\laramin\utility\src\Utility.php:14
#48 \vendor\laravel\framework\src\Illuminate\Pipeline\Pipeline.php:180
#49 \vendor\laravel\framework\src\Illuminate\Pipeline\Pipeline.php:116
  
[2025-07-02 13:56:38] production.INFO: Model: App\Models\LivraisonInfo
Relation: App\Models\LivraisonPayment
Num-Called: 2
Call-Stack:
#18 \app\Http\Controllers\Manager\LivraisonController.php:475
#19 \app\Http\Controllers\Manager\LivraisonController.php:355
#20 \vendor\laravel\framework\src\Illuminate\Routing\Controller.php:54
#21 \vendor\laravel\framework\src\Illuminate\Routing\ControllerDispatcher.php:43
#22 \vendor\laravel\framework\src\Illuminate\Routing\Route.php:259
#23 \vendor\laravel\framework\src\Illuminate\Routing\Route.php:205
#24 \vendor\laravel\framework\src\Illuminate\Routing\Router.php:798
#25 \vendor\laravel\framework\src\Illuminate\Pipeline\Pipeline.php:141
#26 \app\Http\Middleware\Manager.php:20
#27 \vendor\laravel\framework\src\Illuminate\Pipeline\Pipeline.php:180
#28 \app\Http\Middleware\CheckStatus.php:22
#29 \vendor\laravel\framework\src\Illuminate\Pipeline\Pipeline.php:180
#30 \app\Http\Middleware\MaintenanceMode.php:25
#31 \vendor\laravel\framework\src\Illuminate\Pipeline\Pipeline.php:180
#32 \vendor\laravel\framework\src\Illuminate\Routing\Middleware\SubstituteBindings.php:50
#33 \vendor\laravel\framework\src\Illuminate\Pipeline\Pipeline.php:180
#34 \app\Http\Middleware\Authenticate.php:35
#35 \vendor\laravel\framework\src\Illuminate\Pipeline\Pipeline.php:180
#36 \vendor\laravel\framework\src\Illuminate\Foundation\Http\Middleware\VerifyCsrfToken.php:78
#37 \vendor\laravel\framework\src\Illuminate\Pipeline\Pipeline.php:180
#38 \vendor\laravel\framework\src\Illuminate\View\Middleware\ShareErrorsFromSession.php:49
#39 \vendor\laravel\framework\src\Illuminate\Pipeline\Pipeline.php:180
#40 \vendor\laravel\framework\src\Illuminate\Session\Middleware\StartSession.php:121
#41 \vendor\laravel\framework\src\Illuminate\Session\Middleware\StartSession.php:64
#42 \vendor\laravel\framework\src\Illuminate\Pipeline\Pipeline.php:180
#43 \vendor\laravel\framework\src\Illuminate\Cookie\Middleware\AddQueuedCookiesToResponse.php:37
#44 \vendor\laravel\framework\src\Illuminate\Pipeline\Pipeline.php:180
#45 \vendor\laravel\framework\src\Illuminate\Cookie\Middleware\EncryptCookies.php:67
#46 \vendor\laravel\framework\src\Illuminate\Pipeline\Pipeline.php:180
#47 \vendor\laramin\utility\src\Utility.php:14
#48 \vendor\laravel\framework\src\Illuminate\Pipeline\Pipeline.php:180
#49 \vendor\laravel\framework\src\Illuminate\Pipeline\Pipeline.php:116
  
[2025-07-02 13:56:38] production.INFO: Model: App\Models\LivraisonInfo
Relation: receiverClient
Num-Called: 20
Call-Stack:
#19 \storage\framework\views\14ce5eef03daf899bb3004526ab66eaff3b970e3.php:76
#21 \vendor\laravel\framework\src\Illuminate\Filesystem\Filesystem.php:110
#22 \vendor\laravel\framework\src\Illuminate\View\Engines\PhpEngine.php:58
#23 \vendor\laravel\framework\src\Illuminate\View\Engines\CompilerEngine.php:70
#24 \vendor\laravel\framework\src\Illuminate\View\View.php:195
#25 \vendor\laravel\framework\src\Illuminate\View\View.php:178
#26 \vendor\laravel\framework\src\Illuminate\View\View.php:147
#27 \vendor\laravel\framework\src\Illuminate\Http\Response.php:69
#28 \vendor\laravel\framework\src\Illuminate\Http\Response.php:35
#29 \vendor\laravel\framework\src\Illuminate\Routing\Router.php:906
#30 \vendor\laravel\framework\src\Illuminate\Routing\Router.php:875
#31 \vendor\laravel\framework\src\Illuminate\Routing\Router.php:797
#32 \vendor\laravel\framework\src\Illuminate\Pipeline\Pipeline.php:141
#33 \app\Http\Middleware\Manager.php:20
#34 \vendor\laravel\framework\src\Illuminate\Pipeline\Pipeline.php:180
#35 \app\Http\Middleware\CheckStatus.php:22
#36 \vendor\laravel\framework\src\Illuminate\Pipeline\Pipeline.php:180
#37 \app\Http\Middleware\MaintenanceMode.php:25
#38 \vendor\laravel\framework\src\Illuminate\Pipeline\Pipeline.php:180
#39 \vendor\laravel\framework\src\Illuminate\Routing\Middleware\SubstituteBindings.php:50
#40 \vendor\laravel\framework\src\Illuminate\Pipeline\Pipeline.php:180
#41 \app\Http\Middleware\Authenticate.php:35
#42 \vendor\laravel\framework\src\Illuminate\Pipeline\Pipeline.php:180
#43 \vendor\laravel\framework\src\Illuminate\Foundation\Http\Middleware\VerifyCsrfToken.php:78
#44 \vendor\laravel\framework\src\Illuminate\Pipeline\Pipeline.php:180
#45 \vendor\laravel\framework\src\Illuminate\View\Middleware\ShareErrorsFromSession.php:49
#46 \vendor\laravel\framework\src\Illuminate\Pipeline\Pipeline.php:180
#47 \vendor\laravel\framework\src\Illuminate\Session\Middleware\StartSession.php:121
#48 \vendor\laravel\framework\src\Illuminate\Session\Middleware\StartSession.php:64
#49 \vendor\laravel\framework\src\Illuminate\Pipeline\Pipeline.php:180
  
[2025-07-02 13:57:21] production.INFO: Detected N+1 Query  
[2025-07-02 13:57:21] production.INFO: Model: App\Models\LivraisonInfo
Relation: App\Models\Magasin
Num-Called: 2
Call-Stack:
#18 \app\Http\Controllers\Manager\LivraisonController.php:475
#19 \app\Http\Controllers\Manager\LivraisonController.php:355
#20 \vendor\laravel\framework\src\Illuminate\Routing\Controller.php:54
#21 \vendor\laravel\framework\src\Illuminate\Routing\ControllerDispatcher.php:43
#22 \vendor\laravel\framework\src\Illuminate\Routing\Route.php:259
#23 \vendor\laravel\framework\src\Illuminate\Routing\Route.php:205
#24 \vendor\laravel\framework\src\Illuminate\Routing\Router.php:798
#25 \vendor\laravel\framework\src\Illuminate\Pipeline\Pipeline.php:141
#26 \app\Http\Middleware\Manager.php:20
#27 \vendor\laravel\framework\src\Illuminate\Pipeline\Pipeline.php:180
#28 \app\Http\Middleware\CheckStatus.php:22
#29 \vendor\laravel\framework\src\Illuminate\Pipeline\Pipeline.php:180
#30 \app\Http\Middleware\MaintenanceMode.php:25
#31 \vendor\laravel\framework\src\Illuminate\Pipeline\Pipeline.php:180
#32 \vendor\laravel\framework\src\Illuminate\Routing\Middleware\SubstituteBindings.php:50
#33 \vendor\laravel\framework\src\Illuminate\Pipeline\Pipeline.php:180
#34 \app\Http\Middleware\Authenticate.php:35
#35 \vendor\laravel\framework\src\Illuminate\Pipeline\Pipeline.php:180
#36 \vendor\laravel\framework\src\Illuminate\Foundation\Http\Middleware\VerifyCsrfToken.php:78
#37 \vendor\laravel\framework\src\Illuminate\Pipeline\Pipeline.php:180
#38 \vendor\laravel\framework\src\Illuminate\View\Middleware\ShareErrorsFromSession.php:49
#39 \vendor\laravel\framework\src\Illuminate\Pipeline\Pipeline.php:180
#40 \vendor\laravel\framework\src\Illuminate\Session\Middleware\StartSession.php:121
#41 \vendor\laravel\framework\src\Illuminate\Session\Middleware\StartSession.php:64
#42 \vendor\laravel\framework\src\Illuminate\Pipeline\Pipeline.php:180
#43 \vendor\laravel\framework\src\Illuminate\Cookie\Middleware\AddQueuedCookiesToResponse.php:37
#44 \vendor\laravel\framework\src\Illuminate\Pipeline\Pipeline.php:180
#45 \vendor\laravel\framework\src\Illuminate\Cookie\Middleware\EncryptCookies.php:67
#46 \vendor\laravel\framework\src\Illuminate\Pipeline\Pipeline.php:180
#47 \vendor\laramin\utility\src\Utility.php:14
#48 \vendor\laravel\framework\src\Illuminate\Pipeline\Pipeline.php:180
#49 \vendor\laravel\framework\src\Illuminate\Pipeline\Pipeline.php:116
  
[2025-07-02 13:57:21] production.INFO: Model: App\Models\LivraisonInfo
Relation: App\Models\User
Num-Called: 2
Call-Stack:
#18 \app\Http\Controllers\Manager\LivraisonController.php:475
#19 \app\Http\Controllers\Manager\LivraisonController.php:355
#20 \vendor\laravel\framework\src\Illuminate\Routing\Controller.php:54
#21 \vendor\laravel\framework\src\Illuminate\Routing\ControllerDispatcher.php:43
#22 \vendor\laravel\framework\src\Illuminate\Routing\Route.php:259
#23 \vendor\laravel\framework\src\Illuminate\Routing\Route.php:205
#24 \vendor\laravel\framework\src\Illuminate\Routing\Router.php:798
#25 \vendor\laravel\framework\src\Illuminate\Pipeline\Pipeline.php:141
#26 \app\Http\Middleware\Manager.php:20
#27 \vendor\laravel\framework\src\Illuminate\Pipeline\Pipeline.php:180
#28 \app\Http\Middleware\CheckStatus.php:22
#29 \vendor\laravel\framework\src\Illuminate\Pipeline\Pipeline.php:180
#30 \app\Http\Middleware\MaintenanceMode.php:25
#31 \vendor\laravel\framework\src\Illuminate\Pipeline\Pipeline.php:180
#32 \vendor\laravel\framework\src\Illuminate\Routing\Middleware\SubstituteBindings.php:50
#33 \vendor\laravel\framework\src\Illuminate\Pipeline\Pipeline.php:180
#34 \app\Http\Middleware\Authenticate.php:35
#35 \vendor\laravel\framework\src\Illuminate\Pipeline\Pipeline.php:180
#36 \vendor\laravel\framework\src\Illuminate\Foundation\Http\Middleware\VerifyCsrfToken.php:78
#37 \vendor\laravel\framework\src\Illuminate\Pipeline\Pipeline.php:180
#38 \vendor\laravel\framework\src\Illuminate\View\Middleware\ShareErrorsFromSession.php:49
#39 \vendor\laravel\framework\src\Illuminate\Pipeline\Pipeline.php:180
#40 \vendor\laravel\framework\src\Illuminate\Session\Middleware\StartSession.php:121
#41 \vendor\laravel\framework\src\Illuminate\Session\Middleware\StartSession.php:64
#42 \vendor\laravel\framework\src\Illuminate\Pipeline\Pipeline.php:180
#43 \vendor\laravel\framework\src\Illuminate\Cookie\Middleware\AddQueuedCookiesToResponse.php:37
#44 \vendor\laravel\framework\src\Illuminate\Pipeline\Pipeline.php:180
#45 \vendor\laravel\framework\src\Illuminate\Cookie\Middleware\EncryptCookies.php:67
#46 \vendor\laravel\framework\src\Illuminate\Pipeline\Pipeline.php:180
#47 \vendor\laramin\utility\src\Utility.php:14
#48 \vendor\laravel\framework\src\Illuminate\Pipeline\Pipeline.php:180
#49 \vendor\laravel\framework\src\Illuminate\Pipeline\Pipeline.php:116
  
[2025-07-02 13:57:21] production.INFO: Model: App\Models\LivraisonInfo
Relation: App\Models\LivraisonPayment
Num-Called: 2
Call-Stack:
#18 \app\Http\Controllers\Manager\LivraisonController.php:475
#19 \app\Http\Controllers\Manager\LivraisonController.php:355
#20 \vendor\laravel\framework\src\Illuminate\Routing\Controller.php:54
#21 \vendor\laravel\framework\src\Illuminate\Routing\ControllerDispatcher.php:43
#22 \vendor\laravel\framework\src\Illuminate\Routing\Route.php:259
#23 \vendor\laravel\framework\src\Illuminate\Routing\Route.php:205
#24 \vendor\laravel\framework\src\Illuminate\Routing\Router.php:798
#25 \vendor\laravel\framework\src\Illuminate\Pipeline\Pipeline.php:141
#26 \app\Http\Middleware\Manager.php:20
#27 \vendor\laravel\framework\src\Illuminate\Pipeline\Pipeline.php:180
#28 \app\Http\Middleware\CheckStatus.php:22
#29 \vendor\laravel\framework\src\Illuminate\Pipeline\Pipeline.php:180
#30 \app\Http\Middleware\MaintenanceMode.php:25
#31 \vendor\laravel\framework\src\Illuminate\Pipeline\Pipeline.php:180
#32 \vendor\laravel\framework\src\Illuminate\Routing\Middleware\SubstituteBindings.php:50
#33 \vendor\laravel\framework\src\Illuminate\Pipeline\Pipeline.php:180
#34 \app\Http\Middleware\Authenticate.php:35
#35 \vendor\laravel\framework\src\Illuminate\Pipeline\Pipeline.php:180
#36 \vendor\laravel\framework\src\Illuminate\Foundation\Http\Middleware\VerifyCsrfToken.php:78
#37 \vendor\laravel\framework\src\Illuminate\Pipeline\Pipeline.php:180
#38 \vendor\laravel\framework\src\Illuminate\View\Middleware\ShareErrorsFromSession.php:49
#39 \vendor\laravel\framework\src\Illuminate\Pipeline\Pipeline.php:180
#40 \vendor\laravel\framework\src\Illuminate\Session\Middleware\StartSession.php:121
#41 \vendor\laravel\framework\src\Illuminate\Session\Middleware\StartSession.php:64
#42 \vendor\laravel\framework\src\Illuminate\Pipeline\Pipeline.php:180
#43 \vendor\laravel\framework\src\Illuminate\Cookie\Middleware\AddQueuedCookiesToResponse.php:37
#44 \vendor\laravel\framework\src\Illuminate\Pipeline\Pipeline.php:180
#45 \vendor\laravel\framework\src\Illuminate\Cookie\Middleware\EncryptCookies.php:67
#46 \vendor\laravel\framework\src\Illuminate\Pipeline\Pipeline.php:180
#47 \vendor\laramin\utility\src\Utility.php:14
#48 \vendor\laravel\framework\src\Illuminate\Pipeline\Pipeline.php:180
#49 \vendor\laravel\framework\src\Illuminate\Pipeline\Pipeline.php:116
  
[2025-07-02 13:57:22] production.INFO: Model: App\Models\LivraisonInfo
Relation: receiverClient
Num-Called: 20
Call-Stack:
#19 \storage\framework\views\14ce5eef03daf899bb3004526ab66eaff3b970e3.php:76
#21 \vendor\laravel\framework\src\Illuminate\Filesystem\Filesystem.php:110
#22 \vendor\laravel\framework\src\Illuminate\View\Engines\PhpEngine.php:58
#23 \vendor\laravel\framework\src\Illuminate\View\Engines\CompilerEngine.php:70
#24 \vendor\laravel\framework\src\Illuminate\View\View.php:195
#25 \vendor\laravel\framework\src\Illuminate\View\View.php:178
#26 \vendor\laravel\framework\src\Illuminate\View\View.php:147
#27 \vendor\laravel\framework\src\Illuminate\Http\Response.php:69
#28 \vendor\laravel\framework\src\Illuminate\Http\Response.php:35
#29 \vendor\laravel\framework\src\Illuminate\Routing\Router.php:906
#30 \vendor\laravel\framework\src\Illuminate\Routing\Router.php:875
#31 \vendor\laravel\framework\src\Illuminate\Routing\Router.php:797
#32 \vendor\laravel\framework\src\Illuminate\Pipeline\Pipeline.php:141
#33 \app\Http\Middleware\Manager.php:20
#34 \vendor\laravel\framework\src\Illuminate\Pipeline\Pipeline.php:180
#35 \app\Http\Middleware\CheckStatus.php:22
#36 \vendor\laravel\framework\src\Illuminate\Pipeline\Pipeline.php:180
#37 \app\Http\Middleware\MaintenanceMode.php:25
#38 \vendor\laravel\framework\src\Illuminate\Pipeline\Pipeline.php:180
#39 \vendor\laravel\framework\src\Illuminate\Routing\Middleware\SubstituteBindings.php:50
#40 \vendor\laravel\framework\src\Illuminate\Pipeline\Pipeline.php:180
#41 \app\Http\Middleware\Authenticate.php:35
#42 \vendor\laravel\framework\src\Illuminate\Pipeline\Pipeline.php:180
#43 \vendor\laravel\framework\src\Illuminate\Foundation\Http\Middleware\VerifyCsrfToken.php:78
#44 \vendor\laravel\framework\src\Illuminate\Pipeline\Pipeline.php:180
#45 \vendor\laravel\framework\src\Illuminate\View\Middleware\ShareErrorsFromSession.php:49
#46 \vendor\laravel\framework\src\Illuminate\Pipeline\Pipeline.php:180
#47 \vendor\laravel\framework\src\Illuminate\Session\Middleware\StartSession.php:121
#48 \vendor\laravel\framework\src\Illuminate\Session\Middleware\StartSession.php:64
#49 \vendor\laravel\framework\src\Illuminate\Pipeline\Pipeline.php:180
  
[2025-07-02 13:57:55] production.INFO: Detected N+1 Query  
[2025-07-02 13:57:55] production.INFO: Model: App\Models\LivraisonInfo
Relation: App\Models\Magasin
Num-Called: 2
Call-Stack:
#18 \app\Http\Controllers\Manager\LivraisonController.php:475
#19 \app\Http\Controllers\Manager\LivraisonController.php:355
#20 \vendor\laravel\framework\src\Illuminate\Routing\Controller.php:54
#21 \vendor\laravel\framework\src\Illuminate\Routing\ControllerDispatcher.php:43
#22 \vendor\laravel\framework\src\Illuminate\Routing\Route.php:259
#23 \vendor\laravel\framework\src\Illuminate\Routing\Route.php:205
#24 \vendor\laravel\framework\src\Illuminate\Routing\Router.php:798
#25 \vendor\laravel\framework\src\Illuminate\Pipeline\Pipeline.php:141
#26 \app\Http\Middleware\Manager.php:20
#27 \vendor\laravel\framework\src\Illuminate\Pipeline\Pipeline.php:180
#28 \app\Http\Middleware\CheckStatus.php:22
#29 \vendor\laravel\framework\src\Illuminate\Pipeline\Pipeline.php:180
#30 \app\Http\Middleware\MaintenanceMode.php:25
#31 \vendor\laravel\framework\src\Illuminate\Pipeline\Pipeline.php:180
#32 \vendor\laravel\framework\src\Illuminate\Routing\Middleware\SubstituteBindings.php:50
#33 \vendor\laravel\framework\src\Illuminate\Pipeline\Pipeline.php:180
#34 \app\Http\Middleware\Authenticate.php:35
#35 \vendor\laravel\framework\src\Illuminate\Pipeline\Pipeline.php:180
#36 \vendor\laravel\framework\src\Illuminate\Foundation\Http\Middleware\VerifyCsrfToken.php:78
#37 \vendor\laravel\framework\src\Illuminate\Pipeline\Pipeline.php:180
#38 \vendor\laravel\framework\src\Illuminate\View\Middleware\ShareErrorsFromSession.php:49
#39 \vendor\laravel\framework\src\Illuminate\Pipeline\Pipeline.php:180
#40 \vendor\laravel\framework\src\Illuminate\Session\Middleware\StartSession.php:121
#41 \vendor\laravel\framework\src\Illuminate\Session\Middleware\StartSession.php:64
#42 \vendor\laravel\framework\src\Illuminate\Pipeline\Pipeline.php:180
#43 \vendor\laravel\framework\src\Illuminate\Cookie\Middleware\AddQueuedCookiesToResponse.php:37
#44 \vendor\laravel\framework\src\Illuminate\Pipeline\Pipeline.php:180
#45 \vendor\laravel\framework\src\Illuminate\Cookie\Middleware\EncryptCookies.php:67
#46 \vendor\laravel\framework\src\Illuminate\Pipeline\Pipeline.php:180
#47 \vendor\laramin\utility\src\Utility.php:14
#48 \vendor\laravel\framework\src\Illuminate\Pipeline\Pipeline.php:180
#49 \vendor\laravel\framework\src\Illuminate\Pipeline\Pipeline.php:116
  
[2025-07-02 13:57:55] production.INFO: Model: App\Models\LivraisonInfo
Relation: App\Models\User
Num-Called: 2
Call-Stack:
#18 \app\Http\Controllers\Manager\LivraisonController.php:475
#19 \app\Http\Controllers\Manager\LivraisonController.php:355
#20 \vendor\laravel\framework\src\Illuminate\Routing\Controller.php:54
#21 \vendor\laravel\framework\src\Illuminate\Routing\ControllerDispatcher.php:43
#22 \vendor\laravel\framework\src\Illuminate\Routing\Route.php:259
#23 \vendor\laravel\framework\src\Illuminate\Routing\Route.php:205
#24 \vendor\laravel\framework\src\Illuminate\Routing\Router.php:798
#25 \vendor\laravel\framework\src\Illuminate\Pipeline\Pipeline.php:141
#26 \app\Http\Middleware\Manager.php:20
#27 \vendor\laravel\framework\src\Illuminate\Pipeline\Pipeline.php:180
#28 \app\Http\Middleware\CheckStatus.php:22
#29 \vendor\laravel\framework\src\Illuminate\Pipeline\Pipeline.php:180
#30 \app\Http\Middleware\MaintenanceMode.php:25
#31 \vendor\laravel\framework\src\Illuminate\Pipeline\Pipeline.php:180
#32 \vendor\laravel\framework\src\Illuminate\Routing\Middleware\SubstituteBindings.php:50
#33 \vendor\laravel\framework\src\Illuminate\Pipeline\Pipeline.php:180
#34 \app\Http\Middleware\Authenticate.php:35
#35 \vendor\laravel\framework\src\Illuminate\Pipeline\Pipeline.php:180
#36 \vendor\laravel\framework\src\Illuminate\Foundation\Http\Middleware\VerifyCsrfToken.php:78
#37 \vendor\laravel\framework\src\Illuminate\Pipeline\Pipeline.php:180
#38 \vendor\laravel\framework\src\Illuminate\View\Middleware\ShareErrorsFromSession.php:49
#39 \vendor\laravel\framework\src\Illuminate\Pipeline\Pipeline.php:180
#40 \vendor\laravel\framework\src\Illuminate\Session\Middleware\StartSession.php:121
#41 \vendor\laravel\framework\src\Illuminate\Session\Middleware\StartSession.php:64
#42 \vendor\laravel\framework\src\Illuminate\Pipeline\Pipeline.php:180
#43 \vendor\laravel\framework\src\Illuminate\Cookie\Middleware\AddQueuedCookiesToResponse.php:37
#44 \vendor\laravel\framework\src\Illuminate\Pipeline\Pipeline.php:180
#45 \vendor\laravel\framework\src\Illuminate\Cookie\Middleware\EncryptCookies.php:67
#46 \vendor\laravel\framework\src\Illuminate\Pipeline\Pipeline.php:180
#47 \vendor\laramin\utility\src\Utility.php:14
#48 \vendor\laravel\framework\src\Illuminate\Pipeline\Pipeline.php:180
#49 \vendor\laravel\framework\src\Illuminate\Pipeline\Pipeline.php:116
  
[2025-07-02 13:57:55] production.INFO: Model: App\Models\LivraisonInfo
Relation: App\Models\LivraisonPayment
Num-Called: 2
Call-Stack:
#18 \app\Http\Controllers\Manager\LivraisonController.php:475
#19 \app\Http\Controllers\Manager\LivraisonController.php:355
#20 \vendor\laravel\framework\src\Illuminate\Routing\Controller.php:54
#21 \vendor\laravel\framework\src\Illuminate\Routing\ControllerDispatcher.php:43
#22 \vendor\laravel\framework\src\Illuminate\Routing\Route.php:259
#23 \vendor\laravel\framework\src\Illuminate\Routing\Route.php:205
#24 \vendor\laravel\framework\src\Illuminate\Routing\Router.php:798
#25 \vendor\laravel\framework\src\Illuminate\Pipeline\Pipeline.php:141
#26 \app\Http\Middleware\Manager.php:20
#27 \vendor\laravel\framework\src\Illuminate\Pipeline\Pipeline.php:180
#28 \app\Http\Middleware\CheckStatus.php:22
#29 \vendor\laravel\framework\src\Illuminate\Pipeline\Pipeline.php:180
#30 \app\Http\Middleware\MaintenanceMode.php:25
#31 \vendor\laravel\framework\src\Illuminate\Pipeline\Pipeline.php:180
#32 \vendor\laravel\framework\src\Illuminate\Routing\Middleware\SubstituteBindings.php:50
#33 \vendor\laravel\framework\src\Illuminate\Pipeline\Pipeline.php:180
#34 \app\Http\Middleware\Authenticate.php:35
#35 \vendor\laravel\framework\src\Illuminate\Pipeline\Pipeline.php:180
#36 \vendor\laravel\framework\src\Illuminate\Foundation\Http\Middleware\VerifyCsrfToken.php:78
#37 \vendor\laravel\framework\src\Illuminate\Pipeline\Pipeline.php:180
#38 \vendor\laravel\framework\src\Illuminate\View\Middleware\ShareErrorsFromSession.php:49
#39 \vendor\laravel\framework\src\Illuminate\Pipeline\Pipeline.php:180
#40 \vendor\laravel\framework\src\Illuminate\Session\Middleware\StartSession.php:121
#41 \vendor\laravel\framework\src\Illuminate\Session\Middleware\StartSession.php:64
#42 \vendor\laravel\framework\src\Illuminate\Pipeline\Pipeline.php:180
#43 \vendor\laravel\framework\src\Illuminate\Cookie\Middleware\AddQueuedCookiesToResponse.php:37
#44 \vendor\laravel\framework\src\Illuminate\Pipeline\Pipeline.php:180
#45 \vendor\laravel\framework\src\Illuminate\Cookie\Middleware\EncryptCookies.php:67
#46 \vendor\laravel\framework\src\Illuminate\Pipeline\Pipeline.php:180
#47 \vendor\laramin\utility\src\Utility.php:14
#48 \vendor\laravel\framework\src\Illuminate\Pipeline\Pipeline.php:180
#49 \vendor\laravel\framework\src\Illuminate\Pipeline\Pipeline.php:116
  
[2025-07-02 13:57:55] production.INFO: Model: App\Models\LivraisonInfo
Relation: receiverClient
Num-Called: 20
Call-Stack:
#19 \storage\framework\views\14ce5eef03daf899bb3004526ab66eaff3b970e3.php:76
#21 \vendor\laravel\framework\src\Illuminate\Filesystem\Filesystem.php:110
#22 \vendor\laravel\framework\src\Illuminate\View\Engines\PhpEngine.php:58
#23 \vendor\laravel\framework\src\Illuminate\View\Engines\CompilerEngine.php:70
#24 \vendor\laravel\framework\src\Illuminate\View\View.php:195
#25 \vendor\laravel\framework\src\Illuminate\View\View.php:178
#26 \vendor\laravel\framework\src\Illuminate\View\View.php:147
#27 \vendor\laravel\framework\src\Illuminate\Http\Response.php:69
#28 \vendor\laravel\framework\src\Illuminate\Http\Response.php:35
#29 \vendor\laravel\framework\src\Illuminate\Routing\Router.php:906
#30 \vendor\laravel\framework\src\Illuminate\Routing\Router.php:875
#31 \vendor\laravel\framework\src\Illuminate\Routing\Router.php:797
#32 \vendor\laravel\framework\src\Illuminate\Pipeline\Pipeline.php:141
#33 \app\Http\Middleware\Manager.php:20
#34 \vendor\laravel\framework\src\Illuminate\Pipeline\Pipeline.php:180
#35 \app\Http\Middleware\CheckStatus.php:22
#36 \vendor\laravel\framework\src\Illuminate\Pipeline\Pipeline.php:180
#37 \app\Http\Middleware\MaintenanceMode.php:25
#38 \vendor\laravel\framework\src\Illuminate\Pipeline\Pipeline.php:180
#39 \vendor\laravel\framework\src\Illuminate\Routing\Middleware\SubstituteBindings.php:50
#40 \vendor\laravel\framework\src\Illuminate\Pipeline\Pipeline.php:180
#41 \app\Http\Middleware\Authenticate.php:35
#42 \vendor\laravel\framework\src\Illuminate\Pipeline\Pipeline.php:180
#43 \vendor\laravel\framework\src\Illuminate\Foundation\Http\Middleware\VerifyCsrfToken.php:78
#44 \vendor\laravel\framework\src\Illuminate\Pipeline\Pipeline.php:180
#45 \vendor\laravel\framework\src\Illuminate\View\Middleware\ShareErrorsFromSession.php:49
#46 \vendor\laravel\framework\src\Illuminate\Pipeline\Pipeline.php:180
#47 \vendor\laravel\framework\src\Illuminate\Session\Middleware\StartSession.php:121
#48 \vendor\laravel\framework\src\Illuminate\Session\Middleware\StartSession.php:64
#49 \vendor\laravel\framework\src\Illuminate\Pipeline\Pipeline.php:180
  
[2025-07-02 14:48:04] production.INFO: Detected N+1 Query  
[2025-07-02 14:48:04] production.INFO: Model: App\Models\LivraisonInfo
Relation: App\Models\Magasin
Num-Called: 4
Call-Stack:
#18 \app\Http\Controllers\Manager\ManagerController.php:48
#19 \app\Http\Controllers\Manager\ManagerController.php:35
#20 \vendor\laravel\framework\src\Illuminate\Routing\Controller.php:54
#21 \vendor\laravel\framework\src\Illuminate\Routing\ControllerDispatcher.php:43
#22 \vendor\laravel\framework\src\Illuminate\Routing\Route.php:259
#23 \vendor\laravel\framework\src\Illuminate\Routing\Route.php:205
#24 \vendor\laravel\framework\src\Illuminate\Routing\Router.php:798
#25 \vendor\laravel\framework\src\Illuminate\Pipeline\Pipeline.php:141
#26 \app\Http\Middleware\Manager.php:20
#27 \vendor\laravel\framework\src\Illuminate\Pipeline\Pipeline.php:180
#28 \app\Http\Middleware\CheckStatus.php:22
#29 \vendor\laravel\framework\src\Illuminate\Pipeline\Pipeline.php:180
#30 \app\Http\Middleware\MaintenanceMode.php:25
#31 \vendor\laravel\framework\src\Illuminate\Pipeline\Pipeline.php:180
#32 \vendor\laravel\framework\src\Illuminate\Routing\Middleware\SubstituteBindings.php:50
#33 \vendor\laravel\framework\src\Illuminate\Pipeline\Pipeline.php:180
#34 \app\Http\Middleware\Authenticate.php:35
#35 \vendor\laravel\framework\src\Illuminate\Pipeline\Pipeline.php:180
#36 \vendor\laravel\framework\src\Illuminate\Foundation\Http\Middleware\VerifyCsrfToken.php:78
#37 \vendor\laravel\framework\src\Illuminate\Pipeline\Pipeline.php:180
#38 \vendor\laravel\framework\src\Illuminate\View\Middleware\ShareErrorsFromSession.php:49
#39 \vendor\laravel\framework\src\Illuminate\Pipeline\Pipeline.php:180
#40 \vendor\laravel\framework\src\Illuminate\Session\Middleware\StartSession.php:121
#41 \vendor\laravel\framework\src\Illuminate\Session\Middleware\StartSession.php:64
#42 \vendor\laravel\framework\src\Illuminate\Pipeline\Pipeline.php:180
#43 \vendor\laravel\framework\src\Illuminate\Cookie\Middleware\AddQueuedCookiesToResponse.php:37
#44 \vendor\laravel\framework\src\Illuminate\Pipeline\Pipeline.php:180
#45 \vendor\laravel\framework\src\Illuminate\Cookie\Middleware\EncryptCookies.php:67
#46 \vendor\laravel\framework\src\Illuminate\Pipeline\Pipeline.php:180
#47 \vendor\laramin\utility\src\Utility.php:14
#48 \vendor\laravel\framework\src\Illuminate\Pipeline\Pipeline.php:180
#49 \vendor\laravel\framework\src\Illuminate\Pipeline\Pipeline.php:116
  
[2025-07-02 14:48:04] production.INFO: Model: App\Models\LivraisonInfo
Relation: App\Models\User
Num-Called: 2
Call-Stack:
#18 \app\Http\Controllers\Manager\ManagerController.php:48
#19 \app\Http\Controllers\Manager\ManagerController.php:35
#20 \vendor\laravel\framework\src\Illuminate\Routing\Controller.php:54
#21 \vendor\laravel\framework\src\Illuminate\Routing\ControllerDispatcher.php:43
#22 \vendor\laravel\framework\src\Illuminate\Routing\Route.php:259
#23 \vendor\laravel\framework\src\Illuminate\Routing\Route.php:205
#24 \vendor\laravel\framework\src\Illuminate\Routing\Router.php:798
#25 \vendor\laravel\framework\src\Illuminate\Pipeline\Pipeline.php:141
#26 \app\Http\Middleware\Manager.php:20
#27 \vendor\laravel\framework\src\Illuminate\Pipeline\Pipeline.php:180
#28 \app\Http\Middleware\CheckStatus.php:22
#29 \vendor\laravel\framework\src\Illuminate\Pipeline\Pipeline.php:180
#30 \app\Http\Middleware\MaintenanceMode.php:25
#31 \vendor\laravel\framework\src\Illuminate\Pipeline\Pipeline.php:180
#32 \vendor\laravel\framework\src\Illuminate\Routing\Middleware\SubstituteBindings.php:50
#33 \vendor\laravel\framework\src\Illuminate\Pipeline\Pipeline.php:180
#34 \app\Http\Middleware\Authenticate.php:35
#35 \vendor\laravel\framework\src\Illuminate\Pipeline\Pipeline.php:180
#36 \vendor\laravel\framework\src\Illuminate\Foundation\Http\Middleware\VerifyCsrfToken.php:78
#37 \vendor\laravel\framework\src\Illuminate\Pipeline\Pipeline.php:180
#38 \vendor\laravel\framework\src\Illuminate\View\Middleware\ShareErrorsFromSession.php:49
#39 \vendor\laravel\framework\src\Illuminate\Pipeline\Pipeline.php:180
#40 \vendor\laravel\framework\src\Illuminate\Session\Middleware\StartSession.php:121
#41 \vendor\laravel\framework\src\Illuminate\Session\Middleware\StartSession.php:64
#42 \vendor\laravel\framework\src\Illuminate\Pipeline\Pipeline.php:180
#43 \vendor\laravel\framework\src\Illuminate\Cookie\Middleware\AddQueuedCookiesToResponse.php:37
#44 \vendor\laravel\framework\src\Illuminate\Pipeline\Pipeline.php:180
#45 \vendor\laravel\framework\src\Illuminate\Cookie\Middleware\EncryptCookies.php:67
#46 \vendor\laravel\framework\src\Illuminate\Pipeline\Pipeline.php:180
#47 \vendor\laramin\utility\src\Utility.php:14
#48 \vendor\laravel\framework\src\Illuminate\Pipeline\Pipeline.php:180
#49 \vendor\laravel\framework\src\Illuminate\Pipeline\Pipeline.php:116
  
[2025-07-02 14:48:13] production.INFO: Detected N+1 Query  
[2025-07-02 14:48:13] production.INFO: Model: App\Models\LivraisonInfo
Relation: App\Models\Magasin
Num-Called: 4
Call-Stack:
#18 \app\Http\Controllers\Manager\ManagerController.php:48
#19 \app\Http\Controllers\Manager\ManagerController.php:35
#20 \vendor\laravel\framework\src\Illuminate\Routing\Controller.php:54
#21 \vendor\laravel\framework\src\Illuminate\Routing\ControllerDispatcher.php:43
#22 \vendor\laravel\framework\src\Illuminate\Routing\Route.php:259
#23 \vendor\laravel\framework\src\Illuminate\Routing\Route.php:205
#24 \vendor\laravel\framework\src\Illuminate\Routing\Router.php:798
#25 \vendor\laravel\framework\src\Illuminate\Pipeline\Pipeline.php:141
#26 \app\Http\Middleware\Manager.php:20
#27 \vendor\laravel\framework\src\Illuminate\Pipeline\Pipeline.php:180
#28 \app\Http\Middleware\CheckStatus.php:22
#29 \vendor\laravel\framework\src\Illuminate\Pipeline\Pipeline.php:180
#30 \app\Http\Middleware\MaintenanceMode.php:25
#31 \vendor\laravel\framework\src\Illuminate\Pipeline\Pipeline.php:180
#32 \vendor\laravel\framework\src\Illuminate\Routing\Middleware\SubstituteBindings.php:50
#33 \vendor\laravel\framework\src\Illuminate\Pipeline\Pipeline.php:180
#34 \app\Http\Middleware\Authenticate.php:35
#35 \vendor\laravel\framework\src\Illuminate\Pipeline\Pipeline.php:180
#36 \vendor\laravel\framework\src\Illuminate\Foundation\Http\Middleware\VerifyCsrfToken.php:78
#37 \vendor\laravel\framework\src\Illuminate\Pipeline\Pipeline.php:180
#38 \vendor\laravel\framework\src\Illuminate\View\Middleware\ShareErrorsFromSession.php:49
#39 \vendor\laravel\framework\src\Illuminate\Pipeline\Pipeline.php:180
#40 \vendor\laravel\framework\src\Illuminate\Session\Middleware\StartSession.php:121
#41 \vendor\laravel\framework\src\Illuminate\Session\Middleware\StartSession.php:64
#42 \vendor\laravel\framework\src\Illuminate\Pipeline\Pipeline.php:180
#43 \vendor\laravel\framework\src\Illuminate\Cookie\Middleware\AddQueuedCookiesToResponse.php:37
#44 \vendor\laravel\framework\src\Illuminate\Pipeline\Pipeline.php:180
#45 \vendor\laravel\framework\src\Illuminate\Cookie\Middleware\EncryptCookies.php:67
#46 \vendor\laravel\framework\src\Illuminate\Pipeline\Pipeline.php:180
#47 \vendor\laramin\utility\src\Utility.php:14
#48 \vendor\laravel\framework\src\Illuminate\Pipeline\Pipeline.php:180
#49 \vendor\laravel\framework\src\Illuminate\Pipeline\Pipeline.php:116
  
[2025-07-02 14:48:13] production.INFO: Model: App\Models\LivraisonInfo
Relation: App\Models\User
Num-Called: 2
Call-Stack:
#18 \app\Http\Controllers\Manager\ManagerController.php:48
#19 \app\Http\Controllers\Manager\ManagerController.php:35
#20 \vendor\laravel\framework\src\Illuminate\Routing\Controller.php:54
#21 \vendor\laravel\framework\src\Illuminate\Routing\ControllerDispatcher.php:43
#22 \vendor\laravel\framework\src\Illuminate\Routing\Route.php:259
#23 \vendor\laravel\framework\src\Illuminate\Routing\Route.php:205
#24 \vendor\laravel\framework\src\Illuminate\Routing\Router.php:798
#25 \vendor\laravel\framework\src\Illuminate\Pipeline\Pipeline.php:141
#26 \app\Http\Middleware\Manager.php:20
#27 \vendor\laravel\framework\src\Illuminate\Pipeline\Pipeline.php:180
#28 \app\Http\Middleware\CheckStatus.php:22
#29 \vendor\laravel\framework\src\Illuminate\Pipeline\Pipeline.php:180
#30 \app\Http\Middleware\MaintenanceMode.php:25
#31 \vendor\laravel\framework\src\Illuminate\Pipeline\Pipeline.php:180
#32 \vendor\laravel\framework\src\Illuminate\Routing\Middleware\SubstituteBindings.php:50
#33 \vendor\laravel\framework\src\Illuminate\Pipeline\Pipeline.php:180
#34 \app\Http\Middleware\Authenticate.php:35
#35 \vendor\laravel\framework\src\Illuminate\Pipeline\Pipeline.php:180
#36 \vendor\laravel\framework\src\Illuminate\Foundation\Http\Middleware\VerifyCsrfToken.php:78
#37 \vendor\laravel\framework\src\Illuminate\Pipeline\Pipeline.php:180
#38 \vendor\laravel\framework\src\Illuminate\View\Middleware\ShareErrorsFromSession.php:49
#39 \vendor\laravel\framework\src\Illuminate\Pipeline\Pipeline.php:180
#40 \vendor\laravel\framework\src\Illuminate\Session\Middleware\StartSession.php:121
#41 \vendor\laravel\framework\src\Illuminate\Session\Middleware\StartSession.php:64
#42 \vendor\laravel\framework\src\Illuminate\Pipeline\Pipeline.php:180
#43 \vendor\laravel\framework\src\Illuminate\Cookie\Middleware\AddQueuedCookiesToResponse.php:37
#44 \vendor\laravel\framework\src\Illuminate\Pipeline\Pipeline.php:180
#45 \vendor\laravel\framework\src\Illuminate\Cookie\Middleware\EncryptCookies.php:67
#46 \vendor\laravel\framework\src\Illuminate\Pipeline\Pipeline.php:180
#47 \vendor\laramin\utility\src\Utility.php:14
#48 \vendor\laravel\framework\src\Illuminate\Pipeline\Pipeline.php:180
#49 \vendor\laravel\framework\src\Illuminate\Pipeline\Pipeline.php:116
  
