[2025-07-01 17:37:30] production.INFO: Detected N+1 Query  
[2025-07-01 17:37:30] production.INFO: Model: App\Models\LivraisonInfo
Relation: App\Models\Magasin
Num-Called: 4
Call-Stack:
#18 \app\Http\Controllers\Manager\ManagerController.php:48
#19 \app\Http\Controllers\Manager\ManagerController.php:35
#20 \vendor\laravel\framework\src\Illuminate\Routing\Controller.php:54
#21 \vendor\laravel\framework\src\Illuminate\Routing\ControllerDispatcher.php:43
#22 \vendor\laravel\framework\src\Illuminate\Routing\Route.php:259
#23 \vendor\laravel\framework\src\Illuminate\Routing\Route.php:205
#24 \vendor\laravel\framework\src\Illuminate\Routing\Router.php:798
#25 \vendor\laravel\framework\src\Illuminate\Pipeline\Pipeline.php:141
#26 \app\Http\Middleware\Manager.php:20
#27 \vendor\laravel\framework\src\Illuminate\Pipeline\Pipeline.php:180
#28 \app\Http\Middleware\CheckStatus.php:22
#29 \vendor\laravel\framework\src\Illuminate\Pipeline\Pipeline.php:180
#30 \app\Http\Middleware\MaintenanceMode.php:25
#31 \vendor\laravel\framework\src\Illuminate\Pipeline\Pipeline.php:180
#32 \vendor\laravel\framework\src\Illuminate\Routing\Middleware\SubstituteBindings.php:50
#33 \vendor\laravel\framework\src\Illuminate\Pipeline\Pipeline.php:180
#34 \app\Http\Middleware\Authenticate.php:35
#35 \vendor\laravel\framework\src\Illuminate\Pipeline\Pipeline.php:180
#36 \vendor\laravel\framework\src\Illuminate\Foundation\Http\Middleware\VerifyCsrfToken.php:78
#37 \vendor\laravel\framework\src\Illuminate\Pipeline\Pipeline.php:180
#38 \vendor\laravel\framework\src\Illuminate\View\Middleware\ShareErrorsFromSession.php:49
#39 \vendor\laravel\framework\src\Illuminate\Pipeline\Pipeline.php:180
#40 \vendor\laravel\framework\src\Illuminate\Session\Middleware\StartSession.php:121
#41 \vendor\laravel\framework\src\Illuminate\Session\Middleware\StartSession.php:64
#42 \vendor\laravel\framework\src\Illuminate\Pipeline\Pipeline.php:180
#43 \vendor\laravel\framework\src\Illuminate\Cookie\Middleware\AddQueuedCookiesToResponse.php:37
#44 \vendor\laravel\framework\src\Illuminate\Pipeline\Pipeline.php:180
#45 \vendor\laravel\framework\src\Illuminate\Cookie\Middleware\EncryptCookies.php:67
#46 \vendor\laravel\framework\src\Illuminate\Pipeline\Pipeline.php:180
#47 \vendor\laramin\utility\src\Utility.php:14
#48 \vendor\laravel\framework\src\Illuminate\Pipeline\Pipeline.php:180
#49 \vendor\laravel\framework\src\Illuminate\Pipeline\Pipeline.php:116
  
[2025-07-01 17:39:20] production.INFO: Detected N+1 Query  
[2025-07-01 17:39:20] production.INFO: Model: App\Models\LivraisonInfo
Relation: App\Models\Magasin
Num-Called: 4
Call-Stack:
#18 \app\Http\Controllers\Manager\ManagerController.php:48
#19 \app\Http\Controllers\Manager\ManagerController.php:35
#20 \vendor\laravel\framework\src\Illuminate\Routing\Controller.php:54
#21 \vendor\laravel\framework\src\Illuminate\Routing\ControllerDispatcher.php:43
#22 \vendor\laravel\framework\src\Illuminate\Routing\Route.php:259
#23 \vendor\laravel\framework\src\Illuminate\Routing\Route.php:205
#24 \vendor\laravel\framework\src\Illuminate\Routing\Router.php:798
#25 \vendor\laravel\framework\src\Illuminate\Pipeline\Pipeline.php:141
#26 \app\Http\Middleware\Manager.php:20
#27 \vendor\laravel\framework\src\Illuminate\Pipeline\Pipeline.php:180
#28 \app\Http\Middleware\CheckStatus.php:22
#29 \vendor\laravel\framework\src\Illuminate\Pipeline\Pipeline.php:180
#30 \app\Http\Middleware\MaintenanceMode.php:25
#31 \vendor\laravel\framework\src\Illuminate\Pipeline\Pipeline.php:180
#32 \vendor\laravel\framework\src\Illuminate\Routing\Middleware\SubstituteBindings.php:50
#33 \vendor\laravel\framework\src\Illuminate\Pipeline\Pipeline.php:180
#34 \app\Http\Middleware\Authenticate.php:35
#35 \vendor\laravel\framework\src\Illuminate\Pipeline\Pipeline.php:180
#36 \vendor\laravel\framework\src\Illuminate\Foundation\Http\Middleware\VerifyCsrfToken.php:78
#37 \vendor\laravel\framework\src\Illuminate\Pipeline\Pipeline.php:180
#38 \vendor\laravel\framework\src\Illuminate\View\Middleware\ShareErrorsFromSession.php:49
#39 \vendor\laravel\framework\src\Illuminate\Pipeline\Pipeline.php:180
#40 \vendor\laravel\framework\src\Illuminate\Session\Middleware\StartSession.php:121
#41 \vendor\laravel\framework\src\Illuminate\Session\Middleware\StartSession.php:64
#42 \vendor\laravel\framework\src\Illuminate\Pipeline\Pipeline.php:180
#43 \vendor\laravel\framework\src\Illuminate\Cookie\Middleware\AddQueuedCookiesToResponse.php:37
#44 \vendor\laravel\framework\src\Illuminate\Pipeline\Pipeline.php:180
#45 \vendor\laravel\framework\src\Illuminate\Cookie\Middleware\EncryptCookies.php:67
#46 \vendor\laravel\framework\src\Illuminate\Pipeline\Pipeline.php:180
#47 \vendor\laramin\utility\src\Utility.php:14
#48 \vendor\laravel\framework\src\Illuminate\Pipeline\Pipeline.php:180
#49 \vendor\laravel\framework\src\Illuminate\Pipeline\Pipeline.php:116
  
[2025-07-01 17:39:55] production.INFO: Detected N+1 Query  
[2025-07-01 17:39:55] production.INFO: Model: App\Models\LivraisonInfo
Relation: App\Models\Magasin
Num-Called: 4
Call-Stack:
#18 \app\Http\Controllers\Manager\ManagerController.php:48
#19 \app\Http\Controllers\Manager\ManagerController.php:35
#20 \vendor\laravel\framework\src\Illuminate\Routing\Controller.php:54
#21 \vendor\laravel\framework\src\Illuminate\Routing\ControllerDispatcher.php:43
#22 \vendor\laravel\framework\src\Illuminate\Routing\Route.php:259
#23 \vendor\laravel\framework\src\Illuminate\Routing\Route.php:205
#24 \vendor\laravel\framework\src\Illuminate\Routing\Router.php:798
#25 \vendor\laravel\framework\src\Illuminate\Pipeline\Pipeline.php:141
#26 \app\Http\Middleware\Manager.php:20
#27 \vendor\laravel\framework\src\Illuminate\Pipeline\Pipeline.php:180
#28 \app\Http\Middleware\CheckStatus.php:22
#29 \vendor\laravel\framework\src\Illuminate\Pipeline\Pipeline.php:180
#30 \app\Http\Middleware\MaintenanceMode.php:25
#31 \vendor\laravel\framework\src\Illuminate\Pipeline\Pipeline.php:180
#32 \vendor\laravel\framework\src\Illuminate\Routing\Middleware\SubstituteBindings.php:50
#33 \vendor\laravel\framework\src\Illuminate\Pipeline\Pipeline.php:180
#34 \app\Http\Middleware\Authenticate.php:35
#35 \vendor\laravel\framework\src\Illuminate\Pipeline\Pipeline.php:180
#36 \vendor\laravel\framework\src\Illuminate\Foundation\Http\Middleware\VerifyCsrfToken.php:78
#37 \vendor\laravel\framework\src\Illuminate\Pipeline\Pipeline.php:180
#38 \vendor\laravel\framework\src\Illuminate\View\Middleware\ShareErrorsFromSession.php:49
#39 \vendor\laravel\framework\src\Illuminate\Pipeline\Pipeline.php:180
#40 \vendor\laravel\framework\src\Illuminate\Session\Middleware\StartSession.php:121
#41 \vendor\laravel\framework\src\Illuminate\Session\Middleware\StartSession.php:64
#42 \vendor\laravel\framework\src\Illuminate\Pipeline\Pipeline.php:180
#43 \vendor\laravel\framework\src\Illuminate\Cookie\Middleware\AddQueuedCookiesToResponse.php:37
#44 \vendor\laravel\framework\src\Illuminate\Pipeline\Pipeline.php:180
#45 \vendor\laravel\framework\src\Illuminate\Cookie\Middleware\EncryptCookies.php:67
#46 \vendor\laravel\framework\src\Illuminate\Pipeline\Pipeline.php:180
#47 \vendor\laramin\utility\src\Utility.php:14
#48 \vendor\laravel\framework\src\Illuminate\Pipeline\Pipeline.php:180
#49 \vendor\laravel\framework\src\Illuminate\Pipeline\Pipeline.php:116
  
[2025-07-01 17:40:06] production.INFO: Detected N+1 Query  
[2025-07-01 17:40:06] production.INFO: Model: App\Models\LivraisonInfo
Relation: App\Models\Magasin
Num-Called: 4
Call-Stack:
#18 \app\Http\Controllers\Manager\ManagerController.php:48
#19 \app\Http\Controllers\Manager\ManagerController.php:35
#20 \vendor\laravel\framework\src\Illuminate\Routing\Controller.php:54
#21 \vendor\laravel\framework\src\Illuminate\Routing\ControllerDispatcher.php:43
#22 \vendor\laravel\framework\src\Illuminate\Routing\Route.php:259
#23 \vendor\laravel\framework\src\Illuminate\Routing\Route.php:205
#24 \vendor\laravel\framework\src\Illuminate\Routing\Router.php:798
#25 \vendor\laravel\framework\src\Illuminate\Pipeline\Pipeline.php:141
#26 \app\Http\Middleware\Manager.php:20
#27 \vendor\laravel\framework\src\Illuminate\Pipeline\Pipeline.php:180
#28 \app\Http\Middleware\CheckStatus.php:22
#29 \vendor\laravel\framework\src\Illuminate\Pipeline\Pipeline.php:180
#30 \app\Http\Middleware\MaintenanceMode.php:25
#31 \vendor\laravel\framework\src\Illuminate\Pipeline\Pipeline.php:180
#32 \vendor\laravel\framework\src\Illuminate\Routing\Middleware\SubstituteBindings.php:50
#33 \vendor\laravel\framework\src\Illuminate\Pipeline\Pipeline.php:180
#34 \app\Http\Middleware\Authenticate.php:35
#35 \vendor\laravel\framework\src\Illuminate\Pipeline\Pipeline.php:180
#36 \vendor\laravel\framework\src\Illuminate\Foundation\Http\Middleware\VerifyCsrfToken.php:78
#37 \vendor\laravel\framework\src\Illuminate\Pipeline\Pipeline.php:180
#38 \vendor\laravel\framework\src\Illuminate\View\Middleware\ShareErrorsFromSession.php:49
#39 \vendor\laravel\framework\src\Illuminate\Pipeline\Pipeline.php:180
#40 \vendor\laravel\framework\src\Illuminate\Session\Middleware\StartSession.php:121
#41 \vendor\laravel\framework\src\Illuminate\Session\Middleware\StartSession.php:64
#42 \vendor\laravel\framework\src\Illuminate\Pipeline\Pipeline.php:180
#43 \vendor\laravel\framework\src\Illuminate\Cookie\Middleware\AddQueuedCookiesToResponse.php:37
#44 \vendor\laravel\framework\src\Illuminate\Pipeline\Pipeline.php:180
#45 \vendor\laravel\framework\src\Illuminate\Cookie\Middleware\EncryptCookies.php:67
#46 \vendor\laravel\framework\src\Illuminate\Pipeline\Pipeline.php:180
#47 \vendor\laramin\utility\src\Utility.php:14
#48 \vendor\laravel\framework\src\Illuminate\Pipeline\Pipeline.php:180
#49 \vendor\laravel\framework\src\Illuminate\Pipeline\Pipeline.php:116
  
[2025-07-01 20:15:14] production.INFO: Detected N+1 Query  
[2025-07-01 20:15:14] production.INFO: Model: App\Models\LivraisonInfo
Relation: App\Models\Magasin
Num-Called: 4
Call-Stack:
#18 \app\Http\Controllers\Manager\ManagerController.php:48
#19 \app\Http\Controllers\Manager\ManagerController.php:35
#20 \vendor\laravel\framework\src\Illuminate\Routing\Controller.php:54
#21 \vendor\laravel\framework\src\Illuminate\Routing\ControllerDispatcher.php:43
#22 \vendor\laravel\framework\src\Illuminate\Routing\Route.php:259
#23 \vendor\laravel\framework\src\Illuminate\Routing\Route.php:205
#24 \vendor\laravel\framework\src\Illuminate\Routing\Router.php:798
#25 \vendor\laravel\framework\src\Illuminate\Pipeline\Pipeline.php:141
#26 \app\Http\Middleware\Manager.php:20
#27 \vendor\laravel\framework\src\Illuminate\Pipeline\Pipeline.php:180
#28 \app\Http\Middleware\CheckStatus.php:22
#29 \vendor\laravel\framework\src\Illuminate\Pipeline\Pipeline.php:180
#30 \app\Http\Middleware\MaintenanceMode.php:25
#31 \vendor\laravel\framework\src\Illuminate\Pipeline\Pipeline.php:180
#32 \vendor\laravel\framework\src\Illuminate\Routing\Middleware\SubstituteBindings.php:50
#33 \vendor\laravel\framework\src\Illuminate\Pipeline\Pipeline.php:180
#34 \app\Http\Middleware\Authenticate.php:35
#35 \vendor\laravel\framework\src\Illuminate\Pipeline\Pipeline.php:180
#36 \vendor\laravel\framework\src\Illuminate\Foundation\Http\Middleware\VerifyCsrfToken.php:78
#37 \vendor\laravel\framework\src\Illuminate\Pipeline\Pipeline.php:180
#38 \vendor\laravel\framework\src\Illuminate\View\Middleware\ShareErrorsFromSession.php:49
#39 \vendor\laravel\framework\src\Illuminate\Pipeline\Pipeline.php:180
#40 \vendor\laravel\framework\src\Illuminate\Session\Middleware\StartSession.php:121
#41 \vendor\laravel\framework\src\Illuminate\Session\Middleware\StartSession.php:64
#42 \vendor\laravel\framework\src\Illuminate\Pipeline\Pipeline.php:180
#43 \vendor\laravel\framework\src\Illuminate\Cookie\Middleware\AddQueuedCookiesToResponse.php:37
#44 \vendor\laravel\framework\src\Illuminate\Pipeline\Pipeline.php:180
#45 \vendor\laravel\framework\src\Illuminate\Cookie\Middleware\EncryptCookies.php:67
#46 \vendor\laravel\framework\src\Illuminate\Pipeline\Pipeline.php:180
#47 \vendor\laramin\utility\src\Utility.php:14
#48 \vendor\laravel\framework\src\Illuminate\Pipeline\Pipeline.php:180
#49 \vendor\laravel\framework\src\Illuminate\Pipeline\Pipeline.php:116
  
[2025-07-01 20:21:29] production.INFO: Detected N+1 Query  
[2025-07-01 20:21:29] production.INFO: Model: App\Models\LivraisonInfo
Relation: App\Models\Magasin
Num-Called: 2
Call-Stack:
#18 \app\Http\Controllers\Manager\LivraisonController.php:487
#19 \app\Http\Controllers\Manager\LivraisonController.php:364
#20 \vendor\laravel\framework\src\Illuminate\Routing\Controller.php:54
#21 \vendor\laravel\framework\src\Illuminate\Routing\ControllerDispatcher.php:43
#22 \vendor\laravel\framework\src\Illuminate\Routing\Route.php:259
#23 \vendor\laravel\framework\src\Illuminate\Routing\Route.php:205
#24 \vendor\laravel\framework\src\Illuminate\Routing\Router.php:798
#25 \vendor\laravel\framework\src\Illuminate\Pipeline\Pipeline.php:141
#26 \app\Http\Middleware\Manager.php:20
#27 \vendor\laravel\framework\src\Illuminate\Pipeline\Pipeline.php:180
#28 \app\Http\Middleware\CheckStatus.php:22
#29 \vendor\laravel\framework\src\Illuminate\Pipeline\Pipeline.php:180
#30 \app\Http\Middleware\MaintenanceMode.php:25
#31 \vendor\laravel\framework\src\Illuminate\Pipeline\Pipeline.php:180
#32 \vendor\laravel\framework\src\Illuminate\Routing\Middleware\SubstituteBindings.php:50
#33 \vendor\laravel\framework\src\Illuminate\Pipeline\Pipeline.php:180
#34 \app\Http\Middleware\Authenticate.php:35
#35 \vendor\laravel\framework\src\Illuminate\Pipeline\Pipeline.php:180
#36 \vendor\laravel\framework\src\Illuminate\Foundation\Http\Middleware\VerifyCsrfToken.php:78
#37 \vendor\laravel\framework\src\Illuminate\Pipeline\Pipeline.php:180
#38 \vendor\laravel\framework\src\Illuminate\View\Middleware\ShareErrorsFromSession.php:49
#39 \vendor\laravel\framework\src\Illuminate\Pipeline\Pipeline.php:180
#40 \vendor\laravel\framework\src\Illuminate\Session\Middleware\StartSession.php:121
#41 \vendor\laravel\framework\src\Illuminate\Session\Middleware\StartSession.php:64
#42 \vendor\laravel\framework\src\Illuminate\Pipeline\Pipeline.php:180
#43 \vendor\laravel\framework\src\Illuminate\Cookie\Middleware\AddQueuedCookiesToResponse.php:37
#44 \vendor\laravel\framework\src\Illuminate\Pipeline\Pipeline.php:180
#45 \vendor\laravel\framework\src\Illuminate\Cookie\Middleware\EncryptCookies.php:67
#46 \vendor\laravel\framework\src\Illuminate\Pipeline\Pipeline.php:180
#47 \vendor\laramin\utility\src\Utility.php:14
#48 \vendor\laravel\framework\src\Illuminate\Pipeline\Pipeline.php:180
#49 \vendor\laravel\framework\src\Illuminate\Pipeline\Pipeline.php:116
  
[2025-07-01 20:21:29] production.INFO: Model: App\Models\LivraisonInfo
Relation: App\Models\User
Num-Called: 2
Call-Stack:
#18 \app\Http\Controllers\Manager\LivraisonController.php:487
#19 \app\Http\Controllers\Manager\LivraisonController.php:364
#20 \vendor\laravel\framework\src\Illuminate\Routing\Controller.php:54
#21 \vendor\laravel\framework\src\Illuminate\Routing\ControllerDispatcher.php:43
#22 \vendor\laravel\framework\src\Illuminate\Routing\Route.php:259
#23 \vendor\laravel\framework\src\Illuminate\Routing\Route.php:205
#24 \vendor\laravel\framework\src\Illuminate\Routing\Router.php:798
#25 \vendor\laravel\framework\src\Illuminate\Pipeline\Pipeline.php:141
#26 \app\Http\Middleware\Manager.php:20
#27 \vendor\laravel\framework\src\Illuminate\Pipeline\Pipeline.php:180
#28 \app\Http\Middleware\CheckStatus.php:22
#29 \vendor\laravel\framework\src\Illuminate\Pipeline\Pipeline.php:180
#30 \app\Http\Middleware\MaintenanceMode.php:25
#31 \vendor\laravel\framework\src\Illuminate\Pipeline\Pipeline.php:180
#32 \vendor\laravel\framework\src\Illuminate\Routing\Middleware\SubstituteBindings.php:50
#33 \vendor\laravel\framework\src\Illuminate\Pipeline\Pipeline.php:180
#34 \app\Http\Middleware\Authenticate.php:35
#35 \vendor\laravel\framework\src\Illuminate\Pipeline\Pipeline.php:180
#36 \vendor\laravel\framework\src\Illuminate\Foundation\Http\Middleware\VerifyCsrfToken.php:78
#37 \vendor\laravel\framework\src\Illuminate\Pipeline\Pipeline.php:180
#38 \vendor\laravel\framework\src\Illuminate\View\Middleware\ShareErrorsFromSession.php:49
#39 \vendor\laravel\framework\src\Illuminate\Pipeline\Pipeline.php:180
#40 \vendor\laravel\framework\src\Illuminate\Session\Middleware\StartSession.php:121
#41 \vendor\laravel\framework\src\Illuminate\Session\Middleware\StartSession.php:64
#42 \vendor\laravel\framework\src\Illuminate\Pipeline\Pipeline.php:180
#43 \vendor\laravel\framework\src\Illuminate\Cookie\Middleware\AddQueuedCookiesToResponse.php:37
#44 \vendor\laravel\framework\src\Illuminate\Pipeline\Pipeline.php:180
#45 \vendor\laravel\framework\src\Illuminate\Cookie\Middleware\EncryptCookies.php:67
#46 \vendor\laravel\framework\src\Illuminate\Pipeline\Pipeline.php:180
#47 \vendor\laramin\utility\src\Utility.php:14
#48 \vendor\laravel\framework\src\Illuminate\Pipeline\Pipeline.php:180
#49 \vendor\laravel\framework\src\Illuminate\Pipeline\Pipeline.php:116
  
[2025-07-01 20:21:29] production.INFO: Model: App\Models\LivraisonInfo
Relation: App\Models\LivraisonPayment
Num-Called: 2
Call-Stack:
#18 \app\Http\Controllers\Manager\LivraisonController.php:487
#19 \app\Http\Controllers\Manager\LivraisonController.php:364
#20 \vendor\laravel\framework\src\Illuminate\Routing\Controller.php:54
#21 \vendor\laravel\framework\src\Illuminate\Routing\ControllerDispatcher.php:43
#22 \vendor\laravel\framework\src\Illuminate\Routing\Route.php:259
#23 \vendor\laravel\framework\src\Illuminate\Routing\Route.php:205
#24 \vendor\laravel\framework\src\Illuminate\Routing\Router.php:798
#25 \vendor\laravel\framework\src\Illuminate\Pipeline\Pipeline.php:141
#26 \app\Http\Middleware\Manager.php:20
#27 \vendor\laravel\framework\src\Illuminate\Pipeline\Pipeline.php:180
#28 \app\Http\Middleware\CheckStatus.php:22
#29 \vendor\laravel\framework\src\Illuminate\Pipeline\Pipeline.php:180
#30 \app\Http\Middleware\MaintenanceMode.php:25
#31 \vendor\laravel\framework\src\Illuminate\Pipeline\Pipeline.php:180
#32 \vendor\laravel\framework\src\Illuminate\Routing\Middleware\SubstituteBindings.php:50
#33 \vendor\laravel\framework\src\Illuminate\Pipeline\Pipeline.php:180
#34 \app\Http\Middleware\Authenticate.php:35
#35 \vendor\laravel\framework\src\Illuminate\Pipeline\Pipeline.php:180
#36 \vendor\laravel\framework\src\Illuminate\Foundation\Http\Middleware\VerifyCsrfToken.php:78
#37 \vendor\laravel\framework\src\Illuminate\Pipeline\Pipeline.php:180
#38 \vendor\laravel\framework\src\Illuminate\View\Middleware\ShareErrorsFromSession.php:49
#39 \vendor\laravel\framework\src\Illuminate\Pipeline\Pipeline.php:180
#40 \vendor\laravel\framework\src\Illuminate\Session\Middleware\StartSession.php:121
#41 \vendor\laravel\framework\src\Illuminate\Session\Middleware\StartSession.php:64
#42 \vendor\laravel\framework\src\Illuminate\Pipeline\Pipeline.php:180
#43 \vendor\laravel\framework\src\Illuminate\Cookie\Middleware\AddQueuedCookiesToResponse.php:37
#44 \vendor\laravel\framework\src\Illuminate\Pipeline\Pipeline.php:180
#45 \vendor\laravel\framework\src\Illuminate\Cookie\Middleware\EncryptCookies.php:67
#46 \vendor\laravel\framework\src\Illuminate\Pipeline\Pipeline.php:180
#47 \vendor\laramin\utility\src\Utility.php:14
#48 \vendor\laravel\framework\src\Illuminate\Pipeline\Pipeline.php:180
#49 \vendor\laravel\framework\src\Illuminate\Pipeline\Pipeline.php:116
  
[2025-07-01 20:21:29] production.INFO: Model: App\Models\LivraisonInfo
Relation: receiverClient
Num-Called: 20
Call-Stack:
#19 \storage\framework\views\c83bffe0beadbcdee19a3637ff571b3fb5247ee4.php:76
#21 \vendor\laravel\framework\src\Illuminate\Filesystem\Filesystem.php:110
#22 \vendor\laravel\framework\src\Illuminate\View\Engines\PhpEngine.php:58
#23 \vendor\laravel\framework\src\Illuminate\View\Engines\CompilerEngine.php:70
#24 \vendor\laravel\framework\src\Illuminate\View\View.php:195
#25 \vendor\laravel\framework\src\Illuminate\View\View.php:178
#26 \vendor\laravel\framework\src\Illuminate\View\View.php:147
#27 \vendor\laravel\framework\src\Illuminate\Http\Response.php:69
#28 \vendor\laravel\framework\src\Illuminate\Http\Response.php:35
#29 \vendor\laravel\framework\src\Illuminate\Routing\Router.php:906
#30 \vendor\laravel\framework\src\Illuminate\Routing\Router.php:875
#31 \vendor\laravel\framework\src\Illuminate\Routing\Router.php:797
#32 \vendor\laravel\framework\src\Illuminate\Pipeline\Pipeline.php:141
#33 \app\Http\Middleware\Manager.php:20
#34 \vendor\laravel\framework\src\Illuminate\Pipeline\Pipeline.php:180
#35 \app\Http\Middleware\CheckStatus.php:22
#36 \vendor\laravel\framework\src\Illuminate\Pipeline\Pipeline.php:180
#37 \app\Http\Middleware\MaintenanceMode.php:25
#38 \vendor\laravel\framework\src\Illuminate\Pipeline\Pipeline.php:180
#39 \vendor\laravel\framework\src\Illuminate\Routing\Middleware\SubstituteBindings.php:50
#40 \vendor\laravel\framework\src\Illuminate\Pipeline\Pipeline.php:180
#41 \app\Http\Middleware\Authenticate.php:35
#42 \vendor\laravel\framework\src\Illuminate\Pipeline\Pipeline.php:180
#43 \vendor\laravel\framework\src\Illuminate\Foundation\Http\Middleware\VerifyCsrfToken.php:78
#44 \vendor\laravel\framework\src\Illuminate\Pipeline\Pipeline.php:180
#45 \vendor\laravel\framework\src\Illuminate\View\Middleware\ShareErrorsFromSession.php:49
#46 \vendor\laravel\framework\src\Illuminate\Pipeline\Pipeline.php:180
#47 \vendor\laravel\framework\src\Illuminate\Session\Middleware\StartSession.php:121
#48 \vendor\laravel\framework\src\Illuminate\Session\Middleware\StartSession.php:64
#49 \vendor\laravel\framework\src\Illuminate\Pipeline\Pipeline.php:180
  
[2025-07-01 20:22:16] production.INFO: Detected N+1 Query  
[2025-07-01 20:22:16] production.INFO: Model: App\Models\LivraisonInfo
Relation: App\Models\Magasin
Num-Called: 2
Call-Stack:
#18 \app\Http\Controllers\Manager\LivraisonController.php:487
#19 \app\Http\Controllers\Manager\LivraisonController.php:364
#20 \vendor\laravel\framework\src\Illuminate\Routing\Controller.php:54
#21 \vendor\laravel\framework\src\Illuminate\Routing\ControllerDispatcher.php:43
#22 \vendor\laravel\framework\src\Illuminate\Routing\Route.php:259
#23 \vendor\laravel\framework\src\Illuminate\Routing\Route.php:205
#24 \vendor\laravel\framework\src\Illuminate\Routing\Router.php:798
#25 \vendor\laravel\framework\src\Illuminate\Pipeline\Pipeline.php:141
#26 \app\Http\Middleware\Manager.php:20
#27 \vendor\laravel\framework\src\Illuminate\Pipeline\Pipeline.php:180
#28 \app\Http\Middleware\CheckStatus.php:22
#29 \vendor\laravel\framework\src\Illuminate\Pipeline\Pipeline.php:180
#30 \app\Http\Middleware\MaintenanceMode.php:25
#31 \vendor\laravel\framework\src\Illuminate\Pipeline\Pipeline.php:180
#32 \vendor\laravel\framework\src\Illuminate\Routing\Middleware\SubstituteBindings.php:50
#33 \vendor\laravel\framework\src\Illuminate\Pipeline\Pipeline.php:180
#34 \app\Http\Middleware\Authenticate.php:35
#35 \vendor\laravel\framework\src\Illuminate\Pipeline\Pipeline.php:180
#36 \vendor\laravel\framework\src\Illuminate\Foundation\Http\Middleware\VerifyCsrfToken.php:78
#37 \vendor\laravel\framework\src\Illuminate\Pipeline\Pipeline.php:180
#38 \vendor\laravel\framework\src\Illuminate\View\Middleware\ShareErrorsFromSession.php:49
#39 \vendor\laravel\framework\src\Illuminate\Pipeline\Pipeline.php:180
#40 \vendor\laravel\framework\src\Illuminate\Session\Middleware\StartSession.php:121
#41 \vendor\laravel\framework\src\Illuminate\Session\Middleware\StartSession.php:64
#42 \vendor\laravel\framework\src\Illuminate\Pipeline\Pipeline.php:180
#43 \vendor\laravel\framework\src\Illuminate\Cookie\Middleware\AddQueuedCookiesToResponse.php:37
#44 \vendor\laravel\framework\src\Illuminate\Pipeline\Pipeline.php:180
#45 \vendor\laravel\framework\src\Illuminate\Cookie\Middleware\EncryptCookies.php:67
#46 \vendor\laravel\framework\src\Illuminate\Pipeline\Pipeline.php:180
#47 \vendor\laramin\utility\src\Utility.php:14
#48 \vendor\laravel\framework\src\Illuminate\Pipeline\Pipeline.php:180
#49 \vendor\laravel\framework\src\Illuminate\Pipeline\Pipeline.php:116
  
[2025-07-01 20:22:16] production.INFO: Model: App\Models\LivraisonInfo
Relation: App\Models\User
Num-Called: 2
Call-Stack:
#18 \app\Http\Controllers\Manager\LivraisonController.php:487
#19 \app\Http\Controllers\Manager\LivraisonController.php:364
#20 \vendor\laravel\framework\src\Illuminate\Routing\Controller.php:54
#21 \vendor\laravel\framework\src\Illuminate\Routing\ControllerDispatcher.php:43
#22 \vendor\laravel\framework\src\Illuminate\Routing\Route.php:259
#23 \vendor\laravel\framework\src\Illuminate\Routing\Route.php:205
#24 \vendor\laravel\framework\src\Illuminate\Routing\Router.php:798
#25 \vendor\laravel\framework\src\Illuminate\Pipeline\Pipeline.php:141
#26 \app\Http\Middleware\Manager.php:20
#27 \vendor\laravel\framework\src\Illuminate\Pipeline\Pipeline.php:180
#28 \app\Http\Middleware\CheckStatus.php:22
#29 \vendor\laravel\framework\src\Illuminate\Pipeline\Pipeline.php:180
#30 \app\Http\Middleware\MaintenanceMode.php:25
#31 \vendor\laravel\framework\src\Illuminate\Pipeline\Pipeline.php:180
#32 \vendor\laravel\framework\src\Illuminate\Routing\Middleware\SubstituteBindings.php:50
#33 \vendor\laravel\framework\src\Illuminate\Pipeline\Pipeline.php:180
#34 \app\Http\Middleware\Authenticate.php:35
#35 \vendor\laravel\framework\src\Illuminate\Pipeline\Pipeline.php:180
#36 \vendor\laravel\framework\src\Illuminate\Foundation\Http\Middleware\VerifyCsrfToken.php:78
#37 \vendor\laravel\framework\src\Illuminate\Pipeline\Pipeline.php:180
#38 \vendor\laravel\framework\src\Illuminate\View\Middleware\ShareErrorsFromSession.php:49
#39 \vendor\laravel\framework\src\Illuminate\Pipeline\Pipeline.php:180
#40 \vendor\laravel\framework\src\Illuminate\Session\Middleware\StartSession.php:121
#41 \vendor\laravel\framework\src\Illuminate\Session\Middleware\StartSession.php:64
#42 \vendor\laravel\framework\src\Illuminate\Pipeline\Pipeline.php:180
#43 \vendor\laravel\framework\src\Illuminate\Cookie\Middleware\AddQueuedCookiesToResponse.php:37
#44 \vendor\laravel\framework\src\Illuminate\Pipeline\Pipeline.php:180
#45 \vendor\laravel\framework\src\Illuminate\Cookie\Middleware\EncryptCookies.php:67
#46 \vendor\laravel\framework\src\Illuminate\Pipeline\Pipeline.php:180
#47 \vendor\laramin\utility\src\Utility.php:14
#48 \vendor\laravel\framework\src\Illuminate\Pipeline\Pipeline.php:180
#49 \vendor\laravel\framework\src\Illuminate\Pipeline\Pipeline.php:116
  
[2025-07-01 20:22:16] production.INFO: Model: App\Models\LivraisonInfo
Relation: App\Models\LivraisonPayment
Num-Called: 2
Call-Stack:
#18 \app\Http\Controllers\Manager\LivraisonController.php:487
#19 \app\Http\Controllers\Manager\LivraisonController.php:364
#20 \vendor\laravel\framework\src\Illuminate\Routing\Controller.php:54
#21 \vendor\laravel\framework\src\Illuminate\Routing\ControllerDispatcher.php:43
#22 \vendor\laravel\framework\src\Illuminate\Routing\Route.php:259
#23 \vendor\laravel\framework\src\Illuminate\Routing\Route.php:205
#24 \vendor\laravel\framework\src\Illuminate\Routing\Router.php:798
#25 \vendor\laravel\framework\src\Illuminate\Pipeline\Pipeline.php:141
#26 \app\Http\Middleware\Manager.php:20
#27 \vendor\laravel\framework\src\Illuminate\Pipeline\Pipeline.php:180
#28 \app\Http\Middleware\CheckStatus.php:22
#29 \vendor\laravel\framework\src\Illuminate\Pipeline\Pipeline.php:180
#30 \app\Http\Middleware\MaintenanceMode.php:25
#31 \vendor\laravel\framework\src\Illuminate\Pipeline\Pipeline.php:180
#32 \vendor\laravel\framework\src\Illuminate\Routing\Middleware\SubstituteBindings.php:50
#33 \vendor\laravel\framework\src\Illuminate\Pipeline\Pipeline.php:180
#34 \app\Http\Middleware\Authenticate.php:35
#35 \vendor\laravel\framework\src\Illuminate\Pipeline\Pipeline.php:180
#36 \vendor\laravel\framework\src\Illuminate\Foundation\Http\Middleware\VerifyCsrfToken.php:78
#37 \vendor\laravel\framework\src\Illuminate\Pipeline\Pipeline.php:180
#38 \vendor\laravel\framework\src\Illuminate\View\Middleware\ShareErrorsFromSession.php:49
#39 \vendor\laravel\framework\src\Illuminate\Pipeline\Pipeline.php:180
#40 \vendor\laravel\framework\src\Illuminate\Session\Middleware\StartSession.php:121
#41 \vendor\laravel\framework\src\Illuminate\Session\Middleware\StartSession.php:64
#42 \vendor\laravel\framework\src\Illuminate\Pipeline\Pipeline.php:180
#43 \vendor\laravel\framework\src\Illuminate\Cookie\Middleware\AddQueuedCookiesToResponse.php:37
#44 \vendor\laravel\framework\src\Illuminate\Pipeline\Pipeline.php:180
#45 \vendor\laravel\framework\src\Illuminate\Cookie\Middleware\EncryptCookies.php:67
#46 \vendor\laravel\framework\src\Illuminate\Pipeline\Pipeline.php:180
#47 \vendor\laramin\utility\src\Utility.php:14
#48 \vendor\laravel\framework\src\Illuminate\Pipeline\Pipeline.php:180
#49 \vendor\laravel\framework\src\Illuminate\Pipeline\Pipeline.php:116
  
[2025-07-01 20:22:16] production.INFO: Model: App\Models\LivraisonInfo
Relation: receiverClient
Num-Called: 20
Call-Stack:
#19 \storage\framework\views\c83bffe0beadbcdee19a3637ff571b3fb5247ee4.php:76
#21 \vendor\laravel\framework\src\Illuminate\Filesystem\Filesystem.php:110
#22 \vendor\laravel\framework\src\Illuminate\View\Engines\PhpEngine.php:58
#23 \vendor\laravel\framework\src\Illuminate\View\Engines\CompilerEngine.php:70
#24 \vendor\laravel\framework\src\Illuminate\View\View.php:195
#25 \vendor\laravel\framework\src\Illuminate\View\View.php:178
#26 \vendor\laravel\framework\src\Illuminate\View\View.php:147
#27 \vendor\laravel\framework\src\Illuminate\Http\Response.php:69
#28 \vendor\laravel\framework\src\Illuminate\Http\Response.php:35
#29 \vendor\laravel\framework\src\Illuminate\Routing\Router.php:906
#30 \vendor\laravel\framework\src\Illuminate\Routing\Router.php:875
#31 \vendor\laravel\framework\src\Illuminate\Routing\Router.php:797
#32 \vendor\laravel\framework\src\Illuminate\Pipeline\Pipeline.php:141
#33 \app\Http\Middleware\Manager.php:20
#34 \vendor\laravel\framework\src\Illuminate\Pipeline\Pipeline.php:180
#35 \app\Http\Middleware\CheckStatus.php:22
#36 \vendor\laravel\framework\src\Illuminate\Pipeline\Pipeline.php:180
#37 \app\Http\Middleware\MaintenanceMode.php:25
#38 \vendor\laravel\framework\src\Illuminate\Pipeline\Pipeline.php:180
#39 \vendor\laravel\framework\src\Illuminate\Routing\Middleware\SubstituteBindings.php:50
#40 \vendor\laravel\framework\src\Illuminate\Pipeline\Pipeline.php:180
#41 \app\Http\Middleware\Authenticate.php:35
#42 \vendor\laravel\framework\src\Illuminate\Pipeline\Pipeline.php:180
#43 \vendor\laravel\framework\src\Illuminate\Foundation\Http\Middleware\VerifyCsrfToken.php:78
#44 \vendor\laravel\framework\src\Illuminate\Pipeline\Pipeline.php:180
#45 \vendor\laravel\framework\src\Illuminate\View\Middleware\ShareErrorsFromSession.php:49
#46 \vendor\laravel\framework\src\Illuminate\Pipeline\Pipeline.php:180
#47 \vendor\laravel\framework\src\Illuminate\Session\Middleware\StartSession.php:121
#48 \vendor\laravel\framework\src\Illuminate\Session\Middleware\StartSession.php:64
#49 \vendor\laravel\framework\src\Illuminate\Pipeline\Pipeline.php:180
  
[2025-07-01 20:23:59] production.INFO: Detected N+1 Query  
[2025-07-01 20:23:59] production.INFO: Model: App\Models\LivraisonInfo
Relation: App\Models\Magasin
Num-Called: 2
Call-Stack:
#18 \app\Http\Controllers\Manager\LivraisonController.php:487
#19 \app\Http\Controllers\Manager\LivraisonController.php:364
#20 \vendor\laravel\framework\src\Illuminate\Routing\Controller.php:54
#21 \vendor\laravel\framework\src\Illuminate\Routing\ControllerDispatcher.php:43
#22 \vendor\laravel\framework\src\Illuminate\Routing\Route.php:259
#23 \vendor\laravel\framework\src\Illuminate\Routing\Route.php:205
#24 \vendor\laravel\framework\src\Illuminate\Routing\Router.php:798
#25 \vendor\laravel\framework\src\Illuminate\Pipeline\Pipeline.php:141
#26 \app\Http\Middleware\Manager.php:20
#27 \vendor\laravel\framework\src\Illuminate\Pipeline\Pipeline.php:180
#28 \app\Http\Middleware\CheckStatus.php:22
#29 \vendor\laravel\framework\src\Illuminate\Pipeline\Pipeline.php:180
#30 \app\Http\Middleware\MaintenanceMode.php:25
#31 \vendor\laravel\framework\src\Illuminate\Pipeline\Pipeline.php:180
#32 \vendor\laravel\framework\src\Illuminate\Routing\Middleware\SubstituteBindings.php:50
#33 \vendor\laravel\framework\src\Illuminate\Pipeline\Pipeline.php:180
#34 \app\Http\Middleware\Authenticate.php:35
#35 \vendor\laravel\framework\src\Illuminate\Pipeline\Pipeline.php:180
#36 \vendor\laravel\framework\src\Illuminate\Foundation\Http\Middleware\VerifyCsrfToken.php:78
#37 \vendor\laravel\framework\src\Illuminate\Pipeline\Pipeline.php:180
#38 \vendor\laravel\framework\src\Illuminate\View\Middleware\ShareErrorsFromSession.php:49
#39 \vendor\laravel\framework\src\Illuminate\Pipeline\Pipeline.php:180
#40 \vendor\laravel\framework\src\Illuminate\Session\Middleware\StartSession.php:121
#41 \vendor\laravel\framework\src\Illuminate\Session\Middleware\StartSession.php:64
#42 \vendor\laravel\framework\src\Illuminate\Pipeline\Pipeline.php:180
#43 \vendor\laravel\framework\src\Illuminate\Cookie\Middleware\AddQueuedCookiesToResponse.php:37
#44 \vendor\laravel\framework\src\Illuminate\Pipeline\Pipeline.php:180
#45 \vendor\laravel\framework\src\Illuminate\Cookie\Middleware\EncryptCookies.php:67
#46 \vendor\laravel\framework\src\Illuminate\Pipeline\Pipeline.php:180
#47 \vendor\laramin\utility\src\Utility.php:14
#48 \vendor\laravel\framework\src\Illuminate\Pipeline\Pipeline.php:180
#49 \vendor\laravel\framework\src\Illuminate\Pipeline\Pipeline.php:116
  
[2025-07-01 20:23:59] production.INFO: Model: App\Models\LivraisonInfo
Relation: App\Models\User
Num-Called: 2
Call-Stack:
#18 \app\Http\Controllers\Manager\LivraisonController.php:487
#19 \app\Http\Controllers\Manager\LivraisonController.php:364
#20 \vendor\laravel\framework\src\Illuminate\Routing\Controller.php:54
#21 \vendor\laravel\framework\src\Illuminate\Routing\ControllerDispatcher.php:43
#22 \vendor\laravel\framework\src\Illuminate\Routing\Route.php:259
#23 \vendor\laravel\framework\src\Illuminate\Routing\Route.php:205
#24 \vendor\laravel\framework\src\Illuminate\Routing\Router.php:798
#25 \vendor\laravel\framework\src\Illuminate\Pipeline\Pipeline.php:141
#26 \app\Http\Middleware\Manager.php:20
#27 \vendor\laravel\framework\src\Illuminate\Pipeline\Pipeline.php:180
#28 \app\Http\Middleware\CheckStatus.php:22
#29 \vendor\laravel\framework\src\Illuminate\Pipeline\Pipeline.php:180
#30 \app\Http\Middleware\MaintenanceMode.php:25
#31 \vendor\laravel\framework\src\Illuminate\Pipeline\Pipeline.php:180
#32 \vendor\laravel\framework\src\Illuminate\Routing\Middleware\SubstituteBindings.php:50
#33 \vendor\laravel\framework\src\Illuminate\Pipeline\Pipeline.php:180
#34 \app\Http\Middleware\Authenticate.php:35
#35 \vendor\laravel\framework\src\Illuminate\Pipeline\Pipeline.php:180
#36 \vendor\laravel\framework\src\Illuminate\Foundation\Http\Middleware\VerifyCsrfToken.php:78
#37 \vendor\laravel\framework\src\Illuminate\Pipeline\Pipeline.php:180
#38 \vendor\laravel\framework\src\Illuminate\View\Middleware\ShareErrorsFromSession.php:49
#39 \vendor\laravel\framework\src\Illuminate\Pipeline\Pipeline.php:180
#40 \vendor\laravel\framework\src\Illuminate\Session\Middleware\StartSession.php:121
#41 \vendor\laravel\framework\src\Illuminate\Session\Middleware\StartSession.php:64
#42 \vendor\laravel\framework\src\Illuminate\Pipeline\Pipeline.php:180
#43 \vendor\laravel\framework\src\Illuminate\Cookie\Middleware\AddQueuedCookiesToResponse.php:37
#44 \vendor\laravel\framework\src\Illuminate\Pipeline\Pipeline.php:180
#45 \vendor\laravel\framework\src\Illuminate\Cookie\Middleware\EncryptCookies.php:67
#46 \vendor\laravel\framework\src\Illuminate\Pipeline\Pipeline.php:180
#47 \vendor\laramin\utility\src\Utility.php:14
#48 \vendor\laravel\framework\src\Illuminate\Pipeline\Pipeline.php:180
#49 \vendor\laravel\framework\src\Illuminate\Pipeline\Pipeline.php:116
  
[2025-07-01 20:23:59] production.INFO: Model: App\Models\LivraisonInfo
Relation: App\Models\LivraisonPayment
Num-Called: 2
Call-Stack:
#18 \app\Http\Controllers\Manager\LivraisonController.php:487
#19 \app\Http\Controllers\Manager\LivraisonController.php:364
#20 \vendor\laravel\framework\src\Illuminate\Routing\Controller.php:54
#21 \vendor\laravel\framework\src\Illuminate\Routing\ControllerDispatcher.php:43
#22 \vendor\laravel\framework\src\Illuminate\Routing\Route.php:259
#23 \vendor\laravel\framework\src\Illuminate\Routing\Route.php:205
#24 \vendor\laravel\framework\src\Illuminate\Routing\Router.php:798
#25 \vendor\laravel\framework\src\Illuminate\Pipeline\Pipeline.php:141
#26 \app\Http\Middleware\Manager.php:20
#27 \vendor\laravel\framework\src\Illuminate\Pipeline\Pipeline.php:180
#28 \app\Http\Middleware\CheckStatus.php:22
#29 \vendor\laravel\framework\src\Illuminate\Pipeline\Pipeline.php:180
#30 \app\Http\Middleware\MaintenanceMode.php:25
#31 \vendor\laravel\framework\src\Illuminate\Pipeline\Pipeline.php:180
#32 \vendor\laravel\framework\src\Illuminate\Routing\Middleware\SubstituteBindings.php:50
#33 \vendor\laravel\framework\src\Illuminate\Pipeline\Pipeline.php:180
#34 \app\Http\Middleware\Authenticate.php:35
#35 \vendor\laravel\framework\src\Illuminate\Pipeline\Pipeline.php:180
#36 \vendor\laravel\framework\src\Illuminate\Foundation\Http\Middleware\VerifyCsrfToken.php:78
#37 \vendor\laravel\framework\src\Illuminate\Pipeline\Pipeline.php:180
#38 \vendor\laravel\framework\src\Illuminate\View\Middleware\ShareErrorsFromSession.php:49
#39 \vendor\laravel\framework\src\Illuminate\Pipeline\Pipeline.php:180
#40 \vendor\laravel\framework\src\Illuminate\Session\Middleware\StartSession.php:121
#41 \vendor\laravel\framework\src\Illuminate\Session\Middleware\StartSession.php:64
#42 \vendor\laravel\framework\src\Illuminate\Pipeline\Pipeline.php:180
#43 \vendor\laravel\framework\src\Illuminate\Cookie\Middleware\AddQueuedCookiesToResponse.php:37
#44 \vendor\laravel\framework\src\Illuminate\Pipeline\Pipeline.php:180
#45 \vendor\laravel\framework\src\Illuminate\Cookie\Middleware\EncryptCookies.php:67
#46 \vendor\laravel\framework\src\Illuminate\Pipeline\Pipeline.php:180
#47 \vendor\laramin\utility\src\Utility.php:14
#48 \vendor\laravel\framework\src\Illuminate\Pipeline\Pipeline.php:180
#49 \vendor\laravel\framework\src\Illuminate\Pipeline\Pipeline.php:116
  
[2025-07-01 20:23:59] production.INFO: Model: App\Models\LivraisonInfo
Relation: receiverClient
Num-Called: 20
Call-Stack:
#19 \storage\framework\views\c83bffe0beadbcdee19a3637ff571b3fb5247ee4.php:76
#21 \vendor\laravel\framework\src\Illuminate\Filesystem\Filesystem.php:110
#22 \vendor\laravel\framework\src\Illuminate\View\Engines\PhpEngine.php:58
#23 \vendor\laravel\framework\src\Illuminate\View\Engines\CompilerEngine.php:70
#24 \vendor\laravel\framework\src\Illuminate\View\View.php:195
#25 \vendor\laravel\framework\src\Illuminate\View\View.php:178
#26 \vendor\laravel\framework\src\Illuminate\View\View.php:147
#27 \vendor\laravel\framework\src\Illuminate\Http\Response.php:69
#28 \vendor\laravel\framework\src\Illuminate\Http\Response.php:35
#29 \vendor\laravel\framework\src\Illuminate\Routing\Router.php:906
#30 \vendor\laravel\framework\src\Illuminate\Routing\Router.php:875
#31 \vendor\laravel\framework\src\Illuminate\Routing\Router.php:797
#32 \vendor\laravel\framework\src\Illuminate\Pipeline\Pipeline.php:141
#33 \app\Http\Middleware\Manager.php:20
#34 \vendor\laravel\framework\src\Illuminate\Pipeline\Pipeline.php:180
#35 \app\Http\Middleware\CheckStatus.php:22
#36 \vendor\laravel\framework\src\Illuminate\Pipeline\Pipeline.php:180
#37 \app\Http\Middleware\MaintenanceMode.php:25
#38 \vendor\laravel\framework\src\Illuminate\Pipeline\Pipeline.php:180
#39 \vendor\laravel\framework\src\Illuminate\Routing\Middleware\SubstituteBindings.php:50
#40 \vendor\laravel\framework\src\Illuminate\Pipeline\Pipeline.php:180
#41 \app\Http\Middleware\Authenticate.php:35
#42 \vendor\laravel\framework\src\Illuminate\Pipeline\Pipeline.php:180
#43 \vendor\laravel\framework\src\Illuminate\Foundation\Http\Middleware\VerifyCsrfToken.php:78
#44 \vendor\laravel\framework\src\Illuminate\Pipeline\Pipeline.php:180
#45 \vendor\laravel\framework\src\Illuminate\View\Middleware\ShareErrorsFromSession.php:49
#46 \vendor\laravel\framework\src\Illuminate\Pipeline\Pipeline.php:180
#47 \vendor\laravel\framework\src\Illuminate\Session\Middleware\StartSession.php:121
#48 \vendor\laravel\framework\src\Illuminate\Session\Middleware\StartSession.php:64
#49 \vendor\laravel\framework\src\Illuminate\Pipeline\Pipeline.php:180
  
[2025-07-01 20:24:02] production.INFO: Detected N+1 Query  
[2025-07-01 20:24:02] production.INFO: Model: App\Models\LivraisonInfo
Relation: App\Models\Magasin
Num-Called: 2
Call-Stack:
#18 \app\Http\Controllers\Manager\LivraisonController.php:487
#19 \app\Http\Controllers\Manager\LivraisonController.php:364
#20 \vendor\laravel\framework\src\Illuminate\Routing\Controller.php:54
#21 \vendor\laravel\framework\src\Illuminate\Routing\ControllerDispatcher.php:43
#22 \vendor\laravel\framework\src\Illuminate\Routing\Route.php:259
#23 \vendor\laravel\framework\src\Illuminate\Routing\Route.php:205
#24 \vendor\laravel\framework\src\Illuminate\Routing\Router.php:798
#25 \vendor\laravel\framework\src\Illuminate\Pipeline\Pipeline.php:141
#26 \app\Http\Middleware\Manager.php:20
#27 \vendor\laravel\framework\src\Illuminate\Pipeline\Pipeline.php:180
#28 \app\Http\Middleware\CheckStatus.php:22
#29 \vendor\laravel\framework\src\Illuminate\Pipeline\Pipeline.php:180
#30 \app\Http\Middleware\MaintenanceMode.php:25
#31 \vendor\laravel\framework\src\Illuminate\Pipeline\Pipeline.php:180
#32 \vendor\laravel\framework\src\Illuminate\Routing\Middleware\SubstituteBindings.php:50
#33 \vendor\laravel\framework\src\Illuminate\Pipeline\Pipeline.php:180
#34 \app\Http\Middleware\Authenticate.php:35
#35 \vendor\laravel\framework\src\Illuminate\Pipeline\Pipeline.php:180
#36 \vendor\laravel\framework\src\Illuminate\Foundation\Http\Middleware\VerifyCsrfToken.php:78
#37 \vendor\laravel\framework\src\Illuminate\Pipeline\Pipeline.php:180
#38 \vendor\laravel\framework\src\Illuminate\View\Middleware\ShareErrorsFromSession.php:49
#39 \vendor\laravel\framework\src\Illuminate\Pipeline\Pipeline.php:180
#40 \vendor\laravel\framework\src\Illuminate\Session\Middleware\StartSession.php:121
#41 \vendor\laravel\framework\src\Illuminate\Session\Middleware\StartSession.php:64
#42 \vendor\laravel\framework\src\Illuminate\Pipeline\Pipeline.php:180
#43 \vendor\laravel\framework\src\Illuminate\Cookie\Middleware\AddQueuedCookiesToResponse.php:37
#44 \vendor\laravel\framework\src\Illuminate\Pipeline\Pipeline.php:180
#45 \vendor\laravel\framework\src\Illuminate\Cookie\Middleware\EncryptCookies.php:67
#46 \vendor\laravel\framework\src\Illuminate\Pipeline\Pipeline.php:180
#47 \vendor\laramin\utility\src\Utility.php:14
#48 \vendor\laravel\framework\src\Illuminate\Pipeline\Pipeline.php:180
#49 \vendor\laravel\framework\src\Illuminate\Pipeline\Pipeline.php:116
  
[2025-07-01 20:24:02] production.INFO: Model: App\Models\LivraisonInfo
Relation: App\Models\User
Num-Called: 2
Call-Stack:
#18 \app\Http\Controllers\Manager\LivraisonController.php:487
#19 \app\Http\Controllers\Manager\LivraisonController.php:364
#20 \vendor\laravel\framework\src\Illuminate\Routing\Controller.php:54
#21 \vendor\laravel\framework\src\Illuminate\Routing\ControllerDispatcher.php:43
#22 \vendor\laravel\framework\src\Illuminate\Routing\Route.php:259
#23 \vendor\laravel\framework\src\Illuminate\Routing\Route.php:205
#24 \vendor\laravel\framework\src\Illuminate\Routing\Router.php:798
#25 \vendor\laravel\framework\src\Illuminate\Pipeline\Pipeline.php:141
#26 \app\Http\Middleware\Manager.php:20
#27 \vendor\laravel\framework\src\Illuminate\Pipeline\Pipeline.php:180
#28 \app\Http\Middleware\CheckStatus.php:22
#29 \vendor\laravel\framework\src\Illuminate\Pipeline\Pipeline.php:180
#30 \app\Http\Middleware\MaintenanceMode.php:25
#31 \vendor\laravel\framework\src\Illuminate\Pipeline\Pipeline.php:180
#32 \vendor\laravel\framework\src\Illuminate\Routing\Middleware\SubstituteBindings.php:50
#33 \vendor\laravel\framework\src\Illuminate\Pipeline\Pipeline.php:180
#34 \app\Http\Middleware\Authenticate.php:35
#35 \vendor\laravel\framework\src\Illuminate\Pipeline\Pipeline.php:180
#36 \vendor\laravel\framework\src\Illuminate\Foundation\Http\Middleware\VerifyCsrfToken.php:78
#37 \vendor\laravel\framework\src\Illuminate\Pipeline\Pipeline.php:180
#38 \vendor\laravel\framework\src\Illuminate\View\Middleware\ShareErrorsFromSession.php:49
#39 \vendor\laravel\framework\src\Illuminate\Pipeline\Pipeline.php:180
#40 \vendor\laravel\framework\src\Illuminate\Session\Middleware\StartSession.php:121
#41 \vendor\laravel\framework\src\Illuminate\Session\Middleware\StartSession.php:64
#42 \vendor\laravel\framework\src\Illuminate\Pipeline\Pipeline.php:180
#43 \vendor\laravel\framework\src\Illuminate\Cookie\Middleware\AddQueuedCookiesToResponse.php:37
#44 \vendor\laravel\framework\src\Illuminate\Pipeline\Pipeline.php:180
#45 \vendor\laravel\framework\src\Illuminate\Cookie\Middleware\EncryptCookies.php:67
#46 \vendor\laravel\framework\src\Illuminate\Pipeline\Pipeline.php:180
#47 \vendor\laramin\utility\src\Utility.php:14
#48 \vendor\laravel\framework\src\Illuminate\Pipeline\Pipeline.php:180
#49 \vendor\laravel\framework\src\Illuminate\Pipeline\Pipeline.php:116
  
[2025-07-01 20:24:02] production.INFO: Model: App\Models\LivraisonInfo
Relation: App\Models\LivraisonPayment
Num-Called: 2
Call-Stack:
#18 \app\Http\Controllers\Manager\LivraisonController.php:487
#19 \app\Http\Controllers\Manager\LivraisonController.php:364
#20 \vendor\laravel\framework\src\Illuminate\Routing\Controller.php:54
#21 \vendor\laravel\framework\src\Illuminate\Routing\ControllerDispatcher.php:43
#22 \vendor\laravel\framework\src\Illuminate\Routing\Route.php:259
#23 \vendor\laravel\framework\src\Illuminate\Routing\Route.php:205
#24 \vendor\laravel\framework\src\Illuminate\Routing\Router.php:798
#25 \vendor\laravel\framework\src\Illuminate\Pipeline\Pipeline.php:141
#26 \app\Http\Middleware\Manager.php:20
#27 \vendor\laravel\framework\src\Illuminate\Pipeline\Pipeline.php:180
#28 \app\Http\Middleware\CheckStatus.php:22
#29 \vendor\laravel\framework\src\Illuminate\Pipeline\Pipeline.php:180
#30 \app\Http\Middleware\MaintenanceMode.php:25
#31 \vendor\laravel\framework\src\Illuminate\Pipeline\Pipeline.php:180
#32 \vendor\laravel\framework\src\Illuminate\Routing\Middleware\SubstituteBindings.php:50
#33 \vendor\laravel\framework\src\Illuminate\Pipeline\Pipeline.php:180
#34 \app\Http\Middleware\Authenticate.php:35
#35 \vendor\laravel\framework\src\Illuminate\Pipeline\Pipeline.php:180
#36 \vendor\laravel\framework\src\Illuminate\Foundation\Http\Middleware\VerifyCsrfToken.php:78
#37 \vendor\laravel\framework\src\Illuminate\Pipeline\Pipeline.php:180
#38 \vendor\laravel\framework\src\Illuminate\View\Middleware\ShareErrorsFromSession.php:49
#39 \vendor\laravel\framework\src\Illuminate\Pipeline\Pipeline.php:180
#40 \vendor\laravel\framework\src\Illuminate\Session\Middleware\StartSession.php:121
#41 \vendor\laravel\framework\src\Illuminate\Session\Middleware\StartSession.php:64
#42 \vendor\laravel\framework\src\Illuminate\Pipeline\Pipeline.php:180
#43 \vendor\laravel\framework\src\Illuminate\Cookie\Middleware\AddQueuedCookiesToResponse.php:37
#44 \vendor\laravel\framework\src\Illuminate\Pipeline\Pipeline.php:180
#45 \vendor\laravel\framework\src\Illuminate\Cookie\Middleware\EncryptCookies.php:67
#46 \vendor\laravel\framework\src\Illuminate\Pipeline\Pipeline.php:180
#47 \vendor\laramin\utility\src\Utility.php:14
#48 \vendor\laravel\framework\src\Illuminate\Pipeline\Pipeline.php:180
#49 \vendor\laravel\framework\src\Illuminate\Pipeline\Pipeline.php:116
  
[2025-07-01 20:24:02] production.INFO: Model: App\Models\LivraisonInfo
Relation: receiverClient
Num-Called: 20
Call-Stack:
#19 \storage\framework\views\c83bffe0beadbcdee19a3637ff571b3fb5247ee4.php:76
#21 \vendor\laravel\framework\src\Illuminate\Filesystem\Filesystem.php:110
#22 \vendor\laravel\framework\src\Illuminate\View\Engines\PhpEngine.php:58
#23 \vendor\laravel\framework\src\Illuminate\View\Engines\CompilerEngine.php:70
#24 \vendor\laravel\framework\src\Illuminate\View\View.php:195
#25 \vendor\laravel\framework\src\Illuminate\View\View.php:178
#26 \vendor\laravel\framework\src\Illuminate\View\View.php:147
#27 \vendor\laravel\framework\src\Illuminate\Http\Response.php:69
#28 \vendor\laravel\framework\src\Illuminate\Http\Response.php:35
#29 \vendor\laravel\framework\src\Illuminate\Routing\Router.php:906
#30 \vendor\laravel\framework\src\Illuminate\Routing\Router.php:875
#31 \vendor\laravel\framework\src\Illuminate\Routing\Router.php:797
#32 \vendor\laravel\framework\src\Illuminate\Pipeline\Pipeline.php:141
#33 \app\Http\Middleware\Manager.php:20
#34 \vendor\laravel\framework\src\Illuminate\Pipeline\Pipeline.php:180
#35 \app\Http\Middleware\CheckStatus.php:22
#36 \vendor\laravel\framework\src\Illuminate\Pipeline\Pipeline.php:180
#37 \app\Http\Middleware\MaintenanceMode.php:25
#38 \vendor\laravel\framework\src\Illuminate\Pipeline\Pipeline.php:180
#39 \vendor\laravel\framework\src\Illuminate\Routing\Middleware\SubstituteBindings.php:50
#40 \vendor\laravel\framework\src\Illuminate\Pipeline\Pipeline.php:180
#41 \app\Http\Middleware\Authenticate.php:35
#42 \vendor\laravel\framework\src\Illuminate\Pipeline\Pipeline.php:180
#43 \vendor\laravel\framework\src\Illuminate\Foundation\Http\Middleware\VerifyCsrfToken.php:78
#44 \vendor\laravel\framework\src\Illuminate\Pipeline\Pipeline.php:180
#45 \vendor\laravel\framework\src\Illuminate\View\Middleware\ShareErrorsFromSession.php:49
#46 \vendor\laravel\framework\src\Illuminate\Pipeline\Pipeline.php:180
#47 \vendor\laravel\framework\src\Illuminate\Session\Middleware\StartSession.php:121
#48 \vendor\laravel\framework\src\Illuminate\Session\Middleware\StartSession.php:64
#49 \vendor\laravel\framework\src\Illuminate\Pipeline\Pipeline.php:180
  
[2025-07-01 20:24:58] production.INFO: Detected N+1 Query  
[2025-07-01 20:24:58] production.INFO: Model: App\Models\LivraisonInfo
Relation: App\Models\Magasin
Num-Called: 2
Call-Stack:
#18 \app\Http\Controllers\Manager\LivraisonController.php:487
#19 \app\Http\Controllers\Manager\LivraisonController.php:364
#20 \vendor\laravel\framework\src\Illuminate\Routing\Controller.php:54
#21 \vendor\laravel\framework\src\Illuminate\Routing\ControllerDispatcher.php:43
#22 \vendor\laravel\framework\src\Illuminate\Routing\Route.php:259
#23 \vendor\laravel\framework\src\Illuminate\Routing\Route.php:205
#24 \vendor\laravel\framework\src\Illuminate\Routing\Router.php:798
#25 \vendor\laravel\framework\src\Illuminate\Pipeline\Pipeline.php:141
#26 \app\Http\Middleware\Manager.php:20
#27 \vendor\laravel\framework\src\Illuminate\Pipeline\Pipeline.php:180
#28 \app\Http\Middleware\CheckStatus.php:22
#29 \vendor\laravel\framework\src\Illuminate\Pipeline\Pipeline.php:180
#30 \app\Http\Middleware\MaintenanceMode.php:25
#31 \vendor\laravel\framework\src\Illuminate\Pipeline\Pipeline.php:180
#32 \vendor\laravel\framework\src\Illuminate\Routing\Middleware\SubstituteBindings.php:50
#33 \vendor\laravel\framework\src\Illuminate\Pipeline\Pipeline.php:180
#34 \app\Http\Middleware\Authenticate.php:35
#35 \vendor\laravel\framework\src\Illuminate\Pipeline\Pipeline.php:180
#36 \vendor\laravel\framework\src\Illuminate\Foundation\Http\Middleware\VerifyCsrfToken.php:78
#37 \vendor\laravel\framework\src\Illuminate\Pipeline\Pipeline.php:180
#38 \vendor\laravel\framework\src\Illuminate\View\Middleware\ShareErrorsFromSession.php:49
#39 \vendor\laravel\framework\src\Illuminate\Pipeline\Pipeline.php:180
#40 \vendor\laravel\framework\src\Illuminate\Session\Middleware\StartSession.php:121
#41 \vendor\laravel\framework\src\Illuminate\Session\Middleware\StartSession.php:64
#42 \vendor\laravel\framework\src\Illuminate\Pipeline\Pipeline.php:180
#43 \vendor\laravel\framework\src\Illuminate\Cookie\Middleware\AddQueuedCookiesToResponse.php:37
#44 \vendor\laravel\framework\src\Illuminate\Pipeline\Pipeline.php:180
#45 \vendor\laravel\framework\src\Illuminate\Cookie\Middleware\EncryptCookies.php:67
#46 \vendor\laravel\framework\src\Illuminate\Pipeline\Pipeline.php:180
#47 \vendor\laramin\utility\src\Utility.php:14
#48 \vendor\laravel\framework\src\Illuminate\Pipeline\Pipeline.php:180
#49 \vendor\laravel\framework\src\Illuminate\Pipeline\Pipeline.php:116
  
[2025-07-01 20:24:58] production.INFO: Model: App\Models\LivraisonInfo
Relation: App\Models\User
Num-Called: 2
Call-Stack:
#18 \app\Http\Controllers\Manager\LivraisonController.php:487
#19 \app\Http\Controllers\Manager\LivraisonController.php:364
#20 \vendor\laravel\framework\src\Illuminate\Routing\Controller.php:54
#21 \vendor\laravel\framework\src\Illuminate\Routing\ControllerDispatcher.php:43
#22 \vendor\laravel\framework\src\Illuminate\Routing\Route.php:259
#23 \vendor\laravel\framework\src\Illuminate\Routing\Route.php:205
#24 \vendor\laravel\framework\src\Illuminate\Routing\Router.php:798
#25 \vendor\laravel\framework\src\Illuminate\Pipeline\Pipeline.php:141
#26 \app\Http\Middleware\Manager.php:20
#27 \vendor\laravel\framework\src\Illuminate\Pipeline\Pipeline.php:180
#28 \app\Http\Middleware\CheckStatus.php:22
#29 \vendor\laravel\framework\src\Illuminate\Pipeline\Pipeline.php:180
#30 \app\Http\Middleware\MaintenanceMode.php:25
#31 \vendor\laravel\framework\src\Illuminate\Pipeline\Pipeline.php:180
#32 \vendor\laravel\framework\src\Illuminate\Routing\Middleware\SubstituteBindings.php:50
#33 \vendor\laravel\framework\src\Illuminate\Pipeline\Pipeline.php:180
#34 \app\Http\Middleware\Authenticate.php:35
#35 \vendor\laravel\framework\src\Illuminate\Pipeline\Pipeline.php:180
#36 \vendor\laravel\framework\src\Illuminate\Foundation\Http\Middleware\VerifyCsrfToken.php:78
#37 \vendor\laravel\framework\src\Illuminate\Pipeline\Pipeline.php:180
#38 \vendor\laravel\framework\src\Illuminate\View\Middleware\ShareErrorsFromSession.php:49
#39 \vendor\laravel\framework\src\Illuminate\Pipeline\Pipeline.php:180
#40 \vendor\laravel\framework\src\Illuminate\Session\Middleware\StartSession.php:121
#41 \vendor\laravel\framework\src\Illuminate\Session\Middleware\StartSession.php:64
#42 \vendor\laravel\framework\src\Illuminate\Pipeline\Pipeline.php:180
#43 \vendor\laravel\framework\src\Illuminate\Cookie\Middleware\AddQueuedCookiesToResponse.php:37
#44 \vendor\laravel\framework\src\Illuminate\Pipeline\Pipeline.php:180
#45 \vendor\laravel\framework\src\Illuminate\Cookie\Middleware\EncryptCookies.php:67
#46 \vendor\laravel\framework\src\Illuminate\Pipeline\Pipeline.php:180
#47 \vendor\laramin\utility\src\Utility.php:14
#48 \vendor\laravel\framework\src\Illuminate\Pipeline\Pipeline.php:180
#49 \vendor\laravel\framework\src\Illuminate\Pipeline\Pipeline.php:116
  
[2025-07-01 20:24:58] production.INFO: Model: App\Models\LivraisonInfo
Relation: App\Models\LivraisonPayment
Num-Called: 2
Call-Stack:
#18 \app\Http\Controllers\Manager\LivraisonController.php:487
#19 \app\Http\Controllers\Manager\LivraisonController.php:364
#20 \vendor\laravel\framework\src\Illuminate\Routing\Controller.php:54
#21 \vendor\laravel\framework\src\Illuminate\Routing\ControllerDispatcher.php:43
#22 \vendor\laravel\framework\src\Illuminate\Routing\Route.php:259
#23 \vendor\laravel\framework\src\Illuminate\Routing\Route.php:205
#24 \vendor\laravel\framework\src\Illuminate\Routing\Router.php:798
#25 \vendor\laravel\framework\src\Illuminate\Pipeline\Pipeline.php:141
#26 \app\Http\Middleware\Manager.php:20
#27 \vendor\laravel\framework\src\Illuminate\Pipeline\Pipeline.php:180
#28 \app\Http\Middleware\CheckStatus.php:22
#29 \vendor\laravel\framework\src\Illuminate\Pipeline\Pipeline.php:180
#30 \app\Http\Middleware\MaintenanceMode.php:25
#31 \vendor\laravel\framework\src\Illuminate\Pipeline\Pipeline.php:180
#32 \vendor\laravel\framework\src\Illuminate\Routing\Middleware\SubstituteBindings.php:50
#33 \vendor\laravel\framework\src\Illuminate\Pipeline\Pipeline.php:180
#34 \app\Http\Middleware\Authenticate.php:35
#35 \vendor\laravel\framework\src\Illuminate\Pipeline\Pipeline.php:180
#36 \vendor\laravel\framework\src\Illuminate\Foundation\Http\Middleware\VerifyCsrfToken.php:78
#37 \vendor\laravel\framework\src\Illuminate\Pipeline\Pipeline.php:180
#38 \vendor\laravel\framework\src\Illuminate\View\Middleware\ShareErrorsFromSession.php:49
#39 \vendor\laravel\framework\src\Illuminate\Pipeline\Pipeline.php:180
#40 \vendor\laravel\framework\src\Illuminate\Session\Middleware\StartSession.php:121
#41 \vendor\laravel\framework\src\Illuminate\Session\Middleware\StartSession.php:64
#42 \vendor\laravel\framework\src\Illuminate\Pipeline\Pipeline.php:180
#43 \vendor\laravel\framework\src\Illuminate\Cookie\Middleware\AddQueuedCookiesToResponse.php:37
#44 \vendor\laravel\framework\src\Illuminate\Pipeline\Pipeline.php:180
#45 \vendor\laravel\framework\src\Illuminate\Cookie\Middleware\EncryptCookies.php:67
#46 \vendor\laravel\framework\src\Illuminate\Pipeline\Pipeline.php:180
#47 \vendor\laramin\utility\src\Utility.php:14
#48 \vendor\laravel\framework\src\Illuminate\Pipeline\Pipeline.php:180
#49 \vendor\laravel\framework\src\Illuminate\Pipeline\Pipeline.php:116
  
[2025-07-01 20:24:58] production.INFO: Model: App\Models\LivraisonInfo
Relation: receiverClient
Num-Called: 20
Call-Stack:
#19 \storage\framework\views\c83bffe0beadbcdee19a3637ff571b3fb5247ee4.php:76
#21 \vendor\laravel\framework\src\Illuminate\Filesystem\Filesystem.php:110
#22 \vendor\laravel\framework\src\Illuminate\View\Engines\PhpEngine.php:58
#23 \vendor\laravel\framework\src\Illuminate\View\Engines\CompilerEngine.php:70
#24 \vendor\laravel\framework\src\Illuminate\View\View.php:195
#25 \vendor\laravel\framework\src\Illuminate\View\View.php:178
#26 \vendor\laravel\framework\src\Illuminate\View\View.php:147
#27 \vendor\laravel\framework\src\Illuminate\Http\Response.php:69
#28 \vendor\laravel\framework\src\Illuminate\Http\Response.php:35
#29 \vendor\laravel\framework\src\Illuminate\Routing\Router.php:906
#30 \vendor\laravel\framework\src\Illuminate\Routing\Router.php:875
#31 \vendor\laravel\framework\src\Illuminate\Routing\Router.php:797
#32 \vendor\laravel\framework\src\Illuminate\Pipeline\Pipeline.php:141
#33 \app\Http\Middleware\Manager.php:20
#34 \vendor\laravel\framework\src\Illuminate\Pipeline\Pipeline.php:180
#35 \app\Http\Middleware\CheckStatus.php:22
#36 \vendor\laravel\framework\src\Illuminate\Pipeline\Pipeline.php:180
#37 \app\Http\Middleware\MaintenanceMode.php:25
#38 \vendor\laravel\framework\src\Illuminate\Pipeline\Pipeline.php:180
#39 \vendor\laravel\framework\src\Illuminate\Routing\Middleware\SubstituteBindings.php:50
#40 \vendor\laravel\framework\src\Illuminate\Pipeline\Pipeline.php:180
#41 \app\Http\Middleware\Authenticate.php:35
#42 \vendor\laravel\framework\src\Illuminate\Pipeline\Pipeline.php:180
#43 \vendor\laravel\framework\src\Illuminate\Foundation\Http\Middleware\VerifyCsrfToken.php:78
#44 \vendor\laravel\framework\src\Illuminate\Pipeline\Pipeline.php:180
#45 \vendor\laravel\framework\src\Illuminate\View\Middleware\ShareErrorsFromSession.php:49
#46 \vendor\laravel\framework\src\Illuminate\Pipeline\Pipeline.php:180
#47 \vendor\laravel\framework\src\Illuminate\Session\Middleware\StartSession.php:121
#48 \vendor\laravel\framework\src\Illuminate\Session\Middleware\StartSession.php:64
#49 \vendor\laravel\framework\src\Illuminate\Pipeline\Pipeline.php:180
  
[2025-07-01 20:26:06] production.INFO: Detected N+1 Query  
[2025-07-01 20:26:06] production.INFO: Model: App\Models\LivraisonInfo
Relation: App\Models\Magasin
Num-Called: 2
Call-Stack:
#18 \app\Http\Controllers\Manager\LivraisonController.php:487
#19 \app\Http\Controllers\Manager\LivraisonController.php:364
#20 \vendor\laravel\framework\src\Illuminate\Routing\Controller.php:54
#21 \vendor\laravel\framework\src\Illuminate\Routing\ControllerDispatcher.php:43
#22 \vendor\laravel\framework\src\Illuminate\Routing\Route.php:259
#23 \vendor\laravel\framework\src\Illuminate\Routing\Route.php:205
#24 \vendor\laravel\framework\src\Illuminate\Routing\Router.php:798
#25 \vendor\laravel\framework\src\Illuminate\Pipeline\Pipeline.php:141
#26 \app\Http\Middleware\Manager.php:20
#27 \vendor\laravel\framework\src\Illuminate\Pipeline\Pipeline.php:180
#28 \app\Http\Middleware\CheckStatus.php:22
#29 \vendor\laravel\framework\src\Illuminate\Pipeline\Pipeline.php:180
#30 \app\Http\Middleware\MaintenanceMode.php:25
#31 \vendor\laravel\framework\src\Illuminate\Pipeline\Pipeline.php:180
#32 \vendor\laravel\framework\src\Illuminate\Routing\Middleware\SubstituteBindings.php:50
#33 \vendor\laravel\framework\src\Illuminate\Pipeline\Pipeline.php:180
#34 \app\Http\Middleware\Authenticate.php:35
#35 \vendor\laravel\framework\src\Illuminate\Pipeline\Pipeline.php:180
#36 \vendor\laravel\framework\src\Illuminate\Foundation\Http\Middleware\VerifyCsrfToken.php:78
#37 \vendor\laravel\framework\src\Illuminate\Pipeline\Pipeline.php:180
#38 \vendor\laravel\framework\src\Illuminate\View\Middleware\ShareErrorsFromSession.php:49
#39 \vendor\laravel\framework\src\Illuminate\Pipeline\Pipeline.php:180
#40 \vendor\laravel\framework\src\Illuminate\Session\Middleware\StartSession.php:121
#41 \vendor\laravel\framework\src\Illuminate\Session\Middleware\StartSession.php:64
#42 \vendor\laravel\framework\src\Illuminate\Pipeline\Pipeline.php:180
#43 \vendor\laravel\framework\src\Illuminate\Cookie\Middleware\AddQueuedCookiesToResponse.php:37
#44 \vendor\laravel\framework\src\Illuminate\Pipeline\Pipeline.php:180
#45 \vendor\laravel\framework\src\Illuminate\Cookie\Middleware\EncryptCookies.php:67
#46 \vendor\laravel\framework\src\Illuminate\Pipeline\Pipeline.php:180
#47 \vendor\laramin\utility\src\Utility.php:14
#48 \vendor\laravel\framework\src\Illuminate\Pipeline\Pipeline.php:180
#49 \vendor\laravel\framework\src\Illuminate\Pipeline\Pipeline.php:116
  
[2025-07-01 20:26:06] production.INFO: Model: App\Models\LivraisonInfo
Relation: App\Models\User
Num-Called: 2
Call-Stack:
#18 \app\Http\Controllers\Manager\LivraisonController.php:487
#19 \app\Http\Controllers\Manager\LivraisonController.php:364
#20 \vendor\laravel\framework\src\Illuminate\Routing\Controller.php:54
#21 \vendor\laravel\framework\src\Illuminate\Routing\ControllerDispatcher.php:43
#22 \vendor\laravel\framework\src\Illuminate\Routing\Route.php:259
#23 \vendor\laravel\framework\src\Illuminate\Routing\Route.php:205
#24 \vendor\laravel\framework\src\Illuminate\Routing\Router.php:798
#25 \vendor\laravel\framework\src\Illuminate\Pipeline\Pipeline.php:141
#26 \app\Http\Middleware\Manager.php:20
#27 \vendor\laravel\framework\src\Illuminate\Pipeline\Pipeline.php:180
#28 \app\Http\Middleware\CheckStatus.php:22
#29 \vendor\laravel\framework\src\Illuminate\Pipeline\Pipeline.php:180
#30 \app\Http\Middleware\MaintenanceMode.php:25
#31 \vendor\laravel\framework\src\Illuminate\Pipeline\Pipeline.php:180
#32 \vendor\laravel\framework\src\Illuminate\Routing\Middleware\SubstituteBindings.php:50
#33 \vendor\laravel\framework\src\Illuminate\Pipeline\Pipeline.php:180
#34 \app\Http\Middleware\Authenticate.php:35
#35 \vendor\laravel\framework\src\Illuminate\Pipeline\Pipeline.php:180
#36 \vendor\laravel\framework\src\Illuminate\Foundation\Http\Middleware\VerifyCsrfToken.php:78
#37 \vendor\laravel\framework\src\Illuminate\Pipeline\Pipeline.php:180
#38 \vendor\laravel\framework\src\Illuminate\View\Middleware\ShareErrorsFromSession.php:49
#39 \vendor\laravel\framework\src\Illuminate\Pipeline\Pipeline.php:180
#40 \vendor\laravel\framework\src\Illuminate\Session\Middleware\StartSession.php:121
#41 \vendor\laravel\framework\src\Illuminate\Session\Middleware\StartSession.php:64
#42 \vendor\laravel\framework\src\Illuminate\Pipeline\Pipeline.php:180
#43 \vendor\laravel\framework\src\Illuminate\Cookie\Middleware\AddQueuedCookiesToResponse.php:37
#44 \vendor\laravel\framework\src\Illuminate\Pipeline\Pipeline.php:180
#45 \vendor\laravel\framework\src\Illuminate\Cookie\Middleware\EncryptCookies.php:67
#46 \vendor\laravel\framework\src\Illuminate\Pipeline\Pipeline.php:180
#47 \vendor\laramin\utility\src\Utility.php:14
#48 \vendor\laravel\framework\src\Illuminate\Pipeline\Pipeline.php:180
#49 \vendor\laravel\framework\src\Illuminate\Pipeline\Pipeline.php:116
  
[2025-07-01 20:26:06] production.INFO: Model: App\Models\LivraisonInfo
Relation: App\Models\LivraisonPayment
Num-Called: 2
Call-Stack:
#18 \app\Http\Controllers\Manager\LivraisonController.php:487
#19 \app\Http\Controllers\Manager\LivraisonController.php:364
#20 \vendor\laravel\framework\src\Illuminate\Routing\Controller.php:54
#21 \vendor\laravel\framework\src\Illuminate\Routing\ControllerDispatcher.php:43
#22 \vendor\laravel\framework\src\Illuminate\Routing\Route.php:259
#23 \vendor\laravel\framework\src\Illuminate\Routing\Route.php:205
#24 \vendor\laravel\framework\src\Illuminate\Routing\Router.php:798
#25 \vendor\laravel\framework\src\Illuminate\Pipeline\Pipeline.php:141
#26 \app\Http\Middleware\Manager.php:20
#27 \vendor\laravel\framework\src\Illuminate\Pipeline\Pipeline.php:180
#28 \app\Http\Middleware\CheckStatus.php:22
#29 \vendor\laravel\framework\src\Illuminate\Pipeline\Pipeline.php:180
#30 \app\Http\Middleware\MaintenanceMode.php:25
#31 \vendor\laravel\framework\src\Illuminate\Pipeline\Pipeline.php:180
#32 \vendor\laravel\framework\src\Illuminate\Routing\Middleware\SubstituteBindings.php:50
#33 \vendor\laravel\framework\src\Illuminate\Pipeline\Pipeline.php:180
#34 \app\Http\Middleware\Authenticate.php:35
#35 \vendor\laravel\framework\src\Illuminate\Pipeline\Pipeline.php:180
#36 \vendor\laravel\framework\src\Illuminate\Foundation\Http\Middleware\VerifyCsrfToken.php:78
#37 \vendor\laravel\framework\src\Illuminate\Pipeline\Pipeline.php:180
#38 \vendor\laravel\framework\src\Illuminate\View\Middleware\ShareErrorsFromSession.php:49
#39 \vendor\laravel\framework\src\Illuminate\Pipeline\Pipeline.php:180
#40 \vendor\laravel\framework\src\Illuminate\Session\Middleware\StartSession.php:121
#41 \vendor\laravel\framework\src\Illuminate\Session\Middleware\StartSession.php:64
#42 \vendor\laravel\framework\src\Illuminate\Pipeline\Pipeline.php:180
#43 \vendor\laravel\framework\src\Illuminate\Cookie\Middleware\AddQueuedCookiesToResponse.php:37
#44 \vendor\laravel\framework\src\Illuminate\Pipeline\Pipeline.php:180
#45 \vendor\laravel\framework\src\Illuminate\Cookie\Middleware\EncryptCookies.php:67
#46 \vendor\laravel\framework\src\Illuminate\Pipeline\Pipeline.php:180
#47 \vendor\laramin\utility\src\Utility.php:14
#48 \vendor\laravel\framework\src\Illuminate\Pipeline\Pipeline.php:180
#49 \vendor\laravel\framework\src\Illuminate\Pipeline\Pipeline.php:116
  
[2025-07-01 20:26:06] production.INFO: Model: App\Models\LivraisonInfo
Relation: receiverClient
Num-Called: 20
Call-Stack:
#19 \storage\framework\views\c83bffe0beadbcdee19a3637ff571b3fb5247ee4.php:76
#21 \vendor\laravel\framework\src\Illuminate\Filesystem\Filesystem.php:110
#22 \vendor\laravel\framework\src\Illuminate\View\Engines\PhpEngine.php:58
#23 \vendor\laravel\framework\src\Illuminate\View\Engines\CompilerEngine.php:70
#24 \vendor\laravel\framework\src\Illuminate\View\View.php:195
#25 \vendor\laravel\framework\src\Illuminate\View\View.php:178
#26 \vendor\laravel\framework\src\Illuminate\View\View.php:147
#27 \vendor\laravel\framework\src\Illuminate\Http\Response.php:69
#28 \vendor\laravel\framework\src\Illuminate\Http\Response.php:35
#29 \vendor\laravel\framework\src\Illuminate\Routing\Router.php:906
#30 \vendor\laravel\framework\src\Illuminate\Routing\Router.php:875
#31 \vendor\laravel\framework\src\Illuminate\Routing\Router.php:797
#32 \vendor\laravel\framework\src\Illuminate\Pipeline\Pipeline.php:141
#33 \app\Http\Middleware\Manager.php:20
#34 \vendor\laravel\framework\src\Illuminate\Pipeline\Pipeline.php:180
#35 \app\Http\Middleware\CheckStatus.php:22
#36 \vendor\laravel\framework\src\Illuminate\Pipeline\Pipeline.php:180
#37 \app\Http\Middleware\MaintenanceMode.php:25
#38 \vendor\laravel\framework\src\Illuminate\Pipeline\Pipeline.php:180
#39 \vendor\laravel\framework\src\Illuminate\Routing\Middleware\SubstituteBindings.php:50
#40 \vendor\laravel\framework\src\Illuminate\Pipeline\Pipeline.php:180
#41 \app\Http\Middleware\Authenticate.php:35
#42 \vendor\laravel\framework\src\Illuminate\Pipeline\Pipeline.php:180
#43 \vendor\laravel\framework\src\Illuminate\Foundation\Http\Middleware\VerifyCsrfToken.php:78
#44 \vendor\laravel\framework\src\Illuminate\Pipeline\Pipeline.php:180
#45 \vendor\laravel\framework\src\Illuminate\View\Middleware\ShareErrorsFromSession.php:49
#46 \vendor\laravel\framework\src\Illuminate\Pipeline\Pipeline.php:180
#47 \vendor\laravel\framework\src\Illuminate\Session\Middleware\StartSession.php:121
#48 \vendor\laravel\framework\src\Illuminate\Session\Middleware\StartSession.php:64
#49 \vendor\laravel\framework\src\Illuminate\Pipeline\Pipeline.php:180
  
[2025-07-01 20:28:18] production.INFO: Detected N+1 Query  
[2025-07-01 20:28:18] production.INFO: Model: App\Models\LivraisonInfo
Relation: App\Models\Magasin
Num-Called: 2
Call-Stack:
#18 \app\Http\Controllers\Manager\LivraisonController.php:487
#19 \app\Http\Controllers\Manager\LivraisonController.php:364
#20 \vendor\laravel\framework\src\Illuminate\Routing\Controller.php:54
#21 \vendor\laravel\framework\src\Illuminate\Routing\ControllerDispatcher.php:43
#22 \vendor\laravel\framework\src\Illuminate\Routing\Route.php:259
#23 \vendor\laravel\framework\src\Illuminate\Routing\Route.php:205
#24 \vendor\laravel\framework\src\Illuminate\Routing\Router.php:798
#25 \vendor\laravel\framework\src\Illuminate\Pipeline\Pipeline.php:141
#26 \app\Http\Middleware\Manager.php:20
#27 \vendor\laravel\framework\src\Illuminate\Pipeline\Pipeline.php:180
#28 \app\Http\Middleware\CheckStatus.php:22
#29 \vendor\laravel\framework\src\Illuminate\Pipeline\Pipeline.php:180
#30 \app\Http\Middleware\MaintenanceMode.php:25
#31 \vendor\laravel\framework\src\Illuminate\Pipeline\Pipeline.php:180
#32 \vendor\laravel\framework\src\Illuminate\Routing\Middleware\SubstituteBindings.php:50
#33 \vendor\laravel\framework\src\Illuminate\Pipeline\Pipeline.php:180
#34 \app\Http\Middleware\Authenticate.php:35
#35 \vendor\laravel\framework\src\Illuminate\Pipeline\Pipeline.php:180
#36 \vendor\laravel\framework\src\Illuminate\Foundation\Http\Middleware\VerifyCsrfToken.php:78
#37 \vendor\laravel\framework\src\Illuminate\Pipeline\Pipeline.php:180
#38 \vendor\laravel\framework\src\Illuminate\View\Middleware\ShareErrorsFromSession.php:49
#39 \vendor\laravel\framework\src\Illuminate\Pipeline\Pipeline.php:180
#40 \vendor\laravel\framework\src\Illuminate\Session\Middleware\StartSession.php:121
#41 \vendor\laravel\framework\src\Illuminate\Session\Middleware\StartSession.php:64
#42 \vendor\laravel\framework\src\Illuminate\Pipeline\Pipeline.php:180
#43 \vendor\laravel\framework\src\Illuminate\Cookie\Middleware\AddQueuedCookiesToResponse.php:37
#44 \vendor\laravel\framework\src\Illuminate\Pipeline\Pipeline.php:180
#45 \vendor\laravel\framework\src\Illuminate\Cookie\Middleware\EncryptCookies.php:67
#46 \vendor\laravel\framework\src\Illuminate\Pipeline\Pipeline.php:180
#47 \vendor\laramin\utility\src\Utility.php:14
#48 \vendor\laravel\framework\src\Illuminate\Pipeline\Pipeline.php:180
#49 \vendor\laravel\framework\src\Illuminate\Pipeline\Pipeline.php:116
  
[2025-07-01 20:28:18] production.INFO: Model: App\Models\LivraisonInfo
Relation: App\Models\User
Num-Called: 2
Call-Stack:
#18 \app\Http\Controllers\Manager\LivraisonController.php:487
#19 \app\Http\Controllers\Manager\LivraisonController.php:364
#20 \vendor\laravel\framework\src\Illuminate\Routing\Controller.php:54
#21 \vendor\laravel\framework\src\Illuminate\Routing\ControllerDispatcher.php:43
#22 \vendor\laravel\framework\src\Illuminate\Routing\Route.php:259
#23 \vendor\laravel\framework\src\Illuminate\Routing\Route.php:205
#24 \vendor\laravel\framework\src\Illuminate\Routing\Router.php:798
#25 \vendor\laravel\framework\src\Illuminate\Pipeline\Pipeline.php:141
#26 \app\Http\Middleware\Manager.php:20
#27 \vendor\laravel\framework\src\Illuminate\Pipeline\Pipeline.php:180
#28 \app\Http\Middleware\CheckStatus.php:22
#29 \vendor\laravel\framework\src\Illuminate\Pipeline\Pipeline.php:180
#30 \app\Http\Middleware\MaintenanceMode.php:25
#31 \vendor\laravel\framework\src\Illuminate\Pipeline\Pipeline.php:180
#32 \vendor\laravel\framework\src\Illuminate\Routing\Middleware\SubstituteBindings.php:50
#33 \vendor\laravel\framework\src\Illuminate\Pipeline\Pipeline.php:180
#34 \app\Http\Middleware\Authenticate.php:35
#35 \vendor\laravel\framework\src\Illuminate\Pipeline\Pipeline.php:180
#36 \vendor\laravel\framework\src\Illuminate\Foundation\Http\Middleware\VerifyCsrfToken.php:78
#37 \vendor\laravel\framework\src\Illuminate\Pipeline\Pipeline.php:180
#38 \vendor\laravel\framework\src\Illuminate\View\Middleware\ShareErrorsFromSession.php:49
#39 \vendor\laravel\framework\src\Illuminate\Pipeline\Pipeline.php:180
#40 \vendor\laravel\framework\src\Illuminate\Session\Middleware\StartSession.php:121
#41 \vendor\laravel\framework\src\Illuminate\Session\Middleware\StartSession.php:64
#42 \vendor\laravel\framework\src\Illuminate\Pipeline\Pipeline.php:180
#43 \vendor\laravel\framework\src\Illuminate\Cookie\Middleware\AddQueuedCookiesToResponse.php:37
#44 \vendor\laravel\framework\src\Illuminate\Pipeline\Pipeline.php:180
#45 \vendor\laravel\framework\src\Illuminate\Cookie\Middleware\EncryptCookies.php:67
#46 \vendor\laravel\framework\src\Illuminate\Pipeline\Pipeline.php:180
#47 \vendor\laramin\utility\src\Utility.php:14
#48 \vendor\laravel\framework\src\Illuminate\Pipeline\Pipeline.php:180
#49 \vendor\laravel\framework\src\Illuminate\Pipeline\Pipeline.php:116
  
[2025-07-01 20:28:18] production.INFO: Model: App\Models\LivraisonInfo
Relation: App\Models\LivraisonPayment
Num-Called: 2
Call-Stack:
#18 \app\Http\Controllers\Manager\LivraisonController.php:487
#19 \app\Http\Controllers\Manager\LivraisonController.php:364
#20 \vendor\laravel\framework\src\Illuminate\Routing\Controller.php:54
#21 \vendor\laravel\framework\src\Illuminate\Routing\ControllerDispatcher.php:43
#22 \vendor\laravel\framework\src\Illuminate\Routing\Route.php:259
#23 \vendor\laravel\framework\src\Illuminate\Routing\Route.php:205
#24 \vendor\laravel\framework\src\Illuminate\Routing\Router.php:798
#25 \vendor\laravel\framework\src\Illuminate\Pipeline\Pipeline.php:141
#26 \app\Http\Middleware\Manager.php:20
#27 \vendor\laravel\framework\src\Illuminate\Pipeline\Pipeline.php:180
#28 \app\Http\Middleware\CheckStatus.php:22
#29 \vendor\laravel\framework\src\Illuminate\Pipeline\Pipeline.php:180
#30 \app\Http\Middleware\MaintenanceMode.php:25
#31 \vendor\laravel\framework\src\Illuminate\Pipeline\Pipeline.php:180
#32 \vendor\laravel\framework\src\Illuminate\Routing\Middleware\SubstituteBindings.php:50
#33 \vendor\laravel\framework\src\Illuminate\Pipeline\Pipeline.php:180
#34 \app\Http\Middleware\Authenticate.php:35
#35 \vendor\laravel\framework\src\Illuminate\Pipeline\Pipeline.php:180
#36 \vendor\laravel\framework\src\Illuminate\Foundation\Http\Middleware\VerifyCsrfToken.php:78
#37 \vendor\laravel\framework\src\Illuminate\Pipeline\Pipeline.php:180
#38 \vendor\laravel\framework\src\Illuminate\View\Middleware\ShareErrorsFromSession.php:49
#39 \vendor\laravel\framework\src\Illuminate\Pipeline\Pipeline.php:180
#40 \vendor\laravel\framework\src\Illuminate\Session\Middleware\StartSession.php:121
#41 \vendor\laravel\framework\src\Illuminate\Session\Middleware\StartSession.php:64
#42 \vendor\laravel\framework\src\Illuminate\Pipeline\Pipeline.php:180
#43 \vendor\laravel\framework\src\Illuminate\Cookie\Middleware\AddQueuedCookiesToResponse.php:37
#44 \vendor\laravel\framework\src\Illuminate\Pipeline\Pipeline.php:180
#45 \vendor\laravel\framework\src\Illuminate\Cookie\Middleware\EncryptCookies.php:67
#46 \vendor\laravel\framework\src\Illuminate\Pipeline\Pipeline.php:180
#47 \vendor\laramin\utility\src\Utility.php:14
#48 \vendor\laravel\framework\src\Illuminate\Pipeline\Pipeline.php:180
#49 \vendor\laravel\framework\src\Illuminate\Pipeline\Pipeline.php:116
  
[2025-07-01 20:28:18] production.INFO: Model: App\Models\LivraisonInfo
Relation: receiverClient
Num-Called: 20
Call-Stack:
#19 \storage\framework\views\c83bffe0beadbcdee19a3637ff571b3fb5247ee4.php:76
#21 \vendor\laravel\framework\src\Illuminate\Filesystem\Filesystem.php:110
#22 \vendor\laravel\framework\src\Illuminate\View\Engines\PhpEngine.php:58
#23 \vendor\laravel\framework\src\Illuminate\View\Engines\CompilerEngine.php:70
#24 \vendor\laravel\framework\src\Illuminate\View\View.php:195
#25 \vendor\laravel\framework\src\Illuminate\View\View.php:178
#26 \vendor\laravel\framework\src\Illuminate\View\View.php:147
#27 \vendor\laravel\framework\src\Illuminate\Http\Response.php:69
#28 \vendor\laravel\framework\src\Illuminate\Http\Response.php:35
#29 \vendor\laravel\framework\src\Illuminate\Routing\Router.php:906
#30 \vendor\laravel\framework\src\Illuminate\Routing\Router.php:875
#31 \vendor\laravel\framework\src\Illuminate\Routing\Router.php:797
#32 \vendor\laravel\framework\src\Illuminate\Pipeline\Pipeline.php:141
#33 \app\Http\Middleware\Manager.php:20
#34 \vendor\laravel\framework\src\Illuminate\Pipeline\Pipeline.php:180
#35 \app\Http\Middleware\CheckStatus.php:22
#36 \vendor\laravel\framework\src\Illuminate\Pipeline\Pipeline.php:180
#37 \app\Http\Middleware\MaintenanceMode.php:25
#38 \vendor\laravel\framework\src\Illuminate\Pipeline\Pipeline.php:180
#39 \vendor\laravel\framework\src\Illuminate\Routing\Middleware\SubstituteBindings.php:50
#40 \vendor\laravel\framework\src\Illuminate\Pipeline\Pipeline.php:180
#41 \app\Http\Middleware\Authenticate.php:35
#42 \vendor\laravel\framework\src\Illuminate\Pipeline\Pipeline.php:180
#43 \vendor\laravel\framework\src\Illuminate\Foundation\Http\Middleware\VerifyCsrfToken.php:78
#44 \vendor\laravel\framework\src\Illuminate\Pipeline\Pipeline.php:180
#45 \vendor\laravel\framework\src\Illuminate\View\Middleware\ShareErrorsFromSession.php:49
#46 \vendor\laravel\framework\src\Illuminate\Pipeline\Pipeline.php:180
#47 \vendor\laravel\framework\src\Illuminate\Session\Middleware\StartSession.php:121
#48 \vendor\laravel\framework\src\Illuminate\Session\Middleware\StartSession.php:64
#49 \vendor\laravel\framework\src\Illuminate\Pipeline\Pipeline.php:180
  
[2025-07-01 20:28:32] production.INFO: Detected N+1 Query  
[2025-07-01 20:28:32] production.INFO: Model: App\Models\LivraisonInfo
Relation: App\Models\Magasin
Num-Called: 2
Call-Stack:
#18 \app\Http\Controllers\Manager\LivraisonController.php:487
#19 \app\Http\Controllers\Manager\LivraisonController.php:364
#20 \vendor\laravel\framework\src\Illuminate\Routing\Controller.php:54
#21 \vendor\laravel\framework\src\Illuminate\Routing\ControllerDispatcher.php:43
#22 \vendor\laravel\framework\src\Illuminate\Routing\Route.php:259
#23 \vendor\laravel\framework\src\Illuminate\Routing\Route.php:205
#24 \vendor\laravel\framework\src\Illuminate\Routing\Router.php:798
#25 \vendor\laravel\framework\src\Illuminate\Pipeline\Pipeline.php:141
#26 \app\Http\Middleware\Manager.php:20
#27 \vendor\laravel\framework\src\Illuminate\Pipeline\Pipeline.php:180
#28 \app\Http\Middleware\CheckStatus.php:22
#29 \vendor\laravel\framework\src\Illuminate\Pipeline\Pipeline.php:180
#30 \app\Http\Middleware\MaintenanceMode.php:25
#31 \vendor\laravel\framework\src\Illuminate\Pipeline\Pipeline.php:180
#32 \vendor\laravel\framework\src\Illuminate\Routing\Middleware\SubstituteBindings.php:50
#33 \vendor\laravel\framework\src\Illuminate\Pipeline\Pipeline.php:180
#34 \app\Http\Middleware\Authenticate.php:35
#35 \vendor\laravel\framework\src\Illuminate\Pipeline\Pipeline.php:180
#36 \vendor\laravel\framework\src\Illuminate\Foundation\Http\Middleware\VerifyCsrfToken.php:78
#37 \vendor\laravel\framework\src\Illuminate\Pipeline\Pipeline.php:180
#38 \vendor\laravel\framework\src\Illuminate\View\Middleware\ShareErrorsFromSession.php:49
#39 \vendor\laravel\framework\src\Illuminate\Pipeline\Pipeline.php:180
#40 \vendor\laravel\framework\src\Illuminate\Session\Middleware\StartSession.php:121
#41 \vendor\laravel\framework\src\Illuminate\Session\Middleware\StartSession.php:64
#42 \vendor\laravel\framework\src\Illuminate\Pipeline\Pipeline.php:180
#43 \vendor\laravel\framework\src\Illuminate\Cookie\Middleware\AddQueuedCookiesToResponse.php:37
#44 \vendor\laravel\framework\src\Illuminate\Pipeline\Pipeline.php:180
#45 \vendor\laravel\framework\src\Illuminate\Cookie\Middleware\EncryptCookies.php:67
#46 \vendor\laravel\framework\src\Illuminate\Pipeline\Pipeline.php:180
#47 \vendor\laramin\utility\src\Utility.php:14
#48 \vendor\laravel\framework\src\Illuminate\Pipeline\Pipeline.php:180
#49 \vendor\laravel\framework\src\Illuminate\Pipeline\Pipeline.php:116
  
[2025-07-01 20:28:32] production.INFO: Model: App\Models\LivraisonInfo
Relation: App\Models\User
Num-Called: 2
Call-Stack:
#18 \app\Http\Controllers\Manager\LivraisonController.php:487
#19 \app\Http\Controllers\Manager\LivraisonController.php:364
#20 \vendor\laravel\framework\src\Illuminate\Routing\Controller.php:54
#21 \vendor\laravel\framework\src\Illuminate\Routing\ControllerDispatcher.php:43
#22 \vendor\laravel\framework\src\Illuminate\Routing\Route.php:259
#23 \vendor\laravel\framework\src\Illuminate\Routing\Route.php:205
#24 \vendor\laravel\framework\src\Illuminate\Routing\Router.php:798
#25 \vendor\laravel\framework\src\Illuminate\Pipeline\Pipeline.php:141
#26 \app\Http\Middleware\Manager.php:20
#27 \vendor\laravel\framework\src\Illuminate\Pipeline\Pipeline.php:180
#28 \app\Http\Middleware\CheckStatus.php:22
#29 \vendor\laravel\framework\src\Illuminate\Pipeline\Pipeline.php:180
#30 \app\Http\Middleware\MaintenanceMode.php:25
#31 \vendor\laravel\framework\src\Illuminate\Pipeline\Pipeline.php:180
#32 \vendor\laravel\framework\src\Illuminate\Routing\Middleware\SubstituteBindings.php:50
#33 \vendor\laravel\framework\src\Illuminate\Pipeline\Pipeline.php:180
#34 \app\Http\Middleware\Authenticate.php:35
#35 \vendor\laravel\framework\src\Illuminate\Pipeline\Pipeline.php:180
#36 \vendor\laravel\framework\src\Illuminate\Foundation\Http\Middleware\VerifyCsrfToken.php:78
#37 \vendor\laravel\framework\src\Illuminate\Pipeline\Pipeline.php:180
#38 \vendor\laravel\framework\src\Illuminate\View\Middleware\ShareErrorsFromSession.php:49
#39 \vendor\laravel\framework\src\Illuminate\Pipeline\Pipeline.php:180
#40 \vendor\laravel\framework\src\Illuminate\Session\Middleware\StartSession.php:121
#41 \vendor\laravel\framework\src\Illuminate\Session\Middleware\StartSession.php:64
#42 \vendor\laravel\framework\src\Illuminate\Pipeline\Pipeline.php:180
#43 \vendor\laravel\framework\src\Illuminate\Cookie\Middleware\AddQueuedCookiesToResponse.php:37
#44 \vendor\laravel\framework\src\Illuminate\Pipeline\Pipeline.php:180
#45 \vendor\laravel\framework\src\Illuminate\Cookie\Middleware\EncryptCookies.php:67
#46 \vendor\laravel\framework\src\Illuminate\Pipeline\Pipeline.php:180
#47 \vendor\laramin\utility\src\Utility.php:14
#48 \vendor\laravel\framework\src\Illuminate\Pipeline\Pipeline.php:180
#49 \vendor\laravel\framework\src\Illuminate\Pipeline\Pipeline.php:116
  
[2025-07-01 20:28:32] production.INFO: Model: App\Models\LivraisonInfo
Relation: App\Models\LivraisonPayment
Num-Called: 2
Call-Stack:
#18 \app\Http\Controllers\Manager\LivraisonController.php:487
#19 \app\Http\Controllers\Manager\LivraisonController.php:364
#20 \vendor\laravel\framework\src\Illuminate\Routing\Controller.php:54
#21 \vendor\laravel\framework\src\Illuminate\Routing\ControllerDispatcher.php:43
#22 \vendor\laravel\framework\src\Illuminate\Routing\Route.php:259
#23 \vendor\laravel\framework\src\Illuminate\Routing\Route.php:205
#24 \vendor\laravel\framework\src\Illuminate\Routing\Router.php:798
#25 \vendor\laravel\framework\src\Illuminate\Pipeline\Pipeline.php:141
#26 \app\Http\Middleware\Manager.php:20
#27 \vendor\laravel\framework\src\Illuminate\Pipeline\Pipeline.php:180
#28 \app\Http\Middleware\CheckStatus.php:22
#29 \vendor\laravel\framework\src\Illuminate\Pipeline\Pipeline.php:180
#30 \app\Http\Middleware\MaintenanceMode.php:25
#31 \vendor\laravel\framework\src\Illuminate\Pipeline\Pipeline.php:180
#32 \vendor\laravel\framework\src\Illuminate\Routing\Middleware\SubstituteBindings.php:50
#33 \vendor\laravel\framework\src\Illuminate\Pipeline\Pipeline.php:180
#34 \app\Http\Middleware\Authenticate.php:35
#35 \vendor\laravel\framework\src\Illuminate\Pipeline\Pipeline.php:180
#36 \vendor\laravel\framework\src\Illuminate\Foundation\Http\Middleware\VerifyCsrfToken.php:78
#37 \vendor\laravel\framework\src\Illuminate\Pipeline\Pipeline.php:180
#38 \vendor\laravel\framework\src\Illuminate\View\Middleware\ShareErrorsFromSession.php:49
#39 \vendor\laravel\framework\src\Illuminate\Pipeline\Pipeline.php:180
#40 \vendor\laravel\framework\src\Illuminate\Session\Middleware\StartSession.php:121
#41 \vendor\laravel\framework\src\Illuminate\Session\Middleware\StartSession.php:64
#42 \vendor\laravel\framework\src\Illuminate\Pipeline\Pipeline.php:180
#43 \vendor\laravel\framework\src\Illuminate\Cookie\Middleware\AddQueuedCookiesToResponse.php:37
#44 \vendor\laravel\framework\src\Illuminate\Pipeline\Pipeline.php:180
#45 \vendor\laravel\framework\src\Illuminate\Cookie\Middleware\EncryptCookies.php:67
#46 \vendor\laravel\framework\src\Illuminate\Pipeline\Pipeline.php:180
#47 \vendor\laramin\utility\src\Utility.php:14
#48 \vendor\laravel\framework\src\Illuminate\Pipeline\Pipeline.php:180
#49 \vendor\laravel\framework\src\Illuminate\Pipeline\Pipeline.php:116
  
[2025-07-01 20:28:32] production.INFO: Model: App\Models\LivraisonInfo
Relation: receiverClient
Num-Called: 20
Call-Stack:
#19 \storage\framework\views\c83bffe0beadbcdee19a3637ff571b3fb5247ee4.php:76
#21 \vendor\laravel\framework\src\Illuminate\Filesystem\Filesystem.php:110
#22 \vendor\laravel\framework\src\Illuminate\View\Engines\PhpEngine.php:58
#23 \vendor\laravel\framework\src\Illuminate\View\Engines\CompilerEngine.php:70
#24 \vendor\laravel\framework\src\Illuminate\View\View.php:195
#25 \vendor\laravel\framework\src\Illuminate\View\View.php:178
#26 \vendor\laravel\framework\src\Illuminate\View\View.php:147
#27 \vendor\laravel\framework\src\Illuminate\Http\Response.php:69
#28 \vendor\laravel\framework\src\Illuminate\Http\Response.php:35
#29 \vendor\laravel\framework\src\Illuminate\Routing\Router.php:906
#30 \vendor\laravel\framework\src\Illuminate\Routing\Router.php:875
#31 \vendor\laravel\framework\src\Illuminate\Routing\Router.php:797
#32 \vendor\laravel\framework\src\Illuminate\Pipeline\Pipeline.php:141
#33 \app\Http\Middleware\Manager.php:20
#34 \vendor\laravel\framework\src\Illuminate\Pipeline\Pipeline.php:180
#35 \app\Http\Middleware\CheckStatus.php:22
#36 \vendor\laravel\framework\src\Illuminate\Pipeline\Pipeline.php:180
#37 \app\Http\Middleware\MaintenanceMode.php:25
#38 \vendor\laravel\framework\src\Illuminate\Pipeline\Pipeline.php:180
#39 \vendor\laravel\framework\src\Illuminate\Routing\Middleware\SubstituteBindings.php:50
#40 \vendor\laravel\framework\src\Illuminate\Pipeline\Pipeline.php:180
#41 \app\Http\Middleware\Authenticate.php:35
#42 \vendor\laravel\framework\src\Illuminate\Pipeline\Pipeline.php:180
#43 \vendor\laravel\framework\src\Illuminate\Foundation\Http\Middleware\VerifyCsrfToken.php:78
#44 \vendor\laravel\framework\src\Illuminate\Pipeline\Pipeline.php:180
#45 \vendor\laravel\framework\src\Illuminate\View\Middleware\ShareErrorsFromSession.php:49
#46 \vendor\laravel\framework\src\Illuminate\Pipeline\Pipeline.php:180
#47 \vendor\laravel\framework\src\Illuminate\Session\Middleware\StartSession.php:121
#48 \vendor\laravel\framework\src\Illuminate\Session\Middleware\StartSession.php:64
#49 \vendor\laravel\framework\src\Illuminate\Pipeline\Pipeline.php:180
  
[2025-07-01 20:30:26] production.INFO: Detected N+1 Query  
[2025-07-01 20:30:26] production.INFO: Model: App\Models\LivraisonInfo
Relation: App\Models\Magasin
Num-Called: 2
Call-Stack:
#18 \app\Http\Controllers\Manager\LivraisonController.php:379
#19 \vendor\laravel\framework\src\Illuminate\Routing\Controller.php:54
#20 \vendor\laravel\framework\src\Illuminate\Routing\ControllerDispatcher.php:43
#21 \vendor\laravel\framework\src\Illuminate\Routing\Route.php:259
#22 \vendor\laravel\framework\src\Illuminate\Routing\Route.php:205
#23 \vendor\laravel\framework\src\Illuminate\Routing\Router.php:798
#24 \vendor\laravel\framework\src\Illuminate\Pipeline\Pipeline.php:141
#25 \app\Http\Middleware\Manager.php:20
#26 \vendor\laravel\framework\src\Illuminate\Pipeline\Pipeline.php:180
#27 \app\Http\Middleware\CheckStatus.php:22
#28 \vendor\laravel\framework\src\Illuminate\Pipeline\Pipeline.php:180
#29 \app\Http\Middleware\MaintenanceMode.php:25
#30 \vendor\laravel\framework\src\Illuminate\Pipeline\Pipeline.php:180
#31 \vendor\laravel\framework\src\Illuminate\Routing\Middleware\SubstituteBindings.php:50
#32 \vendor\laravel\framework\src\Illuminate\Pipeline\Pipeline.php:180
#33 \app\Http\Middleware\Authenticate.php:35
#34 \vendor\laravel\framework\src\Illuminate\Pipeline\Pipeline.php:180
#35 \vendor\laravel\framework\src\Illuminate\Foundation\Http\Middleware\VerifyCsrfToken.php:78
#36 \vendor\laravel\framework\src\Illuminate\Pipeline\Pipeline.php:180
#37 \vendor\laravel\framework\src\Illuminate\View\Middleware\ShareErrorsFromSession.php:49
#38 \vendor\laravel\framework\src\Illuminate\Pipeline\Pipeline.php:180
#39 \vendor\laravel\framework\src\Illuminate\Session\Middleware\StartSession.php:121
#40 \vendor\laravel\framework\src\Illuminate\Session\Middleware\StartSession.php:64
#41 \vendor\laravel\framework\src\Illuminate\Pipeline\Pipeline.php:180
#42 \vendor\laravel\framework\src\Illuminate\Cookie\Middleware\AddQueuedCookiesToResponse.php:37
#43 \vendor\laravel\framework\src\Illuminate\Pipeline\Pipeline.php:180
#44 \vendor\laravel\framework\src\Illuminate\Cookie\Middleware\EncryptCookies.php:67
#45 \vendor\laravel\framework\src\Illuminate\Pipeline\Pipeline.php:180
#46 \vendor\laramin\utility\src\Utility.php:14
#47 \vendor\laravel\framework\src\Illuminate\Pipeline\Pipeline.php:180
#48 \vendor\laravel\framework\src\Illuminate\Pipeline\Pipeline.php:116
#49 \vendor\laravel\framework\src\Illuminate\Routing\Router.php:797
  
[2025-07-01 20:30:26] production.INFO: Model: App\Models\LivraisonInfo
Relation: App\Models\LivraisonPayment
Num-Called: 2
Call-Stack:
#18 \app\Http\Controllers\Manager\LivraisonController.php:379
#19 \vendor\laravel\framework\src\Illuminate\Routing\Controller.php:54
#20 \vendor\laravel\framework\src\Illuminate\Routing\ControllerDispatcher.php:43
#21 \vendor\laravel\framework\src\Illuminate\Routing\Route.php:259
#22 \vendor\laravel\framework\src\Illuminate\Routing\Route.php:205
#23 \vendor\laravel\framework\src\Illuminate\Routing\Router.php:798
#24 \vendor\laravel\framework\src\Illuminate\Pipeline\Pipeline.php:141
#25 \app\Http\Middleware\Manager.php:20
#26 \vendor\laravel\framework\src\Illuminate\Pipeline\Pipeline.php:180
#27 \app\Http\Middleware\CheckStatus.php:22
#28 \vendor\laravel\framework\src\Illuminate\Pipeline\Pipeline.php:180
#29 \app\Http\Middleware\MaintenanceMode.php:25
#30 \vendor\laravel\framework\src\Illuminate\Pipeline\Pipeline.php:180
#31 \vendor\laravel\framework\src\Illuminate\Routing\Middleware\SubstituteBindings.php:50
#32 \vendor\laravel\framework\src\Illuminate\Pipeline\Pipeline.php:180
#33 \app\Http\Middleware\Authenticate.php:35
#34 \vendor\laravel\framework\src\Illuminate\Pipeline\Pipeline.php:180
#35 \vendor\laravel\framework\src\Illuminate\Foundation\Http\Middleware\VerifyCsrfToken.php:78
#36 \vendor\laravel\framework\src\Illuminate\Pipeline\Pipeline.php:180
#37 \vendor\laravel\framework\src\Illuminate\View\Middleware\ShareErrorsFromSession.php:49
#38 \vendor\laravel\framework\src\Illuminate\Pipeline\Pipeline.php:180
#39 \vendor\laravel\framework\src\Illuminate\Session\Middleware\StartSession.php:121
#40 \vendor\laravel\framework\src\Illuminate\Session\Middleware\StartSession.php:64
#41 \vendor\laravel\framework\src\Illuminate\Pipeline\Pipeline.php:180
#42 \vendor\laravel\framework\src\Illuminate\Cookie\Middleware\AddQueuedCookiesToResponse.php:37
#43 \vendor\laravel\framework\src\Illuminate\Pipeline\Pipeline.php:180
#44 \vendor\laravel\framework\src\Illuminate\Cookie\Middleware\EncryptCookies.php:67
#45 \vendor\laravel\framework\src\Illuminate\Pipeline\Pipeline.php:180
#46 \vendor\laramin\utility\src\Utility.php:14
#47 \vendor\laravel\framework\src\Illuminate\Pipeline\Pipeline.php:180
#48 \vendor\laravel\framework\src\Illuminate\Pipeline\Pipeline.php:116
#49 \vendor\laravel\framework\src\Illuminate\Routing\Router.php:797
  
[2025-07-01 20:31:40] production.INFO: Detected N+1 Query  
[2025-07-01 20:31:40] production.INFO: Model: App\Models\LivraisonInfo
Relation: App\Models\Magasin
Num-Called: 2
Call-Stack:
#18 \app\Http\Controllers\Manager\LivraisonController.php:379
#19 \vendor\laravel\framework\src\Illuminate\Routing\Controller.php:54
#20 \vendor\laravel\framework\src\Illuminate\Routing\ControllerDispatcher.php:43
#21 \vendor\laravel\framework\src\Illuminate\Routing\Route.php:259
#22 \vendor\laravel\framework\src\Illuminate\Routing\Route.php:205
#23 \vendor\laravel\framework\src\Illuminate\Routing\Router.php:798
#24 \vendor\laravel\framework\src\Illuminate\Pipeline\Pipeline.php:141
#25 \app\Http\Middleware\Manager.php:20
#26 \vendor\laravel\framework\src\Illuminate\Pipeline\Pipeline.php:180
#27 \app\Http\Middleware\CheckStatus.php:22
#28 \vendor\laravel\framework\src\Illuminate\Pipeline\Pipeline.php:180
#29 \app\Http\Middleware\MaintenanceMode.php:25
#30 \vendor\laravel\framework\src\Illuminate\Pipeline\Pipeline.php:180
#31 \vendor\laravel\framework\src\Illuminate\Routing\Middleware\SubstituteBindings.php:50
#32 \vendor\laravel\framework\src\Illuminate\Pipeline\Pipeline.php:180
#33 \app\Http\Middleware\Authenticate.php:35
#34 \vendor\laravel\framework\src\Illuminate\Pipeline\Pipeline.php:180
#35 \vendor\laravel\framework\src\Illuminate\Foundation\Http\Middleware\VerifyCsrfToken.php:78
#36 \vendor\laravel\framework\src\Illuminate\Pipeline\Pipeline.php:180
#37 \vendor\laravel\framework\src\Illuminate\View\Middleware\ShareErrorsFromSession.php:49
#38 \vendor\laravel\framework\src\Illuminate\Pipeline\Pipeline.php:180
#39 \vendor\laravel\framework\src\Illuminate\Session\Middleware\StartSession.php:121
#40 \vendor\laravel\framework\src\Illuminate\Session\Middleware\StartSession.php:64
#41 \vendor\laravel\framework\src\Illuminate\Pipeline\Pipeline.php:180
#42 \vendor\laravel\framework\src\Illuminate\Cookie\Middleware\AddQueuedCookiesToResponse.php:37
#43 \vendor\laravel\framework\src\Illuminate\Pipeline\Pipeline.php:180
#44 \vendor\laravel\framework\src\Illuminate\Cookie\Middleware\EncryptCookies.php:67
#45 \vendor\laravel\framework\src\Illuminate\Pipeline\Pipeline.php:180
#46 \vendor\laramin\utility\src\Utility.php:14
#47 \vendor\laravel\framework\src\Illuminate\Pipeline\Pipeline.php:180
#48 \vendor\laravel\framework\src\Illuminate\Pipeline\Pipeline.php:116
#49 \vendor\laravel\framework\src\Illuminate\Routing\Router.php:797
  
[2025-07-01 20:31:40] production.INFO: Model: App\Models\LivraisonInfo
Relation: App\Models\LivraisonPayment
Num-Called: 2
Call-Stack:
#18 \app\Http\Controllers\Manager\LivraisonController.php:379
#19 \vendor\laravel\framework\src\Illuminate\Routing\Controller.php:54
#20 \vendor\laravel\framework\src\Illuminate\Routing\ControllerDispatcher.php:43
#21 \vendor\laravel\framework\src\Illuminate\Routing\Route.php:259
#22 \vendor\laravel\framework\src\Illuminate\Routing\Route.php:205
#23 \vendor\laravel\framework\src\Illuminate\Routing\Router.php:798
#24 \vendor\laravel\framework\src\Illuminate\Pipeline\Pipeline.php:141
#25 \app\Http\Middleware\Manager.php:20
#26 \vendor\laravel\framework\src\Illuminate\Pipeline\Pipeline.php:180
#27 \app\Http\Middleware\CheckStatus.php:22
#28 \vendor\laravel\framework\src\Illuminate\Pipeline\Pipeline.php:180
#29 \app\Http\Middleware\MaintenanceMode.php:25
#30 \vendor\laravel\framework\src\Illuminate\Pipeline\Pipeline.php:180
#31 \vendor\laravel\framework\src\Illuminate\Routing\Middleware\SubstituteBindings.php:50
#32 \vendor\laravel\framework\src\Illuminate\Pipeline\Pipeline.php:180
#33 \app\Http\Middleware\Authenticate.php:35
#34 \vendor\laravel\framework\src\Illuminate\Pipeline\Pipeline.php:180
#35 \vendor\laravel\framework\src\Illuminate\Foundation\Http\Middleware\VerifyCsrfToken.php:78
#36 \vendor\laravel\framework\src\Illuminate\Pipeline\Pipeline.php:180
#37 \vendor\laravel\framework\src\Illuminate\View\Middleware\ShareErrorsFromSession.php:49
#38 \vendor\laravel\framework\src\Illuminate\Pipeline\Pipeline.php:180
#39 \vendor\laravel\framework\src\Illuminate\Session\Middleware\StartSession.php:121
#40 \vendor\laravel\framework\src\Illuminate\Session\Middleware\StartSession.php:64
#41 \vendor\laravel\framework\src\Illuminate\Pipeline\Pipeline.php:180
#42 \vendor\laravel\framework\src\Illuminate\Cookie\Middleware\AddQueuedCookiesToResponse.php:37
#43 \vendor\laravel\framework\src\Illuminate\Pipeline\Pipeline.php:180
#44 \vendor\laravel\framework\src\Illuminate\Cookie\Middleware\EncryptCookies.php:67
#45 \vendor\laravel\framework\src\Illuminate\Pipeline\Pipeline.php:180
#46 \vendor\laramin\utility\src\Utility.php:14
#47 \vendor\laravel\framework\src\Illuminate\Pipeline\Pipeline.php:180
#48 \vendor\laravel\framework\src\Illuminate\Pipeline\Pipeline.php:116
#49 \vendor\laravel\framework\src\Illuminate\Routing\Router.php:797
  
[2025-07-01 20:33:47] production.INFO: Detected N+1 Query  
[2025-07-01 20:33:47] production.INFO: Model: App\Models\LivraisonInfo
Relation: App\Models\Magasin
Num-Called: 4
Call-Stack:
#18 \app\Http\Controllers\Manager\ManagerController.php:48
#19 \app\Http\Controllers\Manager\ManagerController.php:35
#20 \vendor\laravel\framework\src\Illuminate\Routing\Controller.php:54
#21 \vendor\laravel\framework\src\Illuminate\Routing\ControllerDispatcher.php:43
#22 \vendor\laravel\framework\src\Illuminate\Routing\Route.php:259
#23 \vendor\laravel\framework\src\Illuminate\Routing\Route.php:205
#24 \vendor\laravel\framework\src\Illuminate\Routing\Router.php:798
#25 \vendor\laravel\framework\src\Illuminate\Pipeline\Pipeline.php:141
#26 \app\Http\Middleware\Manager.php:20
#27 \vendor\laravel\framework\src\Illuminate\Pipeline\Pipeline.php:180
#28 \app\Http\Middleware\CheckStatus.php:22
#29 \vendor\laravel\framework\src\Illuminate\Pipeline\Pipeline.php:180
#30 \app\Http\Middleware\MaintenanceMode.php:25
#31 \vendor\laravel\framework\src\Illuminate\Pipeline\Pipeline.php:180
#32 \vendor\laravel\framework\src\Illuminate\Routing\Middleware\SubstituteBindings.php:50
#33 \vendor\laravel\framework\src\Illuminate\Pipeline\Pipeline.php:180
#34 \app\Http\Middleware\Authenticate.php:35
#35 \vendor\laravel\framework\src\Illuminate\Pipeline\Pipeline.php:180
#36 \vendor\laravel\framework\src\Illuminate\Foundation\Http\Middleware\VerifyCsrfToken.php:78
#37 \vendor\laravel\framework\src\Illuminate\Pipeline\Pipeline.php:180
#38 \vendor\laravel\framework\src\Illuminate\View\Middleware\ShareErrorsFromSession.php:49
#39 \vendor\laravel\framework\src\Illuminate\Pipeline\Pipeline.php:180
#40 \vendor\laravel\framework\src\Illuminate\Session\Middleware\StartSession.php:121
#41 \vendor\laravel\framework\src\Illuminate\Session\Middleware\StartSession.php:64
#42 \vendor\laravel\framework\src\Illuminate\Pipeline\Pipeline.php:180
#43 \vendor\laravel\framework\src\Illuminate\Cookie\Middleware\AddQueuedCookiesToResponse.php:37
#44 \vendor\laravel\framework\src\Illuminate\Pipeline\Pipeline.php:180
#45 \vendor\laravel\framework\src\Illuminate\Cookie\Middleware\EncryptCookies.php:67
#46 \vendor\laravel\framework\src\Illuminate\Pipeline\Pipeline.php:180
#47 \vendor\laramin\utility\src\Utility.php:14
#48 \vendor\laravel\framework\src\Illuminate\Pipeline\Pipeline.php:180
#49 \vendor\laravel\framework\src\Illuminate\Pipeline\Pipeline.php:116
  
[2025-07-01 20:36:04] production.INFO: Detected N+1 Query  
[2025-07-01 20:36:04] production.INFO: Model: App\Models\LivraisonInfo
Relation: App\Models\Magasin
Num-Called: 4
Call-Stack:
#18 \app\Http\Controllers\Manager\ManagerController.php:48
#19 \app\Http\Controllers\Manager\ManagerController.php:35
#20 \vendor\laravel\framework\src\Illuminate\Routing\Controller.php:54
#21 \vendor\laravel\framework\src\Illuminate\Routing\ControllerDispatcher.php:43
#22 \vendor\laravel\framework\src\Illuminate\Routing\Route.php:259
#23 \vendor\laravel\framework\src\Illuminate\Routing\Route.php:205
#24 \vendor\laravel\framework\src\Illuminate\Routing\Router.php:798
#25 \vendor\laravel\framework\src\Illuminate\Pipeline\Pipeline.php:141
#26 \app\Http\Middleware\Manager.php:20
#27 \vendor\laravel\framework\src\Illuminate\Pipeline\Pipeline.php:180
#28 \app\Http\Middleware\CheckStatus.php:22
#29 \vendor\laravel\framework\src\Illuminate\Pipeline\Pipeline.php:180
#30 \app\Http\Middleware\MaintenanceMode.php:25
#31 \vendor\laravel\framework\src\Illuminate\Pipeline\Pipeline.php:180
#32 \vendor\laravel\framework\src\Illuminate\Routing\Middleware\SubstituteBindings.php:50
#33 \vendor\laravel\framework\src\Illuminate\Pipeline\Pipeline.php:180
#34 \app\Http\Middleware\Authenticate.php:35
#35 \vendor\laravel\framework\src\Illuminate\Pipeline\Pipeline.php:180
#36 \vendor\laravel\framework\src\Illuminate\Foundation\Http\Middleware\VerifyCsrfToken.php:78
#37 \vendor\laravel\framework\src\Illuminate\Pipeline\Pipeline.php:180
#38 \vendor\laravel\framework\src\Illuminate\View\Middleware\ShareErrorsFromSession.php:49
#39 \vendor\laravel\framework\src\Illuminate\Pipeline\Pipeline.php:180
#40 \vendor\laravel\framework\src\Illuminate\Session\Middleware\StartSession.php:121
#41 \vendor\laravel\framework\src\Illuminate\Session\Middleware\StartSession.php:64
#42 \vendor\laravel\framework\src\Illuminate\Pipeline\Pipeline.php:180
#43 \vendor\laravel\framework\src\Illuminate\Cookie\Middleware\AddQueuedCookiesToResponse.php:37
#44 \vendor\laravel\framework\src\Illuminate\Pipeline\Pipeline.php:180
#45 \vendor\laravel\framework\src\Illuminate\Cookie\Middleware\EncryptCookies.php:67
#46 \vendor\laravel\framework\src\Illuminate\Pipeline\Pipeline.php:180
#47 \vendor\laramin\utility\src\Utility.php:14
#48 \vendor\laravel\framework\src\Illuminate\Pipeline\Pipeline.php:180
#49 \vendor\laravel\framework\src\Illuminate\Pipeline\Pipeline.php:116
  
[2025-07-01 20:36:14] production.INFO: Detected N+1 Query  
[2025-07-01 20:36:14] production.INFO: Model: App\Models\LivraisonInfo
Relation: App\Models\Magasin
Num-Called: 2
Call-Stack:
#18 \app\Http\Controllers\Manager\LivraisonController.php:487
#19 \app\Http\Controllers\Manager\LivraisonController.php:364
#20 \vendor\laravel\framework\src\Illuminate\Routing\Controller.php:54
#21 \vendor\laravel\framework\src\Illuminate\Routing\ControllerDispatcher.php:43
#22 \vendor\laravel\framework\src\Illuminate\Routing\Route.php:259
#23 \vendor\laravel\framework\src\Illuminate\Routing\Route.php:205
#24 \vendor\laravel\framework\src\Illuminate\Routing\Router.php:798
#25 \vendor\laravel\framework\src\Illuminate\Pipeline\Pipeline.php:141
#26 \app\Http\Middleware\Manager.php:20
#27 \vendor\laravel\framework\src\Illuminate\Pipeline\Pipeline.php:180
#28 \app\Http\Middleware\CheckStatus.php:22
#29 \vendor\laravel\framework\src\Illuminate\Pipeline\Pipeline.php:180
#30 \app\Http\Middleware\MaintenanceMode.php:25
#31 \vendor\laravel\framework\src\Illuminate\Pipeline\Pipeline.php:180
#32 \vendor\laravel\framework\src\Illuminate\Routing\Middleware\SubstituteBindings.php:50
#33 \vendor\laravel\framework\src\Illuminate\Pipeline\Pipeline.php:180
#34 \app\Http\Middleware\Authenticate.php:35
#35 \vendor\laravel\framework\src\Illuminate\Pipeline\Pipeline.php:180
#36 \vendor\laravel\framework\src\Illuminate\Foundation\Http\Middleware\VerifyCsrfToken.php:78
#37 \vendor\laravel\framework\src\Illuminate\Pipeline\Pipeline.php:180
#38 \vendor\laravel\framework\src\Illuminate\View\Middleware\ShareErrorsFromSession.php:49
#39 \vendor\laravel\framework\src\Illuminate\Pipeline\Pipeline.php:180
#40 \vendor\laravel\framework\src\Illuminate\Session\Middleware\StartSession.php:121
#41 \vendor\laravel\framework\src\Illuminate\Session\Middleware\StartSession.php:64
#42 \vendor\laravel\framework\src\Illuminate\Pipeline\Pipeline.php:180
#43 \vendor\laravel\framework\src\Illuminate\Cookie\Middleware\AddQueuedCookiesToResponse.php:37
#44 \vendor\laravel\framework\src\Illuminate\Pipeline\Pipeline.php:180
#45 \vendor\laravel\framework\src\Illuminate\Cookie\Middleware\EncryptCookies.php:67
#46 \vendor\laravel\framework\src\Illuminate\Pipeline\Pipeline.php:180
#47 \vendor\laramin\utility\src\Utility.php:14
#48 \vendor\laravel\framework\src\Illuminate\Pipeline\Pipeline.php:180
#49 \vendor\laravel\framework\src\Illuminate\Pipeline\Pipeline.php:116
  
[2025-07-01 20:36:14] production.INFO: Model: App\Models\LivraisonInfo
Relation: App\Models\User
Num-Called: 2
Call-Stack:
#18 \app\Http\Controllers\Manager\LivraisonController.php:487
#19 \app\Http\Controllers\Manager\LivraisonController.php:364
#20 \vendor\laravel\framework\src\Illuminate\Routing\Controller.php:54
#21 \vendor\laravel\framework\src\Illuminate\Routing\ControllerDispatcher.php:43
#22 \vendor\laravel\framework\src\Illuminate\Routing\Route.php:259
#23 \vendor\laravel\framework\src\Illuminate\Routing\Route.php:205
#24 \vendor\laravel\framework\src\Illuminate\Routing\Router.php:798
#25 \vendor\laravel\framework\src\Illuminate\Pipeline\Pipeline.php:141
#26 \app\Http\Middleware\Manager.php:20
#27 \vendor\laravel\framework\src\Illuminate\Pipeline\Pipeline.php:180
#28 \app\Http\Middleware\CheckStatus.php:22
#29 \vendor\laravel\framework\src\Illuminate\Pipeline\Pipeline.php:180
#30 \app\Http\Middleware\MaintenanceMode.php:25
#31 \vendor\laravel\framework\src\Illuminate\Pipeline\Pipeline.php:180
#32 \vendor\laravel\framework\src\Illuminate\Routing\Middleware\SubstituteBindings.php:50
#33 \vendor\laravel\framework\src\Illuminate\Pipeline\Pipeline.php:180
#34 \app\Http\Middleware\Authenticate.php:35
#35 \vendor\laravel\framework\src\Illuminate\Pipeline\Pipeline.php:180
#36 \vendor\laravel\framework\src\Illuminate\Foundation\Http\Middleware\VerifyCsrfToken.php:78
#37 \vendor\laravel\framework\src\Illuminate\Pipeline\Pipeline.php:180
#38 \vendor\laravel\framework\src\Illuminate\View\Middleware\ShareErrorsFromSession.php:49
#39 \vendor\laravel\framework\src\Illuminate\Pipeline\Pipeline.php:180
#40 \vendor\laravel\framework\src\Illuminate\Session\Middleware\StartSession.php:121
#41 \vendor\laravel\framework\src\Illuminate\Session\Middleware\StartSession.php:64
#42 \vendor\laravel\framework\src\Illuminate\Pipeline\Pipeline.php:180
#43 \vendor\laravel\framework\src\Illuminate\Cookie\Middleware\AddQueuedCookiesToResponse.php:37
#44 \vendor\laravel\framework\src\Illuminate\Pipeline\Pipeline.php:180
#45 \vendor\laravel\framework\src\Illuminate\Cookie\Middleware\EncryptCookies.php:67
#46 \vendor\laravel\framework\src\Illuminate\Pipeline\Pipeline.php:180
#47 \vendor\laramin\utility\src\Utility.php:14
#48 \vendor\laravel\framework\src\Illuminate\Pipeline\Pipeline.php:180
#49 \vendor\laravel\framework\src\Illuminate\Pipeline\Pipeline.php:116
  
[2025-07-01 20:36:14] production.INFO: Model: App\Models\LivraisonInfo
Relation: App\Models\LivraisonPayment
Num-Called: 2
Call-Stack:
#18 \app\Http\Controllers\Manager\LivraisonController.php:487
#19 \app\Http\Controllers\Manager\LivraisonController.php:364
#20 \vendor\laravel\framework\src\Illuminate\Routing\Controller.php:54
#21 \vendor\laravel\framework\src\Illuminate\Routing\ControllerDispatcher.php:43
#22 \vendor\laravel\framework\src\Illuminate\Routing\Route.php:259
#23 \vendor\laravel\framework\src\Illuminate\Routing\Route.php:205
#24 \vendor\laravel\framework\src\Illuminate\Routing\Router.php:798
#25 \vendor\laravel\framework\src\Illuminate\Pipeline\Pipeline.php:141
#26 \app\Http\Middleware\Manager.php:20
#27 \vendor\laravel\framework\src\Illuminate\Pipeline\Pipeline.php:180
#28 \app\Http\Middleware\CheckStatus.php:22
#29 \vendor\laravel\framework\src\Illuminate\Pipeline\Pipeline.php:180
#30 \app\Http\Middleware\MaintenanceMode.php:25
#31 \vendor\laravel\framework\src\Illuminate\Pipeline\Pipeline.php:180
#32 \vendor\laravel\framework\src\Illuminate\Routing\Middleware\SubstituteBindings.php:50
#33 \vendor\laravel\framework\src\Illuminate\Pipeline\Pipeline.php:180
#34 \app\Http\Middleware\Authenticate.php:35
#35 \vendor\laravel\framework\src\Illuminate\Pipeline\Pipeline.php:180
#36 \vendor\laravel\framework\src\Illuminate\Foundation\Http\Middleware\VerifyCsrfToken.php:78
#37 \vendor\laravel\framework\src\Illuminate\Pipeline\Pipeline.php:180
#38 \vendor\laravel\framework\src\Illuminate\View\Middleware\ShareErrorsFromSession.php:49
#39 \vendor\laravel\framework\src\Illuminate\Pipeline\Pipeline.php:180
#40 \vendor\laravel\framework\src\Illuminate\Session\Middleware\StartSession.php:121
#41 \vendor\laravel\framework\src\Illuminate\Session\Middleware\StartSession.php:64
#42 \vendor\laravel\framework\src\Illuminate\Pipeline\Pipeline.php:180
#43 \vendor\laravel\framework\src\Illuminate\Cookie\Middleware\AddQueuedCookiesToResponse.php:37
#44 \vendor\laravel\framework\src\Illuminate\Pipeline\Pipeline.php:180
#45 \vendor\laravel\framework\src\Illuminate\Cookie\Middleware\EncryptCookies.php:67
#46 \vendor\laravel\framework\src\Illuminate\Pipeline\Pipeline.php:180
#47 \vendor\laramin\utility\src\Utility.php:14
#48 \vendor\laravel\framework\src\Illuminate\Pipeline\Pipeline.php:180
#49 \vendor\laravel\framework\src\Illuminate\Pipeline\Pipeline.php:116
  
[2025-07-01 20:36:14] production.INFO: Model: App\Models\LivraisonInfo
Relation: receiverClient
Num-Called: 20
Call-Stack:
#19 \storage\framework\views\c83bffe0beadbcdee19a3637ff571b3fb5247ee4.php:76
#21 \vendor\laravel\framework\src\Illuminate\Filesystem\Filesystem.php:110
#22 \vendor\laravel\framework\src\Illuminate\View\Engines\PhpEngine.php:58
#23 \vendor\laravel\framework\src\Illuminate\View\Engines\CompilerEngine.php:70
#24 \vendor\laravel\framework\src\Illuminate\View\View.php:195
#25 \vendor\laravel\framework\src\Illuminate\View\View.php:178
#26 \vendor\laravel\framework\src\Illuminate\View\View.php:147
#27 \vendor\laravel\framework\src\Illuminate\Http\Response.php:69
#28 \vendor\laravel\framework\src\Illuminate\Http\Response.php:35
#29 \vendor\laravel\framework\src\Illuminate\Routing\Router.php:906
#30 \vendor\laravel\framework\src\Illuminate\Routing\Router.php:875
#31 \vendor\laravel\framework\src\Illuminate\Routing\Router.php:797
#32 \vendor\laravel\framework\src\Illuminate\Pipeline\Pipeline.php:141
#33 \app\Http\Middleware\Manager.php:20
#34 \vendor\laravel\framework\src\Illuminate\Pipeline\Pipeline.php:180
#35 \app\Http\Middleware\CheckStatus.php:22
#36 \vendor\laravel\framework\src\Illuminate\Pipeline\Pipeline.php:180
#37 \app\Http\Middleware\MaintenanceMode.php:25
#38 \vendor\laravel\framework\src\Illuminate\Pipeline\Pipeline.php:180
#39 \vendor\laravel\framework\src\Illuminate\Routing\Middleware\SubstituteBindings.php:50
#40 \vendor\laravel\framework\src\Illuminate\Pipeline\Pipeline.php:180
#41 \app\Http\Middleware\Authenticate.php:35
#42 \vendor\laravel\framework\src\Illuminate\Pipeline\Pipeline.php:180
#43 \vendor\laravel\framework\src\Illuminate\Foundation\Http\Middleware\VerifyCsrfToken.php:78
#44 \vendor\laravel\framework\src\Illuminate\Pipeline\Pipeline.php:180
#45 \vendor\laravel\framework\src\Illuminate\View\Middleware\ShareErrorsFromSession.php:49
#46 \vendor\laravel\framework\src\Illuminate\Pipeline\Pipeline.php:180
#47 \vendor\laravel\framework\src\Illuminate\Session\Middleware\StartSession.php:121
#48 \vendor\laravel\framework\src\Illuminate\Session\Middleware\StartSession.php:64
#49 \vendor\laravel\framework\src\Illuminate\Pipeline\Pipeline.php:180
  
[2025-07-01 20:36:19] production.INFO: Detected N+1 Query  
[2025-07-01 20:36:19] production.INFO: Model: App\Models\LivraisonInfo
Relation: App\Models\Magasin
Num-Called: 2
Call-Stack:
#18 \app\Http\Controllers\Manager\LivraisonController.php:487
#19 \app\Http\Controllers\Manager\LivraisonController.php:364
#20 \vendor\laravel\framework\src\Illuminate\Routing\Controller.php:54
#21 \vendor\laravel\framework\src\Illuminate\Routing\ControllerDispatcher.php:43
#22 \vendor\laravel\framework\src\Illuminate\Routing\Route.php:259
#23 \vendor\laravel\framework\src\Illuminate\Routing\Route.php:205
#24 \vendor\laravel\framework\src\Illuminate\Routing\Router.php:798
#25 \vendor\laravel\framework\src\Illuminate\Pipeline\Pipeline.php:141
#26 \app\Http\Middleware\Manager.php:20
#27 \vendor\laravel\framework\src\Illuminate\Pipeline\Pipeline.php:180
#28 \app\Http\Middleware\CheckStatus.php:22
#29 \vendor\laravel\framework\src\Illuminate\Pipeline\Pipeline.php:180
#30 \app\Http\Middleware\MaintenanceMode.php:25
#31 \vendor\laravel\framework\src\Illuminate\Pipeline\Pipeline.php:180
#32 \vendor\laravel\framework\src\Illuminate\Routing\Middleware\SubstituteBindings.php:50
#33 \vendor\laravel\framework\src\Illuminate\Pipeline\Pipeline.php:180
#34 \app\Http\Middleware\Authenticate.php:35
#35 \vendor\laravel\framework\src\Illuminate\Pipeline\Pipeline.php:180
#36 \vendor\laravel\framework\src\Illuminate\Foundation\Http\Middleware\VerifyCsrfToken.php:78
#37 \vendor\laravel\framework\src\Illuminate\Pipeline\Pipeline.php:180
#38 \vendor\laravel\framework\src\Illuminate\View\Middleware\ShareErrorsFromSession.php:49
#39 \vendor\laravel\framework\src\Illuminate\Pipeline\Pipeline.php:180
#40 \vendor\laravel\framework\src\Illuminate\Session\Middleware\StartSession.php:121
#41 \vendor\laravel\framework\src\Illuminate\Session\Middleware\StartSession.php:64
#42 \vendor\laravel\framework\src\Illuminate\Pipeline\Pipeline.php:180
#43 \vendor\laravel\framework\src\Illuminate\Cookie\Middleware\AddQueuedCookiesToResponse.php:37
#44 \vendor\laravel\framework\src\Illuminate\Pipeline\Pipeline.php:180
#45 \vendor\laravel\framework\src\Illuminate\Cookie\Middleware\EncryptCookies.php:67
#46 \vendor\laravel\framework\src\Illuminate\Pipeline\Pipeline.php:180
#47 \vendor\laramin\utility\src\Utility.php:14
#48 \vendor\laravel\framework\src\Illuminate\Pipeline\Pipeline.php:180
#49 \vendor\laravel\framework\src\Illuminate\Pipeline\Pipeline.php:116
  
[2025-07-01 20:36:19] production.INFO: Model: App\Models\LivraisonInfo
Relation: App\Models\User
Num-Called: 2
Call-Stack:
#18 \app\Http\Controllers\Manager\LivraisonController.php:487
#19 \app\Http\Controllers\Manager\LivraisonController.php:364
#20 \vendor\laravel\framework\src\Illuminate\Routing\Controller.php:54
#21 \vendor\laravel\framework\src\Illuminate\Routing\ControllerDispatcher.php:43
#22 \vendor\laravel\framework\src\Illuminate\Routing\Route.php:259
#23 \vendor\laravel\framework\src\Illuminate\Routing\Route.php:205
#24 \vendor\laravel\framework\src\Illuminate\Routing\Router.php:798
#25 \vendor\laravel\framework\src\Illuminate\Pipeline\Pipeline.php:141
#26 \app\Http\Middleware\Manager.php:20
#27 \vendor\laravel\framework\src\Illuminate\Pipeline\Pipeline.php:180
#28 \app\Http\Middleware\CheckStatus.php:22
#29 \vendor\laravel\framework\src\Illuminate\Pipeline\Pipeline.php:180
#30 \app\Http\Middleware\MaintenanceMode.php:25
#31 \vendor\laravel\framework\src\Illuminate\Pipeline\Pipeline.php:180
#32 \vendor\laravel\framework\src\Illuminate\Routing\Middleware\SubstituteBindings.php:50
#33 \vendor\laravel\framework\src\Illuminate\Pipeline\Pipeline.php:180
#34 \app\Http\Middleware\Authenticate.php:35
#35 \vendor\laravel\framework\src\Illuminate\Pipeline\Pipeline.php:180
#36 \vendor\laravel\framework\src\Illuminate\Foundation\Http\Middleware\VerifyCsrfToken.php:78
#37 \vendor\laravel\framework\src\Illuminate\Pipeline\Pipeline.php:180
#38 \vendor\laravel\framework\src\Illuminate\View\Middleware\ShareErrorsFromSession.php:49
#39 \vendor\laravel\framework\src\Illuminate\Pipeline\Pipeline.php:180
#40 \vendor\laravel\framework\src\Illuminate\Session\Middleware\StartSession.php:121
#41 \vendor\laravel\framework\src\Illuminate\Session\Middleware\StartSession.php:64
#42 \vendor\laravel\framework\src\Illuminate\Pipeline\Pipeline.php:180
#43 \vendor\laravel\framework\src\Illuminate\Cookie\Middleware\AddQueuedCookiesToResponse.php:37
#44 \vendor\laravel\framework\src\Illuminate\Pipeline\Pipeline.php:180
#45 \vendor\laravel\framework\src\Illuminate\Cookie\Middleware\EncryptCookies.php:67
#46 \vendor\laravel\framework\src\Illuminate\Pipeline\Pipeline.php:180
#47 \vendor\laramin\utility\src\Utility.php:14
#48 \vendor\laravel\framework\src\Illuminate\Pipeline\Pipeline.php:180
#49 \vendor\laravel\framework\src\Illuminate\Pipeline\Pipeline.php:116
  
[2025-07-01 20:36:19] production.INFO: Model: App\Models\LivraisonInfo
Relation: App\Models\LivraisonPayment
Num-Called: 2
Call-Stack:
#18 \app\Http\Controllers\Manager\LivraisonController.php:487
#19 \app\Http\Controllers\Manager\LivraisonController.php:364
#20 \vendor\laravel\framework\src\Illuminate\Routing\Controller.php:54
#21 \vendor\laravel\framework\src\Illuminate\Routing\ControllerDispatcher.php:43
#22 \vendor\laravel\framework\src\Illuminate\Routing\Route.php:259
#23 \vendor\laravel\framework\src\Illuminate\Routing\Route.php:205
#24 \vendor\laravel\framework\src\Illuminate\Routing\Router.php:798
#25 \vendor\laravel\framework\src\Illuminate\Pipeline\Pipeline.php:141
#26 \app\Http\Middleware\Manager.php:20
#27 \vendor\laravel\framework\src\Illuminate\Pipeline\Pipeline.php:180
#28 \app\Http\Middleware\CheckStatus.php:22
#29 \vendor\laravel\framework\src\Illuminate\Pipeline\Pipeline.php:180
#30 \app\Http\Middleware\MaintenanceMode.php:25
#31 \vendor\laravel\framework\src\Illuminate\Pipeline\Pipeline.php:180
#32 \vendor\laravel\framework\src\Illuminate\Routing\Middleware\SubstituteBindings.php:50
#33 \vendor\laravel\framework\src\Illuminate\Pipeline\Pipeline.php:180
#34 \app\Http\Middleware\Authenticate.php:35
#35 \vendor\laravel\framework\src\Illuminate\Pipeline\Pipeline.php:180
#36 \vendor\laravel\framework\src\Illuminate\Foundation\Http\Middleware\VerifyCsrfToken.php:78
#37 \vendor\laravel\framework\src\Illuminate\Pipeline\Pipeline.php:180
#38 \vendor\laravel\framework\src\Illuminate\View\Middleware\ShareErrorsFromSession.php:49
#39 \vendor\laravel\framework\src\Illuminate\Pipeline\Pipeline.php:180
#40 \vendor\laravel\framework\src\Illuminate\Session\Middleware\StartSession.php:121
#41 \vendor\laravel\framework\src\Illuminate\Session\Middleware\StartSession.php:64
#42 \vendor\laravel\framework\src\Illuminate\Pipeline\Pipeline.php:180
#43 \vendor\laravel\framework\src\Illuminate\Cookie\Middleware\AddQueuedCookiesToResponse.php:37
#44 \vendor\laravel\framework\src\Illuminate\Pipeline\Pipeline.php:180
#45 \vendor\laravel\framework\src\Illuminate\Cookie\Middleware\EncryptCookies.php:67
#46 \vendor\laravel\framework\src\Illuminate\Pipeline\Pipeline.php:180
#47 \vendor\laramin\utility\src\Utility.php:14
#48 \vendor\laravel\framework\src\Illuminate\Pipeline\Pipeline.php:180
#49 \vendor\laravel\framework\src\Illuminate\Pipeline\Pipeline.php:116
  
[2025-07-01 20:36:19] production.INFO: Model: App\Models\LivraisonInfo
Relation: receiverClient
Num-Called: 20
Call-Stack:
#19 \storage\framework\views\c83bffe0beadbcdee19a3637ff571b3fb5247ee4.php:76
#21 \vendor\laravel\framework\src\Illuminate\Filesystem\Filesystem.php:110
#22 \vendor\laravel\framework\src\Illuminate\View\Engines\PhpEngine.php:58
#23 \vendor\laravel\framework\src\Illuminate\View\Engines\CompilerEngine.php:70
#24 \vendor\laravel\framework\src\Illuminate\View\View.php:195
#25 \vendor\laravel\framework\src\Illuminate\View\View.php:178
#26 \vendor\laravel\framework\src\Illuminate\View\View.php:147
#27 \vendor\laravel\framework\src\Illuminate\Http\Response.php:69
#28 \vendor\laravel\framework\src\Illuminate\Http\Response.php:35
#29 \vendor\laravel\framework\src\Illuminate\Routing\Router.php:906
#30 \vendor\laravel\framework\src\Illuminate\Routing\Router.php:875
#31 \vendor\laravel\framework\src\Illuminate\Routing\Router.php:797
#32 \vendor\laravel\framework\src\Illuminate\Pipeline\Pipeline.php:141
#33 \app\Http\Middleware\Manager.php:20
#34 \vendor\laravel\framework\src\Illuminate\Pipeline\Pipeline.php:180
#35 \app\Http\Middleware\CheckStatus.php:22
#36 \vendor\laravel\framework\src\Illuminate\Pipeline\Pipeline.php:180
#37 \app\Http\Middleware\MaintenanceMode.php:25
#38 \vendor\laravel\framework\src\Illuminate\Pipeline\Pipeline.php:180
#39 \vendor\laravel\framework\src\Illuminate\Routing\Middleware\SubstituteBindings.php:50
#40 \vendor\laravel\framework\src\Illuminate\Pipeline\Pipeline.php:180
#41 \app\Http\Middleware\Authenticate.php:35
#42 \vendor\laravel\framework\src\Illuminate\Pipeline\Pipeline.php:180
#43 \vendor\laravel\framework\src\Illuminate\Foundation\Http\Middleware\VerifyCsrfToken.php:78
#44 \vendor\laravel\framework\src\Illuminate\Pipeline\Pipeline.php:180
#45 \vendor\laravel\framework\src\Illuminate\View\Middleware\ShareErrorsFromSession.php:49
#46 \vendor\laravel\framework\src\Illuminate\Pipeline\Pipeline.php:180
#47 \vendor\laravel\framework\src\Illuminate\Session\Middleware\StartSession.php:121
#48 \vendor\laravel\framework\src\Illuminate\Session\Middleware\StartSession.php:64
#49 \vendor\laravel\framework\src\Illuminate\Pipeline\Pipeline.php:180
  
[2025-07-01 20:36:33] production.INFO: Detected N+1 Query  
[2025-07-01 20:36:33] production.INFO: Model: App\Models\LivraisonInfo
Relation: App\Models\Magasin
Num-Called: 2
Call-Stack:
#18 \app\Http\Controllers\Manager\LivraisonController.php:458
#19 \app\Http\Controllers\Manager\LivraisonController.php:364
#20 \vendor\laravel\framework\src\Illuminate\Routing\Controller.php:54
#21 \vendor\laravel\framework\src\Illuminate\Routing\ControllerDispatcher.php:43
#22 \vendor\laravel\framework\src\Illuminate\Routing\Route.php:259
#23 \vendor\laravel\framework\src\Illuminate\Routing\Route.php:205
#24 \vendor\laravel\framework\src\Illuminate\Routing\Router.php:798
#25 \vendor\laravel\framework\src\Illuminate\Pipeline\Pipeline.php:141
#26 \app\Http\Middleware\Manager.php:20
#27 \vendor\laravel\framework\src\Illuminate\Pipeline\Pipeline.php:180
#28 \app\Http\Middleware\CheckStatus.php:22
#29 \vendor\laravel\framework\src\Illuminate\Pipeline\Pipeline.php:180
#30 \app\Http\Middleware\MaintenanceMode.php:25
#31 \vendor\laravel\framework\src\Illuminate\Pipeline\Pipeline.php:180
#32 \vendor\laravel\framework\src\Illuminate\Routing\Middleware\SubstituteBindings.php:50
#33 \vendor\laravel\framework\src\Illuminate\Pipeline\Pipeline.php:180
#34 \app\Http\Middleware\Authenticate.php:35
#35 \vendor\laravel\framework\src\Illuminate\Pipeline\Pipeline.php:180
#36 \vendor\laravel\framework\src\Illuminate\Foundation\Http\Middleware\VerifyCsrfToken.php:78
#37 \vendor\laravel\framework\src\Illuminate\Pipeline\Pipeline.php:180
#38 \vendor\laravel\framework\src\Illuminate\View\Middleware\ShareErrorsFromSession.php:49
#39 \vendor\laravel\framework\src\Illuminate\Pipeline\Pipeline.php:180
#40 \vendor\laravel\framework\src\Illuminate\Session\Middleware\StartSession.php:121
#41 \vendor\laravel\framework\src\Illuminate\Session\Middleware\StartSession.php:64
#42 \vendor\laravel\framework\src\Illuminate\Pipeline\Pipeline.php:180
#43 \vendor\laravel\framework\src\Illuminate\Cookie\Middleware\AddQueuedCookiesToResponse.php:37
#44 \vendor\laravel\framework\src\Illuminate\Pipeline\Pipeline.php:180
#45 \vendor\laravel\framework\src\Illuminate\Cookie\Middleware\EncryptCookies.php:67
#46 \vendor\laravel\framework\src\Illuminate\Pipeline\Pipeline.php:180
#47 \vendor\laramin\utility\src\Utility.php:14
#48 \vendor\laravel\framework\src\Illuminate\Pipeline\Pipeline.php:180
#49 \vendor\laravel\framework\src\Illuminate\Pipeline\Pipeline.php:116
  
[2025-07-01 20:36:33] production.INFO: Model: App\Models\LivraisonInfo
Relation: App\Models\User
Num-Called: 2
Call-Stack:
#18 \app\Http\Controllers\Manager\LivraisonController.php:458
#19 \app\Http\Controllers\Manager\LivraisonController.php:364
#20 \vendor\laravel\framework\src\Illuminate\Routing\Controller.php:54
#21 \vendor\laravel\framework\src\Illuminate\Routing\ControllerDispatcher.php:43
#22 \vendor\laravel\framework\src\Illuminate\Routing\Route.php:259
#23 \vendor\laravel\framework\src\Illuminate\Routing\Route.php:205
#24 \vendor\laravel\framework\src\Illuminate\Routing\Router.php:798
#25 \vendor\laravel\framework\src\Illuminate\Pipeline\Pipeline.php:141
#26 \app\Http\Middleware\Manager.php:20
#27 \vendor\laravel\framework\src\Illuminate\Pipeline\Pipeline.php:180
#28 \app\Http\Middleware\CheckStatus.php:22
#29 \vendor\laravel\framework\src\Illuminate\Pipeline\Pipeline.php:180
#30 \app\Http\Middleware\MaintenanceMode.php:25
#31 \vendor\laravel\framework\src\Illuminate\Pipeline\Pipeline.php:180
#32 \vendor\laravel\framework\src\Illuminate\Routing\Middleware\SubstituteBindings.php:50
#33 \vendor\laravel\framework\src\Illuminate\Pipeline\Pipeline.php:180
#34 \app\Http\Middleware\Authenticate.php:35
#35 \vendor\laravel\framework\src\Illuminate\Pipeline\Pipeline.php:180
#36 \vendor\laravel\framework\src\Illuminate\Foundation\Http\Middleware\VerifyCsrfToken.php:78
#37 \vendor\laravel\framework\src\Illuminate\Pipeline\Pipeline.php:180
#38 \vendor\laravel\framework\src\Illuminate\View\Middleware\ShareErrorsFromSession.php:49
#39 \vendor\laravel\framework\src\Illuminate\Pipeline\Pipeline.php:180
#40 \vendor\laravel\framework\src\Illuminate\Session\Middleware\StartSession.php:121
#41 \vendor\laravel\framework\src\Illuminate\Session\Middleware\StartSession.php:64
#42 \vendor\laravel\framework\src\Illuminate\Pipeline\Pipeline.php:180
#43 \vendor\laravel\framework\src\Illuminate\Cookie\Middleware\AddQueuedCookiesToResponse.php:37
#44 \vendor\laravel\framework\src\Illuminate\Pipeline\Pipeline.php:180
#45 \vendor\laravel\framework\src\Illuminate\Cookie\Middleware\EncryptCookies.php:67
#46 \vendor\laravel\framework\src\Illuminate\Pipeline\Pipeline.php:180
#47 \vendor\laramin\utility\src\Utility.php:14
#48 \vendor\laravel\framework\src\Illuminate\Pipeline\Pipeline.php:180
#49 \vendor\laravel\framework\src\Illuminate\Pipeline\Pipeline.php:116
  
[2025-07-01 20:36:33] production.INFO: Model: App\Models\LivraisonInfo
Relation: App\Models\LivraisonPayment
Num-Called: 2
Call-Stack:
#18 \app\Http\Controllers\Manager\LivraisonController.php:458
#19 \app\Http\Controllers\Manager\LivraisonController.php:364
#20 \vendor\laravel\framework\src\Illuminate\Routing\Controller.php:54
#21 \vendor\laravel\framework\src\Illuminate\Routing\ControllerDispatcher.php:43
#22 \vendor\laravel\framework\src\Illuminate\Routing\Route.php:259
#23 \vendor\laravel\framework\src\Illuminate\Routing\Route.php:205
#24 \vendor\laravel\framework\src\Illuminate\Routing\Router.php:798
#25 \vendor\laravel\framework\src\Illuminate\Pipeline\Pipeline.php:141
#26 \app\Http\Middleware\Manager.php:20
#27 \vendor\laravel\framework\src\Illuminate\Pipeline\Pipeline.php:180
#28 \app\Http\Middleware\CheckStatus.php:22
#29 \vendor\laravel\framework\src\Illuminate\Pipeline\Pipeline.php:180
#30 \app\Http\Middleware\MaintenanceMode.php:25
#31 \vendor\laravel\framework\src\Illuminate\Pipeline\Pipeline.php:180
#32 \vendor\laravel\framework\src\Illuminate\Routing\Middleware\SubstituteBindings.php:50
#33 \vendor\laravel\framework\src\Illuminate\Pipeline\Pipeline.php:180
#34 \app\Http\Middleware\Authenticate.php:35
#35 \vendor\laravel\framework\src\Illuminate\Pipeline\Pipeline.php:180
#36 \vendor\laravel\framework\src\Illuminate\Foundation\Http\Middleware\VerifyCsrfToken.php:78
#37 \vendor\laravel\framework\src\Illuminate\Pipeline\Pipeline.php:180
#38 \vendor\laravel\framework\src\Illuminate\View\Middleware\ShareErrorsFromSession.php:49
#39 \vendor\laravel\framework\src\Illuminate\Pipeline\Pipeline.php:180
#40 \vendor\laravel\framework\src\Illuminate\Session\Middleware\StartSession.php:121
#41 \vendor\laravel\framework\src\Illuminate\Session\Middleware\StartSession.php:64
#42 \vendor\laravel\framework\src\Illuminate\Pipeline\Pipeline.php:180
#43 \vendor\laravel\framework\src\Illuminate\Cookie\Middleware\AddQueuedCookiesToResponse.php:37
#44 \vendor\laravel\framework\src\Illuminate\Pipeline\Pipeline.php:180
#45 \vendor\laravel\framework\src\Illuminate\Cookie\Middleware\EncryptCookies.php:67
#46 \vendor\laravel\framework\src\Illuminate\Pipeline\Pipeline.php:180
#47 \vendor\laramin\utility\src\Utility.php:14
#48 \vendor\laravel\framework\src\Illuminate\Pipeline\Pipeline.php:180
#49 \vendor\laravel\framework\src\Illuminate\Pipeline\Pipeline.php:116
  
[2025-07-01 20:36:33] production.INFO: Model: App\Models\LivraisonInfo
Relation: receiverClient
Num-Called: 20
Call-Stack:
#19 \storage\framework\views\c83bffe0beadbcdee19a3637ff571b3fb5247ee4.php:76
#21 \vendor\laravel\framework\src\Illuminate\Filesystem\Filesystem.php:110
#22 \vendor\laravel\framework\src\Illuminate\View\Engines\PhpEngine.php:58
#23 \vendor\laravel\framework\src\Illuminate\View\Engines\CompilerEngine.php:70
#24 \vendor\laravel\framework\src\Illuminate\View\View.php:195
#25 \vendor\laravel\framework\src\Illuminate\View\View.php:178
#26 \vendor\laravel\framework\src\Illuminate\View\View.php:147
#27 \vendor\laravel\framework\src\Illuminate\Http\Response.php:69
#28 \vendor\laravel\framework\src\Illuminate\Http\Response.php:35
#29 \vendor\laravel\framework\src\Illuminate\Routing\Router.php:906
#30 \vendor\laravel\framework\src\Illuminate\Routing\Router.php:875
#31 \vendor\laravel\framework\src\Illuminate\Routing\Router.php:797
#32 \vendor\laravel\framework\src\Illuminate\Pipeline\Pipeline.php:141
#33 \app\Http\Middleware\Manager.php:20
#34 \vendor\laravel\framework\src\Illuminate\Pipeline\Pipeline.php:180
#35 \app\Http\Middleware\CheckStatus.php:22
#36 \vendor\laravel\framework\src\Illuminate\Pipeline\Pipeline.php:180
#37 \app\Http\Middleware\MaintenanceMode.php:25
#38 \vendor\laravel\framework\src\Illuminate\Pipeline\Pipeline.php:180
#39 \vendor\laravel\framework\src\Illuminate\Routing\Middleware\SubstituteBindings.php:50
#40 \vendor\laravel\framework\src\Illuminate\Pipeline\Pipeline.php:180
#41 \app\Http\Middleware\Authenticate.php:35
#42 \vendor\laravel\framework\src\Illuminate\Pipeline\Pipeline.php:180
#43 \vendor\laravel\framework\src\Illuminate\Foundation\Http\Middleware\VerifyCsrfToken.php:78
#44 \vendor\laravel\framework\src\Illuminate\Pipeline\Pipeline.php:180
#45 \vendor\laravel\framework\src\Illuminate\View\Middleware\ShareErrorsFromSession.php:49
#46 \vendor\laravel\framework\src\Illuminate\Pipeline\Pipeline.php:180
#47 \vendor\laravel\framework\src\Illuminate\Session\Middleware\StartSession.php:121
#48 \vendor\laravel\framework\src\Illuminate\Session\Middleware\StartSession.php:64
#49 \vendor\laravel\framework\src\Illuminate\Pipeline\Pipeline.php:180
  
[2025-07-01 20:36:47] production.INFO: Detected N+1 Query  
[2025-07-01 20:36:47] production.INFO: Model: App\Models\LivraisonInfo
Relation: App\Models\Magasin
Num-Called: 2
Call-Stack:
#18 \app\Http\Controllers\Manager\LivraisonController.php:458
#19 \app\Http\Controllers\Manager\LivraisonController.php:364
#20 \vendor\laravel\framework\src\Illuminate\Routing\Controller.php:54
#21 \vendor\laravel\framework\src\Illuminate\Routing\ControllerDispatcher.php:43
#22 \vendor\laravel\framework\src\Illuminate\Routing\Route.php:259
#23 \vendor\laravel\framework\src\Illuminate\Routing\Route.php:205
#24 \vendor\laravel\framework\src\Illuminate\Routing\Router.php:798
#25 \vendor\laravel\framework\src\Illuminate\Pipeline\Pipeline.php:141
#26 \app\Http\Middleware\Manager.php:20
#27 \vendor\laravel\framework\src\Illuminate\Pipeline\Pipeline.php:180
#28 \app\Http\Middleware\CheckStatus.php:22
#29 \vendor\laravel\framework\src\Illuminate\Pipeline\Pipeline.php:180
#30 \app\Http\Middleware\MaintenanceMode.php:25
#31 \vendor\laravel\framework\src\Illuminate\Pipeline\Pipeline.php:180
#32 \vendor\laravel\framework\src\Illuminate\Routing\Middleware\SubstituteBindings.php:50
#33 \vendor\laravel\framework\src\Illuminate\Pipeline\Pipeline.php:180
#34 \app\Http\Middleware\Authenticate.php:35
#35 \vendor\laravel\framework\src\Illuminate\Pipeline\Pipeline.php:180
#36 \vendor\laravel\framework\src\Illuminate\Foundation\Http\Middleware\VerifyCsrfToken.php:78
#37 \vendor\laravel\framework\src\Illuminate\Pipeline\Pipeline.php:180
#38 \vendor\laravel\framework\src\Illuminate\View\Middleware\ShareErrorsFromSession.php:49
#39 \vendor\laravel\framework\src\Illuminate\Pipeline\Pipeline.php:180
#40 \vendor\laravel\framework\src\Illuminate\Session\Middleware\StartSession.php:121
#41 \vendor\laravel\framework\src\Illuminate\Session\Middleware\StartSession.php:64
#42 \vendor\laravel\framework\src\Illuminate\Pipeline\Pipeline.php:180
#43 \vendor\laravel\framework\src\Illuminate\Cookie\Middleware\AddQueuedCookiesToResponse.php:37
#44 \vendor\laravel\framework\src\Illuminate\Pipeline\Pipeline.php:180
#45 \vendor\laravel\framework\src\Illuminate\Cookie\Middleware\EncryptCookies.php:67
#46 \vendor\laravel\framework\src\Illuminate\Pipeline\Pipeline.php:180
#47 \vendor\laramin\utility\src\Utility.php:14
#48 \vendor\laravel\framework\src\Illuminate\Pipeline\Pipeline.php:180
#49 \vendor\laravel\framework\src\Illuminate\Pipeline\Pipeline.php:116
  
[2025-07-01 20:36:47] production.INFO: Model: App\Models\LivraisonInfo
Relation: App\Models\User
Num-Called: 2
Call-Stack:
#18 \app\Http\Controllers\Manager\LivraisonController.php:458
#19 \app\Http\Controllers\Manager\LivraisonController.php:364
#20 \vendor\laravel\framework\src\Illuminate\Routing\Controller.php:54
#21 \vendor\laravel\framework\src\Illuminate\Routing\ControllerDispatcher.php:43
#22 \vendor\laravel\framework\src\Illuminate\Routing\Route.php:259
#23 \vendor\laravel\framework\src\Illuminate\Routing\Route.php:205
#24 \vendor\laravel\framework\src\Illuminate\Routing\Router.php:798
#25 \vendor\laravel\framework\src\Illuminate\Pipeline\Pipeline.php:141
#26 \app\Http\Middleware\Manager.php:20
#27 \vendor\laravel\framework\src\Illuminate\Pipeline\Pipeline.php:180
#28 \app\Http\Middleware\CheckStatus.php:22
#29 \vendor\laravel\framework\src\Illuminate\Pipeline\Pipeline.php:180
#30 \app\Http\Middleware\MaintenanceMode.php:25
#31 \vendor\laravel\framework\src\Illuminate\Pipeline\Pipeline.php:180
#32 \vendor\laravel\framework\src\Illuminate\Routing\Middleware\SubstituteBindings.php:50
#33 \vendor\laravel\framework\src\Illuminate\Pipeline\Pipeline.php:180
#34 \app\Http\Middleware\Authenticate.php:35
#35 \vendor\laravel\framework\src\Illuminate\Pipeline\Pipeline.php:180
#36 \vendor\laravel\framework\src\Illuminate\Foundation\Http\Middleware\VerifyCsrfToken.php:78
#37 \vendor\laravel\framework\src\Illuminate\Pipeline\Pipeline.php:180
#38 \vendor\laravel\framework\src\Illuminate\View\Middleware\ShareErrorsFromSession.php:49
#39 \vendor\laravel\framework\src\Illuminate\Pipeline\Pipeline.php:180
#40 \vendor\laravel\framework\src\Illuminate\Session\Middleware\StartSession.php:121
#41 \vendor\laravel\framework\src\Illuminate\Session\Middleware\StartSession.php:64
#42 \vendor\laravel\framework\src\Illuminate\Pipeline\Pipeline.php:180
#43 \vendor\laravel\framework\src\Illuminate\Cookie\Middleware\AddQueuedCookiesToResponse.php:37
#44 \vendor\laravel\framework\src\Illuminate\Pipeline\Pipeline.php:180
#45 \vendor\laravel\framework\src\Illuminate\Cookie\Middleware\EncryptCookies.php:67
#46 \vendor\laravel\framework\src\Illuminate\Pipeline\Pipeline.php:180
#47 \vendor\laramin\utility\src\Utility.php:14
#48 \vendor\laravel\framework\src\Illuminate\Pipeline\Pipeline.php:180
#49 \vendor\laravel\framework\src\Illuminate\Pipeline\Pipeline.php:116
  
[2025-07-01 20:36:47] production.INFO: Model: App\Models\LivraisonInfo
Relation: App\Models\LivraisonPayment
Num-Called: 2
Call-Stack:
#18 \app\Http\Controllers\Manager\LivraisonController.php:458
#19 \app\Http\Controllers\Manager\LivraisonController.php:364
#20 \vendor\laravel\framework\src\Illuminate\Routing\Controller.php:54
#21 \vendor\laravel\framework\src\Illuminate\Routing\ControllerDispatcher.php:43
#22 \vendor\laravel\framework\src\Illuminate\Routing\Route.php:259
#23 \vendor\laravel\framework\src\Illuminate\Routing\Route.php:205
#24 \vendor\laravel\framework\src\Illuminate\Routing\Router.php:798
#25 \vendor\laravel\framework\src\Illuminate\Pipeline\Pipeline.php:141
#26 \app\Http\Middleware\Manager.php:20
#27 \vendor\laravel\framework\src\Illuminate\Pipeline\Pipeline.php:180
#28 \app\Http\Middleware\CheckStatus.php:22
#29 \vendor\laravel\framework\src\Illuminate\Pipeline\Pipeline.php:180
#30 \app\Http\Middleware\MaintenanceMode.php:25
#31 \vendor\laravel\framework\src\Illuminate\Pipeline\Pipeline.php:180
#32 \vendor\laravel\framework\src\Illuminate\Routing\Middleware\SubstituteBindings.php:50
#33 \vendor\laravel\framework\src\Illuminate\Pipeline\Pipeline.php:180
#34 \app\Http\Middleware\Authenticate.php:35
#35 \vendor\laravel\framework\src\Illuminate\Pipeline\Pipeline.php:180
#36 \vendor\laravel\framework\src\Illuminate\Foundation\Http\Middleware\VerifyCsrfToken.php:78
#37 \vendor\laravel\framework\src\Illuminate\Pipeline\Pipeline.php:180
#38 \vendor\laravel\framework\src\Illuminate\View\Middleware\ShareErrorsFromSession.php:49
#39 \vendor\laravel\framework\src\Illuminate\Pipeline\Pipeline.php:180
#40 \vendor\laravel\framework\src\Illuminate\Session\Middleware\StartSession.php:121
#41 \vendor\laravel\framework\src\Illuminate\Session\Middleware\StartSession.php:64
#42 \vendor\laravel\framework\src\Illuminate\Pipeline\Pipeline.php:180
#43 \vendor\laravel\framework\src\Illuminate\Cookie\Middleware\AddQueuedCookiesToResponse.php:37
#44 \vendor\laravel\framework\src\Illuminate\Pipeline\Pipeline.php:180
#45 \vendor\laravel\framework\src\Illuminate\Cookie\Middleware\EncryptCookies.php:67
#46 \vendor\laravel\framework\src\Illuminate\Pipeline\Pipeline.php:180
#47 \vendor\laramin\utility\src\Utility.php:14
#48 \vendor\laravel\framework\src\Illuminate\Pipeline\Pipeline.php:180
#49 \vendor\laravel\framework\src\Illuminate\Pipeline\Pipeline.php:116
  
[2025-07-01 20:55:42] production.INFO: Detected N+1 Query  
[2025-07-01 20:55:42] production.INFO: Model: App\Models\LivraisonInfo
Relation: App\Models\Magasin
Num-Called: 2
Call-Stack:
#18 \app\Http\Controllers\Manager\LivraisonController.php:459
#19 \app\Http\Controllers\Manager\LivraisonController.php:354
#20 \vendor\laravel\framework\src\Illuminate\Routing\Controller.php:54
#21 \vendor\laravel\framework\src\Illuminate\Routing\ControllerDispatcher.php:43
#22 \vendor\laravel\framework\src\Illuminate\Routing\Route.php:259
#23 \vendor\laravel\framework\src\Illuminate\Routing\Route.php:205
#24 \vendor\laravel\framework\src\Illuminate\Routing\Router.php:798
#25 \vendor\laravel\framework\src\Illuminate\Pipeline\Pipeline.php:141
#26 \app\Http\Middleware\Manager.php:20
#27 \vendor\laravel\framework\src\Illuminate\Pipeline\Pipeline.php:180
#28 \app\Http\Middleware\CheckStatus.php:22
#29 \vendor\laravel\framework\src\Illuminate\Pipeline\Pipeline.php:180
#30 \app\Http\Middleware\MaintenanceMode.php:25
#31 \vendor\laravel\framework\src\Illuminate\Pipeline\Pipeline.php:180
#32 \vendor\laravel\framework\src\Illuminate\Routing\Middleware\SubstituteBindings.php:50
#33 \vendor\laravel\framework\src\Illuminate\Pipeline\Pipeline.php:180
#34 \app\Http\Middleware\Authenticate.php:35
#35 \vendor\laravel\framework\src\Illuminate\Pipeline\Pipeline.php:180
#36 \vendor\laravel\framework\src\Illuminate\Foundation\Http\Middleware\VerifyCsrfToken.php:78
#37 \vendor\laravel\framework\src\Illuminate\Pipeline\Pipeline.php:180
#38 \vendor\laravel\framework\src\Illuminate\View\Middleware\ShareErrorsFromSession.php:49
#39 \vendor\laravel\framework\src\Illuminate\Pipeline\Pipeline.php:180
#40 \vendor\laravel\framework\src\Illuminate\Session\Middleware\StartSession.php:121
#41 \vendor\laravel\framework\src\Illuminate\Session\Middleware\StartSession.php:64
#42 \vendor\laravel\framework\src\Illuminate\Pipeline\Pipeline.php:180
#43 \vendor\laravel\framework\src\Illuminate\Cookie\Middleware\AddQueuedCookiesToResponse.php:37
#44 \vendor\laravel\framework\src\Illuminate\Pipeline\Pipeline.php:180
#45 \vendor\laravel\framework\src\Illuminate\Cookie\Middleware\EncryptCookies.php:67
#46 \vendor\laravel\framework\src\Illuminate\Pipeline\Pipeline.php:180
#47 \vendor\laramin\utility\src\Utility.php:14
#48 \vendor\laravel\framework\src\Illuminate\Pipeline\Pipeline.php:180
#49 \vendor\laravel\framework\src\Illuminate\Pipeline\Pipeline.php:116
  
[2025-07-01 20:55:42] production.INFO: Model: App\Models\LivraisonInfo
Relation: App\Models\User
Num-Called: 2
Call-Stack:
#18 \app\Http\Controllers\Manager\LivraisonController.php:459
#19 \app\Http\Controllers\Manager\LivraisonController.php:354
#20 \vendor\laravel\framework\src\Illuminate\Routing\Controller.php:54
#21 \vendor\laravel\framework\src\Illuminate\Routing\ControllerDispatcher.php:43
#22 \vendor\laravel\framework\src\Illuminate\Routing\Route.php:259
#23 \vendor\laravel\framework\src\Illuminate\Routing\Route.php:205
#24 \vendor\laravel\framework\src\Illuminate\Routing\Router.php:798
#25 \vendor\laravel\framework\src\Illuminate\Pipeline\Pipeline.php:141
#26 \app\Http\Middleware\Manager.php:20
#27 \vendor\laravel\framework\src\Illuminate\Pipeline\Pipeline.php:180
#28 \app\Http\Middleware\CheckStatus.php:22
#29 \vendor\laravel\framework\src\Illuminate\Pipeline\Pipeline.php:180
#30 \app\Http\Middleware\MaintenanceMode.php:25
#31 \vendor\laravel\framework\src\Illuminate\Pipeline\Pipeline.php:180
#32 \vendor\laravel\framework\src\Illuminate\Routing\Middleware\SubstituteBindings.php:50
#33 \vendor\laravel\framework\src\Illuminate\Pipeline\Pipeline.php:180
#34 \app\Http\Middleware\Authenticate.php:35
#35 \vendor\laravel\framework\src\Illuminate\Pipeline\Pipeline.php:180
#36 \vendor\laravel\framework\src\Illuminate\Foundation\Http\Middleware\VerifyCsrfToken.php:78
#37 \vendor\laravel\framework\src\Illuminate\Pipeline\Pipeline.php:180
#38 \vendor\laravel\framework\src\Illuminate\View\Middleware\ShareErrorsFromSession.php:49
#39 \vendor\laravel\framework\src\Illuminate\Pipeline\Pipeline.php:180
#40 \vendor\laravel\framework\src\Illuminate\Session\Middleware\StartSession.php:121
#41 \vendor\laravel\framework\src\Illuminate\Session\Middleware\StartSession.php:64
#42 \vendor\laravel\framework\src\Illuminate\Pipeline\Pipeline.php:180
#43 \vendor\laravel\framework\src\Illuminate\Cookie\Middleware\AddQueuedCookiesToResponse.php:37
#44 \vendor\laravel\framework\src\Illuminate\Pipeline\Pipeline.php:180
#45 \vendor\laravel\framework\src\Illuminate\Cookie\Middleware\EncryptCookies.php:67
#46 \vendor\laravel\framework\src\Illuminate\Pipeline\Pipeline.php:180
#47 \vendor\laramin\utility\src\Utility.php:14
#48 \vendor\laravel\framework\src\Illuminate\Pipeline\Pipeline.php:180
#49 \vendor\laravel\framework\src\Illuminate\Pipeline\Pipeline.php:116
  
[2025-07-01 20:55:42] production.INFO: Model: App\Models\LivraisonInfo
Relation: App\Models\LivraisonPayment
Num-Called: 2
Call-Stack:
#18 \app\Http\Controllers\Manager\LivraisonController.php:459
#19 \app\Http\Controllers\Manager\LivraisonController.php:354
#20 \vendor\laravel\framework\src\Illuminate\Routing\Controller.php:54
#21 \vendor\laravel\framework\src\Illuminate\Routing\ControllerDispatcher.php:43
#22 \vendor\laravel\framework\src\Illuminate\Routing\Route.php:259
#23 \vendor\laravel\framework\src\Illuminate\Routing\Route.php:205
#24 \vendor\laravel\framework\src\Illuminate\Routing\Router.php:798
#25 \vendor\laravel\framework\src\Illuminate\Pipeline\Pipeline.php:141
#26 \app\Http\Middleware\Manager.php:20
#27 \vendor\laravel\framework\src\Illuminate\Pipeline\Pipeline.php:180
#28 \app\Http\Middleware\CheckStatus.php:22
#29 \vendor\laravel\framework\src\Illuminate\Pipeline\Pipeline.php:180
#30 \app\Http\Middleware\MaintenanceMode.php:25
#31 \vendor\laravel\framework\src\Illuminate\Pipeline\Pipeline.php:180
#32 \vendor\laravel\framework\src\Illuminate\Routing\Middleware\SubstituteBindings.php:50
#33 \vendor\laravel\framework\src\Illuminate\Pipeline\Pipeline.php:180
#34 \app\Http\Middleware\Authenticate.php:35
#35 \vendor\laravel\framework\src\Illuminate\Pipeline\Pipeline.php:180
#36 \vendor\laravel\framework\src\Illuminate\Foundation\Http\Middleware\VerifyCsrfToken.php:78
#37 \vendor\laravel\framework\src\Illuminate\Pipeline\Pipeline.php:180
#38 \vendor\laravel\framework\src\Illuminate\View\Middleware\ShareErrorsFromSession.php:49
#39 \vendor\laravel\framework\src\Illuminate\Pipeline\Pipeline.php:180
#40 \vendor\laravel\framework\src\Illuminate\Session\Middleware\StartSession.php:121
#41 \vendor\laravel\framework\src\Illuminate\Session\Middleware\StartSession.php:64
#42 \vendor\laravel\framework\src\Illuminate\Pipeline\Pipeline.php:180
#43 \vendor\laravel\framework\src\Illuminate\Cookie\Middleware\AddQueuedCookiesToResponse.php:37
#44 \vendor\laravel\framework\src\Illuminate\Pipeline\Pipeline.php:180
#45 \vendor\laravel\framework\src\Illuminate\Cookie\Middleware\EncryptCookies.php:67
#46 \vendor\laravel\framework\src\Illuminate\Pipeline\Pipeline.php:180
#47 \vendor\laramin\utility\src\Utility.php:14
#48 \vendor\laravel\framework\src\Illuminate\Pipeline\Pipeline.php:180
#49 \vendor\laravel\framework\src\Illuminate\Pipeline\Pipeline.php:116
  
[2025-07-01 20:55:42] production.INFO: Model: App\Models\LivraisonInfo
Relation: receiverClient
Num-Called: 20
Call-Stack:
#19 \storage\framework\views\14ce5eef03daf899bb3004526ab66eaff3b970e3.php:76
#21 \vendor\laravel\framework\src\Illuminate\Filesystem\Filesystem.php:110
#22 \vendor\laravel\framework\src\Illuminate\View\Engines\PhpEngine.php:58
#23 \vendor\laravel\framework\src\Illuminate\View\Engines\CompilerEngine.php:70
#24 \vendor\laravel\framework\src\Illuminate\View\View.php:195
#25 \vendor\laravel\framework\src\Illuminate\View\View.php:178
#26 \vendor\laravel\framework\src\Illuminate\View\View.php:147
#27 \vendor\laravel\framework\src\Illuminate\Http\Response.php:69
#28 \vendor\laravel\framework\src\Illuminate\Http\Response.php:35
#29 \vendor\laravel\framework\src\Illuminate\Routing\Router.php:906
#30 \vendor\laravel\framework\src\Illuminate\Routing\Router.php:875
#31 \vendor\laravel\framework\src\Illuminate\Routing\Router.php:797
#32 \vendor\laravel\framework\src\Illuminate\Pipeline\Pipeline.php:141
#33 \app\Http\Middleware\Manager.php:20
#34 \vendor\laravel\framework\src\Illuminate\Pipeline\Pipeline.php:180
#35 \app\Http\Middleware\CheckStatus.php:22
#36 \vendor\laravel\framework\src\Illuminate\Pipeline\Pipeline.php:180
#37 \app\Http\Middleware\MaintenanceMode.php:25
#38 \vendor\laravel\framework\src\Illuminate\Pipeline\Pipeline.php:180
#39 \vendor\laravel\framework\src\Illuminate\Routing\Middleware\SubstituteBindings.php:50
#40 \vendor\laravel\framework\src\Illuminate\Pipeline\Pipeline.php:180
#41 \app\Http\Middleware\Authenticate.php:35
#42 \vendor\laravel\framework\src\Illuminate\Pipeline\Pipeline.php:180
#43 \vendor\laravel\framework\src\Illuminate\Foundation\Http\Middleware\VerifyCsrfToken.php:78
#44 \vendor\laravel\framework\src\Illuminate\Pipeline\Pipeline.php:180
#45 \vendor\laravel\framework\src\Illuminate\View\Middleware\ShareErrorsFromSession.php:49
#46 \vendor\laravel\framework\src\Illuminate\Pipeline\Pipeline.php:180
#47 \vendor\laravel\framework\src\Illuminate\Session\Middleware\StartSession.php:121
#48 \vendor\laravel\framework\src\Illuminate\Session\Middleware\StartSession.php:64
#49 \vendor\laravel\framework\src\Illuminate\Pipeline\Pipeline.php:180
  
[2025-07-01 20:55:55] production.INFO: Detected N+1 Query  
[2025-07-01 20:55:55] production.INFO: Model: App\Models\LivraisonInfo
Relation: App\Models\Magasin
Num-Called: 2
Call-Stack:
#18 \app\Http\Controllers\Manager\LivraisonController.php:459
#19 \app\Http\Controllers\Manager\LivraisonController.php:377
#20 \vendor\laravel\framework\src\Illuminate\Routing\Controller.php:54
#21 \vendor\laravel\framework\src\Illuminate\Routing\ControllerDispatcher.php:43
#22 \vendor\laravel\framework\src\Illuminate\Routing\Route.php:259
#23 \vendor\laravel\framework\src\Illuminate\Routing\Route.php:205
#24 \vendor\laravel\framework\src\Illuminate\Routing\Router.php:798
#25 \vendor\laravel\framework\src\Illuminate\Pipeline\Pipeline.php:141
#26 \app\Http\Middleware\Manager.php:20
#27 \vendor\laravel\framework\src\Illuminate\Pipeline\Pipeline.php:180
#28 \app\Http\Middleware\CheckStatus.php:22
#29 \vendor\laravel\framework\src\Illuminate\Pipeline\Pipeline.php:180
#30 \app\Http\Middleware\MaintenanceMode.php:25
#31 \vendor\laravel\framework\src\Illuminate\Pipeline\Pipeline.php:180
#32 \vendor\laravel\framework\src\Illuminate\Routing\Middleware\SubstituteBindings.php:50
#33 \vendor\laravel\framework\src\Illuminate\Pipeline\Pipeline.php:180
#34 \app\Http\Middleware\Authenticate.php:35
#35 \vendor\laravel\framework\src\Illuminate\Pipeline\Pipeline.php:180
#36 \vendor\laravel\framework\src\Illuminate\Foundation\Http\Middleware\VerifyCsrfToken.php:78
#37 \vendor\laravel\framework\src\Illuminate\Pipeline\Pipeline.php:180
#38 \vendor\laravel\framework\src\Illuminate\View\Middleware\ShareErrorsFromSession.php:49
#39 \vendor\laravel\framework\src\Illuminate\Pipeline\Pipeline.php:180
#40 \vendor\laravel\framework\src\Illuminate\Session\Middleware\StartSession.php:121
#41 \vendor\laravel\framework\src\Illuminate\Session\Middleware\StartSession.php:64
#42 \vendor\laravel\framework\src\Illuminate\Pipeline\Pipeline.php:180
#43 \vendor\laravel\framework\src\Illuminate\Cookie\Middleware\AddQueuedCookiesToResponse.php:37
#44 \vendor\laravel\framework\src\Illuminate\Pipeline\Pipeline.php:180
#45 \vendor\laravel\framework\src\Illuminate\Cookie\Middleware\EncryptCookies.php:67
#46 \vendor\laravel\framework\src\Illuminate\Pipeline\Pipeline.php:180
#47 \vendor\laramin\utility\src\Utility.php:14
#48 \vendor\laravel\framework\src\Illuminate\Pipeline\Pipeline.php:180
#49 \vendor\laravel\framework\src\Illuminate\Pipeline\Pipeline.php:116
  
[2025-07-01 20:55:55] production.INFO: Model: App\Models\LivraisonInfo
Relation: App\Models\LivraisonPayment
Num-Called: 2
Call-Stack:
#18 \app\Http\Controllers\Manager\LivraisonController.php:459
#19 \app\Http\Controllers\Manager\LivraisonController.php:377
#20 \vendor\laravel\framework\src\Illuminate\Routing\Controller.php:54
#21 \vendor\laravel\framework\src\Illuminate\Routing\ControllerDispatcher.php:43
#22 \vendor\laravel\framework\src\Illuminate\Routing\Route.php:259
#23 \vendor\laravel\framework\src\Illuminate\Routing\Route.php:205
#24 \vendor\laravel\framework\src\Illuminate\Routing\Router.php:798
#25 \vendor\laravel\framework\src\Illuminate\Pipeline\Pipeline.php:141
#26 \app\Http\Middleware\Manager.php:20
#27 \vendor\laravel\framework\src\Illuminate\Pipeline\Pipeline.php:180
#28 \app\Http\Middleware\CheckStatus.php:22
#29 \vendor\laravel\framework\src\Illuminate\Pipeline\Pipeline.php:180
#30 \app\Http\Middleware\MaintenanceMode.php:25
#31 \vendor\laravel\framework\src\Illuminate\Pipeline\Pipeline.php:180
#32 \vendor\laravel\framework\src\Illuminate\Routing\Middleware\SubstituteBindings.php:50
#33 \vendor\laravel\framework\src\Illuminate\Pipeline\Pipeline.php:180
#34 \app\Http\Middleware\Authenticate.php:35
#35 \vendor\laravel\framework\src\Illuminate\Pipeline\Pipeline.php:180
#36 \vendor\laravel\framework\src\Illuminate\Foundation\Http\Middleware\VerifyCsrfToken.php:78
#37 \vendor\laravel\framework\src\Illuminate\Pipeline\Pipeline.php:180
#38 \vendor\laravel\framework\src\Illuminate\View\Middleware\ShareErrorsFromSession.php:49
#39 \vendor\laravel\framework\src\Illuminate\Pipeline\Pipeline.php:180
#40 \vendor\laravel\framework\src\Illuminate\Session\Middleware\StartSession.php:121
#41 \vendor\laravel\framework\src\Illuminate\Session\Middleware\StartSession.php:64
#42 \vendor\laravel\framework\src\Illuminate\Pipeline\Pipeline.php:180
#43 \vendor\laravel\framework\src\Illuminate\Cookie\Middleware\AddQueuedCookiesToResponse.php:37
#44 \vendor\laravel\framework\src\Illuminate\Pipeline\Pipeline.php:180
#45 \vendor\laravel\framework\src\Illuminate\Cookie\Middleware\EncryptCookies.php:67
#46 \vendor\laravel\framework\src\Illuminate\Pipeline\Pipeline.php:180
#47 \vendor\laramin\utility\src\Utility.php:14
#48 \vendor\laravel\framework\src\Illuminate\Pipeline\Pipeline.php:180
#49 \vendor\laravel\framework\src\Illuminate\Pipeline\Pipeline.php:116
  
[2025-07-01 20:55:55] production.INFO: Model: App\Models\LivraisonInfo
Relation: receiverClient
Num-Called: 20
Call-Stack:
#18 \storage\framework\views\612d66ae42ec5b987b5ce613a7634bb1dac50c4f.php:80
#20 \vendor\laravel\framework\src\Illuminate\Filesystem\Filesystem.php:110
#21 \vendor\laravel\framework\src\Illuminate\View\Engines\PhpEngine.php:58
#22 \vendor\laravel\framework\src\Illuminate\View\Engines\CompilerEngine.php:70
#23 \vendor\laravel\framework\src\Illuminate\View\View.php:195
#24 \vendor\laravel\framework\src\Illuminate\View\View.php:178
#25 \vendor\laravel\framework\src\Illuminate\View\View.php:147
#26 \vendor\laravel\framework\src\Illuminate\Http\Response.php:69
#27 \vendor\laravel\framework\src\Illuminate\Http\Response.php:35
#28 \vendor\laravel\framework\src\Illuminate\Routing\Router.php:906
#29 \vendor\laravel\framework\src\Illuminate\Routing\Router.php:875
#30 \vendor\laravel\framework\src\Illuminate\Routing\Router.php:797
#31 \vendor\laravel\framework\src\Illuminate\Pipeline\Pipeline.php:141
#32 \app\Http\Middleware\Manager.php:20
#33 \vendor\laravel\framework\src\Illuminate\Pipeline\Pipeline.php:180
#34 \app\Http\Middleware\CheckStatus.php:22
#35 \vendor\laravel\framework\src\Illuminate\Pipeline\Pipeline.php:180
#36 \app\Http\Middleware\MaintenanceMode.php:25
#37 \vendor\laravel\framework\src\Illuminate\Pipeline\Pipeline.php:180
#38 \vendor\laravel\framework\src\Illuminate\Routing\Middleware\SubstituteBindings.php:50
#39 \vendor\laravel\framework\src\Illuminate\Pipeline\Pipeline.php:180
#40 \app\Http\Middleware\Authenticate.php:35
#41 \vendor\laravel\framework\src\Illuminate\Pipeline\Pipeline.php:180
#42 \vendor\laravel\framework\src\Illuminate\Foundation\Http\Middleware\VerifyCsrfToken.php:78
#43 \vendor\laravel\framework\src\Illuminate\Pipeline\Pipeline.php:180
#44 \vendor\laravel\framework\src\Illuminate\View\Middleware\ShareErrorsFromSession.php:49
#45 \vendor\laravel\framework\src\Illuminate\Pipeline\Pipeline.php:180
#46 \vendor\laravel\framework\src\Illuminate\Session\Middleware\StartSession.php:121
#47 \vendor\laravel\framework\src\Illuminate\Session\Middleware\StartSession.php:64
#48 \vendor\laravel\framework\src\Illuminate\Pipeline\Pipeline.php:180
#49 \vendor\laravel\framework\src\Illuminate\Cookie\Middleware\AddQueuedCookiesToResponse.php:37
  
[2025-07-01 20:56:04] production.INFO: Detected N+1 Query  
[2025-07-01 20:56:04] production.INFO: Model: App\Models\LivraisonInfo
Relation: App\Models\Magasin
Num-Called: 4
Call-Stack:
#18 \app\Http\Controllers\Manager\ManagerController.php:48
#19 \app\Http\Controllers\Manager\ManagerController.php:35
#20 \vendor\laravel\framework\src\Illuminate\Routing\Controller.php:54
#21 \vendor\laravel\framework\src\Illuminate\Routing\ControllerDispatcher.php:43
#22 \vendor\laravel\framework\src\Illuminate\Routing\Route.php:259
#23 \vendor\laravel\framework\src\Illuminate\Routing\Route.php:205
#24 \vendor\laravel\framework\src\Illuminate\Routing\Router.php:798
#25 \vendor\laravel\framework\src\Illuminate\Pipeline\Pipeline.php:141
#26 \app\Http\Middleware\Manager.php:20
#27 \vendor\laravel\framework\src\Illuminate\Pipeline\Pipeline.php:180
#28 \app\Http\Middleware\CheckStatus.php:22
#29 \vendor\laravel\framework\src\Illuminate\Pipeline\Pipeline.php:180
#30 \app\Http\Middleware\MaintenanceMode.php:25
#31 \vendor\laravel\framework\src\Illuminate\Pipeline\Pipeline.php:180
#32 \vendor\laravel\framework\src\Illuminate\Routing\Middleware\SubstituteBindings.php:50
#33 \vendor\laravel\framework\src\Illuminate\Pipeline\Pipeline.php:180
#34 \app\Http\Middleware\Authenticate.php:35
#35 \vendor\laravel\framework\src\Illuminate\Pipeline\Pipeline.php:180
#36 \vendor\laravel\framework\src\Illuminate\Foundation\Http\Middleware\VerifyCsrfToken.php:78
#37 \vendor\laravel\framework\src\Illuminate\Pipeline\Pipeline.php:180
#38 \vendor\laravel\framework\src\Illuminate\View\Middleware\ShareErrorsFromSession.php:49
#39 \vendor\laravel\framework\src\Illuminate\Pipeline\Pipeline.php:180
#40 \vendor\laravel\framework\src\Illuminate\Session\Middleware\StartSession.php:121
#41 \vendor\laravel\framework\src\Illuminate\Session\Middleware\StartSession.php:64
#42 \vendor\laravel\framework\src\Illuminate\Pipeline\Pipeline.php:180
#43 \vendor\laravel\framework\src\Illuminate\Cookie\Middleware\AddQueuedCookiesToResponse.php:37
#44 \vendor\laravel\framework\src\Illuminate\Pipeline\Pipeline.php:180
#45 \vendor\laravel\framework\src\Illuminate\Cookie\Middleware\EncryptCookies.php:67
#46 \vendor\laravel\framework\src\Illuminate\Pipeline\Pipeline.php:180
#47 \vendor\laramin\utility\src\Utility.php:14
#48 \vendor\laravel\framework\src\Illuminate\Pipeline\Pipeline.php:180
#49 \vendor\laravel\framework\src\Illuminate\Pipeline\Pipeline.php:116
  
[2025-07-01 21:02:33] production.INFO: Detected N+1 Query  
[2025-07-01 21:02:33] production.INFO: Model: App\Models\LivraisonInfo
Relation: App\Models\Magasin
Num-Called: 2
Call-Stack:
#18 \app\Http\Controllers\Manager\LivraisonController.php:379
#19 \vendor\laravel\framework\src\Illuminate\Routing\Controller.php:54
#20 \vendor\laravel\framework\src\Illuminate\Routing\ControllerDispatcher.php:43
#21 \vendor\laravel\framework\src\Illuminate\Routing\Route.php:259
#22 \vendor\laravel\framework\src\Illuminate\Routing\Route.php:205
#23 \vendor\laravel\framework\src\Illuminate\Routing\Router.php:798
#24 \vendor\laravel\framework\src\Illuminate\Pipeline\Pipeline.php:141
#25 \app\Http\Middleware\Manager.php:20
#26 \vendor\laravel\framework\src\Illuminate\Pipeline\Pipeline.php:180
#27 \app\Http\Middleware\CheckStatus.php:22
#28 \vendor\laravel\framework\src\Illuminate\Pipeline\Pipeline.php:180
#29 \app\Http\Middleware\MaintenanceMode.php:25
#30 \vendor\laravel\framework\src\Illuminate\Pipeline\Pipeline.php:180
#31 \vendor\laravel\framework\src\Illuminate\Routing\Middleware\SubstituteBindings.php:50
#32 \vendor\laravel\framework\src\Illuminate\Pipeline\Pipeline.php:180
#33 \app\Http\Middleware\Authenticate.php:35
#34 \vendor\laravel\framework\src\Illuminate\Pipeline\Pipeline.php:180
#35 \vendor\laravel\framework\src\Illuminate\Foundation\Http\Middleware\VerifyCsrfToken.php:78
#36 \vendor\laravel\framework\src\Illuminate\Pipeline\Pipeline.php:180
#37 \vendor\laravel\framework\src\Illuminate\View\Middleware\ShareErrorsFromSession.php:49
#38 \vendor\laravel\framework\src\Illuminate\Pipeline\Pipeline.php:180
#39 \vendor\laravel\framework\src\Illuminate\Session\Middleware\StartSession.php:121
#40 \vendor\laravel\framework\src\Illuminate\Session\Middleware\StartSession.php:64
#41 \vendor\laravel\framework\src\Illuminate\Pipeline\Pipeline.php:180
#42 \vendor\laravel\framework\src\Illuminate\Cookie\Middleware\AddQueuedCookiesToResponse.php:37
#43 \vendor\laravel\framework\src\Illuminate\Pipeline\Pipeline.php:180
#44 \vendor\laravel\framework\src\Illuminate\Cookie\Middleware\EncryptCookies.php:67
#45 \vendor\laravel\framework\src\Illuminate\Pipeline\Pipeline.php:180
#46 \vendor\laramin\utility\src\Utility.php:14
#47 \vendor\laravel\framework\src\Illuminate\Pipeline\Pipeline.php:180
#48 \vendor\laravel\framework\src\Illuminate\Pipeline\Pipeline.php:116
#49 \vendor\laravel\framework\src\Illuminate\Routing\Router.php:797
  
[2025-07-01 21:02:33] production.INFO: Model: App\Models\LivraisonInfo
Relation: App\Models\LivraisonPayment
Num-Called: 2
Call-Stack:
#18 \app\Http\Controllers\Manager\LivraisonController.php:379
#19 \vendor\laravel\framework\src\Illuminate\Routing\Controller.php:54
#20 \vendor\laravel\framework\src\Illuminate\Routing\ControllerDispatcher.php:43
#21 \vendor\laravel\framework\src\Illuminate\Routing\Route.php:259
#22 \vendor\laravel\framework\src\Illuminate\Routing\Route.php:205
#23 \vendor\laravel\framework\src\Illuminate\Routing\Router.php:798
#24 \vendor\laravel\framework\src\Illuminate\Pipeline\Pipeline.php:141
#25 \app\Http\Middleware\Manager.php:20
#26 \vendor\laravel\framework\src\Illuminate\Pipeline\Pipeline.php:180
#27 \app\Http\Middleware\CheckStatus.php:22
#28 \vendor\laravel\framework\src\Illuminate\Pipeline\Pipeline.php:180
#29 \app\Http\Middleware\MaintenanceMode.php:25
#30 \vendor\laravel\framework\src\Illuminate\Pipeline\Pipeline.php:180
#31 \vendor\laravel\framework\src\Illuminate\Routing\Middleware\SubstituteBindings.php:50
#32 \vendor\laravel\framework\src\Illuminate\Pipeline\Pipeline.php:180
#33 \app\Http\Middleware\Authenticate.php:35
#34 \vendor\laravel\framework\src\Illuminate\Pipeline\Pipeline.php:180
#35 \vendor\laravel\framework\src\Illuminate\Foundation\Http\Middleware\VerifyCsrfToken.php:78
#36 \vendor\laravel\framework\src\Illuminate\Pipeline\Pipeline.php:180
#37 \vendor\laravel\framework\src\Illuminate\View\Middleware\ShareErrorsFromSession.php:49
#38 \vendor\laravel\framework\src\Illuminate\Pipeline\Pipeline.php:180
#39 \vendor\laravel\framework\src\Illuminate\Session\Middleware\StartSession.php:121
#40 \vendor\laravel\framework\src\Illuminate\Session\Middleware\StartSession.php:64
#41 \vendor\laravel\framework\src\Illuminate\Pipeline\Pipeline.php:180
#42 \vendor\laravel\framework\src\Illuminate\Cookie\Middleware\AddQueuedCookiesToResponse.php:37
#43 \vendor\laravel\framework\src\Illuminate\Pipeline\Pipeline.php:180
#44 \vendor\laravel\framework\src\Illuminate\Cookie\Middleware\EncryptCookies.php:67
#45 \vendor\laravel\framework\src\Illuminate\Pipeline\Pipeline.php:180
#46 \vendor\laramin\utility\src\Utility.php:14
#47 \vendor\laravel\framework\src\Illuminate\Pipeline\Pipeline.php:180
#48 \vendor\laravel\framework\src\Illuminate\Pipeline\Pipeline.php:116
#49 \vendor\laravel\framework\src\Illuminate\Routing\Router.php:797
  
[2025-07-01 21:13:50] production.INFO: Detected N+1 Query  
[2025-07-01 21:13:50] production.INFO: Model: App\Models\LivraisonInfo
Relation: App\Models\Magasin
Num-Called: 2
Call-Stack:
#18 \app\Http\Controllers\Manager\LivraisonController.php:379
#19 \vendor\laravel\framework\src\Illuminate\Routing\Controller.php:54
#20 \vendor\laravel\framework\src\Illuminate\Routing\ControllerDispatcher.php:43
#21 \vendor\laravel\framework\src\Illuminate\Routing\Route.php:259
#22 \vendor\laravel\framework\src\Illuminate\Routing\Route.php:205
#23 \vendor\laravel\framework\src\Illuminate\Routing\Router.php:798
#24 \vendor\laravel\framework\src\Illuminate\Pipeline\Pipeline.php:141
#25 \app\Http\Middleware\Manager.php:20
#26 \vendor\laravel\framework\src\Illuminate\Pipeline\Pipeline.php:180
#27 \app\Http\Middleware\CheckStatus.php:22
#28 \vendor\laravel\framework\src\Illuminate\Pipeline\Pipeline.php:180
#29 \app\Http\Middleware\MaintenanceMode.php:25
#30 \vendor\laravel\framework\src\Illuminate\Pipeline\Pipeline.php:180
#31 \vendor\laravel\framework\src\Illuminate\Routing\Middleware\SubstituteBindings.php:50
#32 \vendor\laravel\framework\src\Illuminate\Pipeline\Pipeline.php:180
#33 \app\Http\Middleware\Authenticate.php:35
#34 \vendor\laravel\framework\src\Illuminate\Pipeline\Pipeline.php:180
#35 \vendor\laravel\framework\src\Illuminate\Foundation\Http\Middleware\VerifyCsrfToken.php:78
#36 \vendor\laravel\framework\src\Illuminate\Pipeline\Pipeline.php:180
#37 \vendor\laravel\framework\src\Illuminate\View\Middleware\ShareErrorsFromSession.php:49
#38 \vendor\laravel\framework\src\Illuminate\Pipeline\Pipeline.php:180
#39 \vendor\laravel\framework\src\Illuminate\Session\Middleware\StartSession.php:121
#40 \vendor\laravel\framework\src\Illuminate\Session\Middleware\StartSession.php:64
#41 \vendor\laravel\framework\src\Illuminate\Pipeline\Pipeline.php:180
#42 \vendor\laravel\framework\src\Illuminate\Cookie\Middleware\AddQueuedCookiesToResponse.php:37
#43 \vendor\laravel\framework\src\Illuminate\Pipeline\Pipeline.php:180
#44 \vendor\laravel\framework\src\Illuminate\Cookie\Middleware\EncryptCookies.php:67
#45 \vendor\laravel\framework\src\Illuminate\Pipeline\Pipeline.php:180
#46 \vendor\laramin\utility\src\Utility.php:14
#47 \vendor\laravel\framework\src\Illuminate\Pipeline\Pipeline.php:180
#48 \vendor\laravel\framework\src\Illuminate\Pipeline\Pipeline.php:116
#49 \vendor\laravel\framework\src\Illuminate\Routing\Router.php:797
  
[2025-07-01 21:13:50] production.INFO: Model: App\Models\LivraisonInfo
Relation: App\Models\LivraisonPayment
Num-Called: 2
Call-Stack:
#18 \app\Http\Controllers\Manager\LivraisonController.php:379
#19 \vendor\laravel\framework\src\Illuminate\Routing\Controller.php:54
#20 \vendor\laravel\framework\src\Illuminate\Routing\ControllerDispatcher.php:43
#21 \vendor\laravel\framework\src\Illuminate\Routing\Route.php:259
#22 \vendor\laravel\framework\src\Illuminate\Routing\Route.php:205
#23 \vendor\laravel\framework\src\Illuminate\Routing\Router.php:798
#24 \vendor\laravel\framework\src\Illuminate\Pipeline\Pipeline.php:141
#25 \app\Http\Middleware\Manager.php:20
#26 \vendor\laravel\framework\src\Illuminate\Pipeline\Pipeline.php:180
#27 \app\Http\Middleware\CheckStatus.php:22
#28 \vendor\laravel\framework\src\Illuminate\Pipeline\Pipeline.php:180
#29 \app\Http\Middleware\MaintenanceMode.php:25
#30 \vendor\laravel\framework\src\Illuminate\Pipeline\Pipeline.php:180
#31 \vendor\laravel\framework\src\Illuminate\Routing\Middleware\SubstituteBindings.php:50
#32 \vendor\laravel\framework\src\Illuminate\Pipeline\Pipeline.php:180
#33 \app\Http\Middleware\Authenticate.php:35
#34 \vendor\laravel\framework\src\Illuminate\Pipeline\Pipeline.php:180
#35 \vendor\laravel\framework\src\Illuminate\Foundation\Http\Middleware\VerifyCsrfToken.php:78
#36 \vendor\laravel\framework\src\Illuminate\Pipeline\Pipeline.php:180
#37 \vendor\laravel\framework\src\Illuminate\View\Middleware\ShareErrorsFromSession.php:49
#38 \vendor\laravel\framework\src\Illuminate\Pipeline\Pipeline.php:180
#39 \vendor\laravel\framework\src\Illuminate\Session\Middleware\StartSession.php:121
#40 \vendor\laravel\framework\src\Illuminate\Session\Middleware\StartSession.php:64
#41 \vendor\laravel\framework\src\Illuminate\Pipeline\Pipeline.php:180
#42 \vendor\laravel\framework\src\Illuminate\Cookie\Middleware\AddQueuedCookiesToResponse.php:37
#43 \vendor\laravel\framework\src\Illuminate\Pipeline\Pipeline.php:180
#44 \vendor\laravel\framework\src\Illuminate\Cookie\Middleware\EncryptCookies.php:67
#45 \vendor\laravel\framework\src\Illuminate\Pipeline\Pipeline.php:180
#46 \vendor\laramin\utility\src\Utility.php:14
#47 \vendor\laravel\framework\src\Illuminate\Pipeline\Pipeline.php:180
#48 \vendor\laravel\framework\src\Illuminate\Pipeline\Pipeline.php:116
#49 \vendor\laravel\framework\src\Illuminate\Routing\Router.php:797
  
[2025-07-01 21:19:21] production.INFO: Detected N+1 Query  
[2025-07-01 21:19:21] production.INFO: Model: App\Models\LivraisonInfo
Relation: App\Models\Magasin
Num-Called: 2
Call-Stack:
#18 \app\Http\Controllers\Manager\LivraisonController.php:379
#19 \vendor\laravel\framework\src\Illuminate\Routing\Controller.php:54
#20 \vendor\laravel\framework\src\Illuminate\Routing\ControllerDispatcher.php:43
#21 \vendor\laravel\framework\src\Illuminate\Routing\Route.php:259
#22 \vendor\laravel\framework\src\Illuminate\Routing\Route.php:205
#23 \vendor\laravel\framework\src\Illuminate\Routing\Router.php:798
#24 \vendor\laravel\framework\src\Illuminate\Pipeline\Pipeline.php:141
#25 \app\Http\Middleware\Manager.php:20
#26 \vendor\laravel\framework\src\Illuminate\Pipeline\Pipeline.php:180
#27 \app\Http\Middleware\CheckStatus.php:22
#28 \vendor\laravel\framework\src\Illuminate\Pipeline\Pipeline.php:180
#29 \app\Http\Middleware\MaintenanceMode.php:25
#30 \vendor\laravel\framework\src\Illuminate\Pipeline\Pipeline.php:180
#31 \vendor\laravel\framework\src\Illuminate\Routing\Middleware\SubstituteBindings.php:50
#32 \vendor\laravel\framework\src\Illuminate\Pipeline\Pipeline.php:180
#33 \app\Http\Middleware\Authenticate.php:35
#34 \vendor\laravel\framework\src\Illuminate\Pipeline\Pipeline.php:180
#35 \vendor\laravel\framework\src\Illuminate\Foundation\Http\Middleware\VerifyCsrfToken.php:78
#36 \vendor\laravel\framework\src\Illuminate\Pipeline\Pipeline.php:180
#37 \vendor\laravel\framework\src\Illuminate\View\Middleware\ShareErrorsFromSession.php:49
#38 \vendor\laravel\framework\src\Illuminate\Pipeline\Pipeline.php:180
#39 \vendor\laravel\framework\src\Illuminate\Session\Middleware\StartSession.php:121
#40 \vendor\laravel\framework\src\Illuminate\Session\Middleware\StartSession.php:64
#41 \vendor\laravel\framework\src\Illuminate\Pipeline\Pipeline.php:180
#42 \vendor\laravel\framework\src\Illuminate\Cookie\Middleware\AddQueuedCookiesToResponse.php:37
#43 \vendor\laravel\framework\src\Illuminate\Pipeline\Pipeline.php:180
#44 \vendor\laravel\framework\src\Illuminate\Cookie\Middleware\EncryptCookies.php:67
#45 \vendor\laravel\framework\src\Illuminate\Pipeline\Pipeline.php:180
#46 \vendor\laramin\utility\src\Utility.php:14
#47 \vendor\laravel\framework\src\Illuminate\Pipeline\Pipeline.php:180
#48 \vendor\laravel\framework\src\Illuminate\Pipeline\Pipeline.php:116
#49 \vendor\laravel\framework\src\Illuminate\Routing\Router.php:797
  
[2025-07-01 21:19:21] production.INFO: Model: App\Models\LivraisonInfo
Relation: App\Models\LivraisonPayment
Num-Called: 2
Call-Stack:
#18 \app\Http\Controllers\Manager\LivraisonController.php:379
#19 \vendor\laravel\framework\src\Illuminate\Routing\Controller.php:54
#20 \vendor\laravel\framework\src\Illuminate\Routing\ControllerDispatcher.php:43
#21 \vendor\laravel\framework\src\Illuminate\Routing\Route.php:259
#22 \vendor\laravel\framework\src\Illuminate\Routing\Route.php:205
#23 \vendor\laravel\framework\src\Illuminate\Routing\Router.php:798
#24 \vendor\laravel\framework\src\Illuminate\Pipeline\Pipeline.php:141
#25 \app\Http\Middleware\Manager.php:20
#26 \vendor\laravel\framework\src\Illuminate\Pipeline\Pipeline.php:180
#27 \app\Http\Middleware\CheckStatus.php:22
#28 \vendor\laravel\framework\src\Illuminate\Pipeline\Pipeline.php:180
#29 \app\Http\Middleware\MaintenanceMode.php:25
#30 \vendor\laravel\framework\src\Illuminate\Pipeline\Pipeline.php:180
#31 \vendor\laravel\framework\src\Illuminate\Routing\Middleware\SubstituteBindings.php:50
#32 \vendor\laravel\framework\src\Illuminate\Pipeline\Pipeline.php:180
#33 \app\Http\Middleware\Authenticate.php:35
#34 \vendor\laravel\framework\src\Illuminate\Pipeline\Pipeline.php:180
#35 \vendor\laravel\framework\src\Illuminate\Foundation\Http\Middleware\VerifyCsrfToken.php:78
#36 \vendor\laravel\framework\src\Illuminate\Pipeline\Pipeline.php:180
#37 \vendor\laravel\framework\src\Illuminate\View\Middleware\ShareErrorsFromSession.php:49
#38 \vendor\laravel\framework\src\Illuminate\Pipeline\Pipeline.php:180
#39 \vendor\laravel\framework\src\Illuminate\Session\Middleware\StartSession.php:121
#40 \vendor\laravel\framework\src\Illuminate\Session\Middleware\StartSession.php:64
#41 \vendor\laravel\framework\src\Illuminate\Pipeline\Pipeline.php:180
#42 \vendor\laravel\framework\src\Illuminate\Cookie\Middleware\AddQueuedCookiesToResponse.php:37
#43 \vendor\laravel\framework\src\Illuminate\Pipeline\Pipeline.php:180
#44 \vendor\laravel\framework\src\Illuminate\Cookie\Middleware\EncryptCookies.php:67
#45 \vendor\laravel\framework\src\Illuminate\Pipeline\Pipeline.php:180
#46 \vendor\laramin\utility\src\Utility.php:14
#47 \vendor\laravel\framework\src\Illuminate\Pipeline\Pipeline.php:180
#48 \vendor\laravel\framework\src\Illuminate\Pipeline\Pipeline.php:116
#49 \vendor\laravel\framework\src\Illuminate\Routing\Router.php:797
  
[2025-07-01 21:52:15] production.INFO: Detected N+1 Query  
[2025-07-01 21:52:15] production.INFO: Model: App\Models\LivraisonInfo
Relation: App\Models\LivraisonPayment
Num-Called: 2
Call-Stack:
#18 \app\Http\Controllers\Manager\LivraisonController.php:379
#19 \vendor\laravel\framework\src\Illuminate\Routing\Controller.php:54
#20 \vendor\laravel\framework\src\Illuminate\Routing\ControllerDispatcher.php:43
#21 \vendor\laravel\framework\src\Illuminate\Routing\Route.php:259
#22 \vendor\laravel\framework\src\Illuminate\Routing\Route.php:205
#23 \vendor\laravel\framework\src\Illuminate\Routing\Router.php:798
#24 \vendor\laravel\framework\src\Illuminate\Pipeline\Pipeline.php:141
#25 \app\Http\Middleware\Manager.php:20
#26 \vendor\laravel\framework\src\Illuminate\Pipeline\Pipeline.php:180
#27 \app\Http\Middleware\CheckStatus.php:22
#28 \vendor\laravel\framework\src\Illuminate\Pipeline\Pipeline.php:180
#29 \app\Http\Middleware\MaintenanceMode.php:25
#30 \vendor\laravel\framework\src\Illuminate\Pipeline\Pipeline.php:180
#31 \vendor\laravel\framework\src\Illuminate\Routing\Middleware\SubstituteBindings.php:50
#32 \vendor\laravel\framework\src\Illuminate\Pipeline\Pipeline.php:180
#33 \app\Http\Middleware\Authenticate.php:35
#34 \vendor\laravel\framework\src\Illuminate\Pipeline\Pipeline.php:180
#35 \vendor\laravel\framework\src\Illuminate\Foundation\Http\Middleware\VerifyCsrfToken.php:78
#36 \vendor\laravel\framework\src\Illuminate\Pipeline\Pipeline.php:180
#37 \vendor\laravel\framework\src\Illuminate\View\Middleware\ShareErrorsFromSession.php:49
#38 \vendor\laravel\framework\src\Illuminate\Pipeline\Pipeline.php:180
#39 \vendor\laravel\framework\src\Illuminate\Session\Middleware\StartSession.php:121
#40 \vendor\laravel\framework\src\Illuminate\Session\Middleware\StartSession.php:64
#41 \vendor\laravel\framework\src\Illuminate\Pipeline\Pipeline.php:180
#42 \vendor\laravel\framework\src\Illuminate\Cookie\Middleware\AddQueuedCookiesToResponse.php:37
#43 \vendor\laravel\framework\src\Illuminate\Pipeline\Pipeline.php:180
#44 \vendor\laravel\framework\src\Illuminate\Cookie\Middleware\EncryptCookies.php:67
#45 \vendor\laravel\framework\src\Illuminate\Pipeline\Pipeline.php:180
#46 \vendor\laramin\utility\src\Utility.php:14
#47 \vendor\laravel\framework\src\Illuminate\Pipeline\Pipeline.php:180
#48 \vendor\laravel\framework\src\Illuminate\Pipeline\Pipeline.php:116
#49 \vendor\laravel\framework\src\Illuminate\Routing\Router.php:797
  
[2025-07-01 21:52:15] production.INFO: Model: App\Models\LivraisonInfo
Relation: receiverClient
Num-Called: 3
Call-Stack:
#19 \storage\framework\views\c83bffe0beadbcdee19a3637ff571b3fb5247ee4.php:76
#21 \vendor\laravel\framework\src\Illuminate\Filesystem\Filesystem.php:110
#22 \vendor\laravel\framework\src\Illuminate\View\Engines\PhpEngine.php:58
#23 \vendor\laravel\framework\src\Illuminate\View\Engines\CompilerEngine.php:70
#24 \vendor\laravel\framework\src\Illuminate\View\View.php:195
#25 \vendor\laravel\framework\src\Illuminate\View\View.php:178
#26 \vendor\laravel\framework\src\Illuminate\View\View.php:147
#27 \vendor\laravel\framework\src\Illuminate\Http\Response.php:69
#28 \vendor\laravel\framework\src\Illuminate\Http\Response.php:35
#29 \vendor\laravel\framework\src\Illuminate\Routing\Router.php:906
#30 \vendor\laravel\framework\src\Illuminate\Routing\Router.php:875
#31 \vendor\laravel\framework\src\Illuminate\Routing\Router.php:797
#32 \vendor\laravel\framework\src\Illuminate\Pipeline\Pipeline.php:141
#33 \app\Http\Middleware\Manager.php:20
#34 \vendor\laravel\framework\src\Illuminate\Pipeline\Pipeline.php:180
#35 \app\Http\Middleware\CheckStatus.php:22
#36 \vendor\laravel\framework\src\Illuminate\Pipeline\Pipeline.php:180
#37 \app\Http\Middleware\MaintenanceMode.php:25
#38 \vendor\laravel\framework\src\Illuminate\Pipeline\Pipeline.php:180
#39 \vendor\laravel\framework\src\Illuminate\Routing\Middleware\SubstituteBindings.php:50
#40 \vendor\laravel\framework\src\Illuminate\Pipeline\Pipeline.php:180
#41 \app\Http\Middleware\Authenticate.php:35
#42 \vendor\laravel\framework\src\Illuminate\Pipeline\Pipeline.php:180
#43 \vendor\laravel\framework\src\Illuminate\Foundation\Http\Middleware\VerifyCsrfToken.php:78
#44 \vendor\laravel\framework\src\Illuminate\Pipeline\Pipeline.php:180
#45 \vendor\laravel\framework\src\Illuminate\View\Middleware\ShareErrorsFromSession.php:49
#46 \vendor\laravel\framework\src\Illuminate\Pipeline\Pipeline.php:180
#47 \vendor\laravel\framework\src\Illuminate\Session\Middleware\StartSession.php:121
#48 \vendor\laravel\framework\src\Illuminate\Session\Middleware\StartSession.php:64
#49 \vendor\laravel\framework\src\Illuminate\Pipeline\Pipeline.php:180
  
